{"type":"FeatureCollection", "features": [
{"type":"Feature","geometry":{"type":"LineString","coordinates":[[180,-16.153],[179.848,-16.214],[179.552,-16.25],[179.359,-16.38],[179.091,-16.437],[178.866,-16.54],[178.805,-16.631],[178.584,-16.622],[178.497,-16.788],[178.604,-16.801],[178.707,-16.976],[178.884,-16.886],[179.007,-16.9],[179.202,-16.713],[179.323,-16.718],[179.419,-16.807],[179.715,-16.744],[179.928,-16.744],[179.841,-16.537],[179.568,-16.747],[179.619,-16.528],[179.748,-16.446],[179.848,-16.302],[179.999,-16.169]]},"properties":{"scalerank":0,"featureclass":"Coastline"}},
{"type":"Feature","geometry":null,"properties":{"scalerank":0,"featureclass":"Coastline"}},
{"type":"Feature","geometry":null,"properties":{"scalerank":0,"featureclass":"Coastline"}},
{"type":"Feature","geometry":null,"properties":{"scalerank":0,"featureclass":"Coastline"}},
{"type":"Feature","geometry":null,"properties":{"scalerank":0,"featureclass":"Coastline"}},
{"type":"Feature","geometry":null,"properties":{"scalerank":0,"featureclass":"Coastline"}},
{"type":"Feature","geometry":{"type":"LineString","coordinates":[[129.569,-31.627],[128.946,-31.703],[128.546,-31.888],[128.068,-32.067],[127.678,-32.151],[127.32,-32.264],[126.779,-32.311],[126.137,-32.257],[125.917,-32.297],[125.464,-32.557],[125.267,-32.614],[124.759,-32.883],[124.373,-32.958],[124.126,-33.129],[123.868,-33.596],[123.65,-33.836],[123.507,-33.916],[123.365,-33.905],[123.208,-33.988],[123.068,-33.901],[122.778,-33.891],[122.151,-33.992],[122.061,-33.874],[121.405,-33.827],[120.815,-33.871],[120.418,-33.963],[120.209,-33.935],[119.854,-33.975],[119.635,-34.101],[119.451,-34.368],[119.248,-34.456],[118.895,-34.48],[118.136,-34.987],[117.582,-35.098],[117.144,-35.034],[116.517,-34.988],[115.987,-34.795],[115.726,-34.526],[115.278,-34.304],[115.128,-34.342],[115.009,-34.256],[114.973,-34.051],[114.994,-33.515],[115.182,-33.643],[115.359,-33.64],[115.515,-33.531],[115.683,-33.193],[115.619,-32.667],[115.708,-32.568],[115.738,-31.888],[115.698,-31.695],[115.455,-31.303],[115.294,-30.962],[115.177,-30.808],[115.078,-30.56],[114.995,-30.216],[114.942,-29.722],[114.959,-29.434],[114.857,-29.143],[114.628,-28.872],[114.537,-28.543],[114.165,-28.081],[114.133,-27.976],[114.098,-27.544],[114.028,-27.347],[113.709,-26.848],[113.333,-26.417],[113.231,-26.241],[113.389,-26.106],[113.582,-26.558],[113.734,-26.595],[113.836,-26.501],[113.853,-26.332],[113.589,-26.099],[113.513,-25.898],[113.395,-25.713],[113.539,-25.625],[113.713,-25.831],[113.692,-26.092],[113.766,-26.16],[113.88,-26.028],[113.942,-26.259],[114.09,-26.394],[114.216,-26.289],[114.214,-25.852],[113.993,-25.545],[113.671,-24.977],[113.569,-24.693],[113.418,-24.436],[113.421,-24.132],[113.553,-23.733],[113.757,-23.418],[113.795,-23.024],[113.768,-22.813],[113.683,-22.638],[113.958,-21.939],[114.143,-21.91],[114.093,-22.181],[114.164,-22.323],[114.142,-22.483],[114.304,-22.425],[114.378,-22.342],[114.603,-21.942],[114.859,-21.736],[115.162,-21.631],[115.456,-21.492],[116.011,-21.03],[116.707,-20.654],[117.139,-20.641],[117.406,-20.721],[117.684,-20.643],[118.199,-20.375],[118.751,-20.262],[119.104,-19.995],[119.586,-20.038],[119.768,-19.958],[120.196,-19.909],[120.434,-19.842],[120.878,-19.665],[121.18,-19.478],[121.338,-19.32],[121.494,-19.106],[121.631,-18.817],[121.834,-18.477],[122.006,-18.394],[122.361,-18.037],[122.237,-17.969],[122.147,-17.549],[122.16,-17.314],[122.261,-17.136],[122.432,-16.97],[122.72,-16.788],[122.917,-16.433],[122.971,-16.437],[123.142,-16.863],[123.266,-17.037],[123.383,-17.293],[123.525,-17.486],[123.608,-17.22],[123.586,-17.083],[123.664,-17.023],[123.799,-17.127],[123.874,-16.919],[123.778,-16.868],[123.49,-16.491],[123.581,-16.471],[123.646,-16.343],[123.607,-16.224],[123.729,-16.192],[123.859,-16.382],[123.961,-16.287],[124.13,-16.279],[124.3,-16.388],[124.454,-16.335],[124.388,-16.203],[124.435,-16.104],[124.577,-16.114],[124.382,-15.758],[124.44,-15.494],[124.562,-15.496],[124.75,-15.285],[125.063,-15.442],[125.073,-15.307],[124.909,-15.31],[124.839,-15.161],[125.024,-15.024],[125.189,-15.045],[125.356,-15.12],[125.384,-15.016],[125.243,-14.945],[125.179,-14.715],[125.335,-14.558],[125.436,-14.557],[125.681,-14.388],[125.82,-14.469],[125.85,-14.597],[126.021,-14.495],[126.017,-14.371],[126.111,-14.114],[126.258,-14.164],[126.403,-14.019],[126.57,-14.161],[126.781,-13.955],[126.776,-13.788],[126.903,-13.744],[127.099,-13.867],[127.293,-13.935],[127.673,-14.195],[127.888,-14.485],[128.199,-14.752],[128.175,-15.043],[128.477,-14.788],[128.636,-14.781],[129.058,-14.884],[129.238,-15.08],[129.268,-14.871],[129.459,-14.933],[129.567,-15.047],[129.637,-14.851],[129.754,-14.79],[129.605,-14.647],[129.608,-14.56],[129.379,-14.392],[129.459,-14.213],[129.71,-13.98],[129.839,-13.573],[129.938,-13.502],[130.136,-13.448],[130.26,-13.302],[130.135,-13.146],[130.168,-12.957],[130.318,-12.883],[130.4,-12.688],[130.617,-12.647],[130.61,-12.491],[130.672,-12.407],[130.867,-12.558],[130.874,-12.367],[131.023,-12.343],[131.046,-12.19],[131.22,-12.178],[131.438,-12.277],[131.726,-12.278],[131.888,-12.232],[132.064,-12.281],[132.253,-12.186],[132.372,-12.239],[132.584,-12.11],[132.63,-12.035],[132.63,-11.836],[132.674,-11.649],[132.475,-11.492],[132.278,-11.468],[132.134,-11.501],[131.812,-11.271],[131.962,-11.181],[132.198,-11.305],[132.263,-11.204],[132.557,-11.367],[132.683,-11.506],[132.857,-11.391],[133.025,-11.453],[133.185,-11.706],[133.356,-11.728],[133.533,-11.816],[133.904,-11.832],[134.237,-12.008],[134.538,-12.061],[134.73,-11.984],[134.855,-12.103],[135.03,-12.194],[135.218,-12.222],[135.352,-12.129],[135.549,-12.061],[135.788,-11.907],[135.889,-11.993],[135.703,-12.152],[135.744,-12.242],[135.938,-12.152],[136.008,-12.191],[136.082,-12.422],[136.261,-12.434],[136.329,-12.306],[136.27,-12.132],[136.443,-11.951],[136.54,-11.958],[136.61,-12.134],[136.719,-12.226],[136.897,-12.244],[136.947,-12.35],[136.537,-12.784],[136.594,-13.004],[136.461,-13.225],[136.294,-13.138],[135.927,-13.304],[135.929,-13.622],[135.99,-13.81],[135.883,-14.153],[135.745,-14.287],[135.405,-14.758],[135.453,-14.923],[135.531,-15],[135.833,-15.16],[136.205,-15.403],[136.291,-15.57],[136.584,-15.707],[136.705,-15.685],[136.698,-15.835],[136.785,-15.894],[137.002,-15.878],[137.299,-16.066],[137.704,-16.233],[137.913,-16.477],[138.245,-16.718],[138.506,-16.79],[138.626,-16.778],[139.01,-16.899],[139.11,-17.014],[139.248,-17.329],[139.441,-17.381],[139.69,-17.541],[139.895,-17.611],[140.036,-17.703],[140.21,-17.704],[140.511,-17.625],[140.83,-17.414],[140.966,-17.015],[141.219,-16.646],[141.412,-16.07],[141.393,-15.905],[141.452,-15.605],[141.625,-15.057],[141.523,-14.47],[141.594,-14.153],[141.481,-13.927],[141.473,-13.798],[141.534,-13.554],[141.645,-13.259],[141.614,-12.943],[141.782,-12.779],[141.93,-12.74],[141.852,-12.579],[141.678,-12.491],[141.689,-12.351],[141.806,-12.08],[141.952,-11.896],[142.139,-11.273],[142.168,-10.947],[142.326,-10.884],[142.456,-10.707],[142.605,-10.748],[142.553,-10.874],[142.723,-11.01],[142.837,-11.307],[142.873,-11.821],[142.988,-11.919],[143.179,-11.954],[143.105,-12.17],[143.11,-12.304],[143.254,-12.398],[143.402,-12.64],[143.512,-13.095],[143.529,-13.304],[143.587,-13.444],[143.548,-13.741],[143.643,-13.964],[143.756,-14.349],[143.962,-14.463],[144.21,-14.302],[144.473,-14.232],[144.648,-14.492],[145.288,-14.943],[145.252,-15.097],[145.293,-15.327],[145.272,-15.477],[145.375,-15.881],[145.458,-16.056],[145.426,-16.406],[145.55,-16.625],[145.755,-16.879],[145.912,-16.912],[145.902,-17.07],[146.05,-17.381],[146.126,-17.635],[146.032,-18.273],[146.223,-18.51],[146.333,-18.554],[146.297,-18.841],[146.481,-19.079],[146.829,-19.236],[147.003,-19.256],[147.139,-19.393],[147.419,-19.378],[147.586,-19.623],[147.742,-19.77],[147.916,-19.869],[148.081,-19.899],[148.367,-20.087],[148.6,-20.145],[148.759,-20.29],[148.885,-20.481],[148.73,-20.468],[148.684,-20.58],[148.789,-20.736],[149.061,-20.961],[149.205,-21.125],[149.329,-21.476],[149.454,-21.579],[149.46,-21.765],[149.596,-22.258],[149.704,-22.441],[149.942,-22.308],[150.076,-22.164],[150.235,-22.373],[150.541,-22.559],[150.569,-22.384],[150.672,-22.418],[150.764,-22.576],[150.783,-23.177],[150.843,-23.458],[151.236,-23.825],[151.501,-24.012],[151.691,-24.038],[151.903,-24.201],[152.13,-24.598],[152.456,-24.802],[152.502,-24.964],[152.654,-25.202],[152.789,-25.274],[152.913,-25.432],[152.921,-25.689],[153.028,-25.87],[153.165,-25.964],[153.084,-26.304],[153.162,-26.983],[153.117,-27.194],[153.198,-27.405],[153.386,-27.769],[153.455,-28.048],[153.576,-28.241],[153.569,-28.533],[153.617,-28.673],[153.605,-28.854],[153.462,-29.05],[153.348,-29.29],[153.347,-29.497],[153.272,-29.892],[153.031,-30.563],[153.048,-30.907],[152.944,-31.435],[152.786,-31.786],[152.559,-32.046],[152.545,-32.243],[152.47,-32.439],[152.247,-32.609],[152.164,-32.757],[151.813,-32.901],[151.484,-33.347],[151.432,-33.522],[151.292,-33.581],[151.323,-33.699],[151.232,-34.03],[150.96,-34.297],[150.871,-34.499],[150.781,-34.892],[150.697,-35.042],[150.69,-35.178],[150.567,-35.214],[150.374,-35.584],[150.195,-35.834],[150.063,-36.55],[149.96,-36.846],[149.986,-37.258],[149.933,-37.529],[149.809,-37.548],[149.565,-37.73],[149.298,-37.802],[148.944,-37.788],[148.263,-37.831],[147.877,-37.934],[147.631,-38.056],[147.396,-38.219],[146.857,-38.663],[146.436,-38.712],[146.216,-38.783],[146.337,-38.894],[146.467,-38.84],[146.484,-39.065],[146.4,-39.146],[146.158,-38.866],[145.935,-38.902],[145.791,-38.667],[145.606,-38.657],[145.397,-38.535],[145.542,-38.394],[145.476,-38.244],[145.293,-38.238],[145.191,-38.384],[144.96,-38.501],[144.911,-38.344],[145.12,-38.091],[144.891,-37.9],[144.538,-38.077],[144.665,-38.21],[144.102,-38.462],[143.812,-38.699],[143.539,-38.821],[143.226,-38.743],[143.083,-38.646],[142.84,-38.581],[142.612,-38.452],[142.345,-38.372],[142.188,-38.399],[141.925,-38.284],[141.725,-38.271],[141.594,-38.388],[141.424,-38.363],[141.214,-38.172],[141.011,-38.077],[140.627,-38.028],[140.39,-37.897],[140.212,-37.642],[139.784,-37.246],[139.738,-37.06],[139.857,-36.662],[139.729,-36.371],[139.549,-36.097],[139.245,-35.827],[139.038,-35.689],[139.178,-35.523],[139.325,-35.427],[139.193,-35.347],[138.915,-35.489],[138.522,-35.642],[138.184,-35.613],[138.4,-35.326],[138.511,-35.024],[138.49,-34.764],[138.089,-34.17],[137.919,-34.456],[137.874,-34.727],[137.692,-35.143],[137.46,-35.131],[137.144,-35.236],[136.884,-35.24],[137.014,-34.916],[137.391,-34.913],[137.493,-34.598],[137.459,-34.379],[137.494,-34.161],[137.65,-33.859],[137.932,-33.579],[137.852,-33.201],[137.993,-33.094],[137.913,-32.771],[137.791,-32.823],[137.68,-32.978],[137.442,-33.194],[137.354,-33.43],[137.237,-33.629],[136.636,-33.897],[136.431,-34.03],[136.121,-34.429],[135.891,-34.661],[135.999,-34.944],[135.792,-34.863],[135.648,-34.94],[135.481,-34.758],[135.231,-34.58],[135.45,-34.581],[135.185,-33.907],[134.889,-33.626],[134.791,-33.328],[134.608,-33.19],[134.301,-33.165],[134.174,-32.979],[134.1,-32.749],[134.227,-32.731],[134.234,-32.549],[133.93,-32.412],[133.787,-32.269],[133.551,-32.183],[133.212,-32.184],[132.757,-31.956],[132.649,-31.949],[132.324,-32.02],[132.215,-32.007],[131.721,-31.696],[131.393,-31.549],[131.144,-31.496],[130.783,-31.604],[130.13,-31.579],[129.569,-31.627]]},"properties":{"scalerank":0,"featureclass":"Coastline"}},
{"type":"Feature","geometry":{"type":"LineString","coordinates":[[178.575,-17.749],[178.592,-17.651],[178.28,-17.416],[178.188,-17.313],[177.94,-17.395],[177.818,-17.388],[177.618,-17.461],[177.401,-17.632],[177.423,-17.737],[177.264,-17.863],[177.321,-18.078],[177.457,-18.148],[177.847,-18.255],[178.16,-18.25],[178.332,-18.135],[178.668,-18.081],[178.575,-17.749]]},"properties":{"scalerank":0,"featureclass":"Coastline"}},
{"type":"Feature","geometry":{"type":"LineString","coordinates":[[166.942,-22.09],[166.69,-21.953],[166.303,-21.637],[165.663,-21.267],[165.447,-21.081],[165.381,-20.936],[165.192,-20.769],[164.976,-20.681],[164.436,-20.282],[164.315,-20.309],[164.06,-20.142],[164.037,-20.234],[164.158,-20.348],[164.17,-20.48],[164.455,-20.829],[164.656,-20.992],[164.927,-21.29],[165.242,-21.525],[165.744,-21.777],[165.823,-21.854],[166.096,-21.957],[166.177,-22.089],[166.774,-22.376],[166.97,-22.323],[166.942,-22.09]]},"properties":{"scalerank":0,"featureclass":"Coastline"}},
{"type":"Feature","geometry":{"type":"LineString","coordinates":[[127.687,-0.08],[127.709,0.288],[127.555,0.49],[127.542,0.681],[127.608,0.848],[127.52,0.924],[127.429,1.14],[127.42,1.252],[127.537,1.467],[127.535,1.572],[127.632,1.844],[127.9,2.137],[128.031,2.12],[127.907,1.946],[127.887,1.833],[128.011,1.701],[128.012,1.332],[127.885,1.163],[127.653,1.014],[127.733,0.848],[127.881,0.832],[127.967,1.043],[128.161,1.158],[128.157,1.317],[128.222,1.401],[128.424,1.518],[128.688,1.573],[128.717,1.367],[128.703,1.106],[128.515,0.979],[128.299,0.877],[128.261,0.734],[128.611,0.55],[128.692,0.36],[128.54,0.338],[128.446,0.392],[127.983,0.472],[127.887,0.298],[127.889,0.05],[127.978,-0.248],[128.089,-0.485],[128.254,-0.732],[128.046,-0.706],[127.889,-0.424],[127.692,-0.242],[127.687,-0.08]]},"properties":{"scalerank":0,"featureclass":"Coastline"}},
{"type":"Feature","geometry":{"type":"LineString","coordinates":[[70.32,-49.059],[69.854,-49.222],[69.542,-49.256],[69.535,-48.974],[69.314,-49.106],[69.052,-49.082],[69.136,-48.861],[69.057,-48.656],[68.832,-48.849],[68.77,-49.066],[68.872,-49.444],[68.783,-49.651],[68.993,-49.705],[69.153,-49.53],[69.613,-49.651],[69.856,-49.544],[69.749,-49.448],[69.916,-49.349],[70.166,-49.343],[70.298,-49.425],[70.485,-49.328],[70.555,-49.201],[70.484,-49.084],[70.32,-49.059]]},"properties":{"scalerank":0,"featureclass":"Coastline"}},
{"type":"Feature","geometry":{"type":"LineString","coordinates":[[63.116,80.967],[64.096,80.998],[64.31,81.175],[64.802,81.197],[65.382,81.057],[65.437,80.931],[64.548,80.755],[63.374,80.7],[62.52,80.822],[63.116,80.967]]},"properties":{"scalerank":0,"featureclass":"Coastline"}},
{"type":"Feature","geometry":{"type":"LineString","coordinates":[[57.392,80.139],[57.075,80.494],[58.48,80.465],[58.255,80.202],[57.392,80.139]]},"properties":{"scalerank":0,"featureclass":"Coastline"}},
{"type":"Feature","geometry":{"type":"LineString","coordinates":[[-25.468,70.78],[-25.458,70.943],[-25.819,71.044],[-26.337,70.919],[-26.976,70.863],[-27.709,70.897],[-27.714,70.713],[-28.037,70.514],[-27.898,70.454],[-26.605,70.553],[-26.218,70.454],[-25.911,70.573],[-25.402,70.653],[-25.468,70.78]]},"properties":{"scalerank":0,"featureclass":"Coastline"}},
{"type":"Feature","geometry":{"type":"LineString","coordinates":[[160.682,-9.692],[160.625,-9.589],[160.355,-9.422],[159.971,-9.433],[159.75,-9.273],[159.607,-9.354],[159.622,-9.532],[159.755,-9.726],[159.854,-9.792],[160.321,-9.821],[160.649,-9.929],[160.819,-9.863],[160.682,-9.692]]},"properties":{"scalerank":0,"featureclass":"Coastline"}},
{"type":"Feature","geometry":{"type":"LineString","coordinates":[[119.297,10.751],[119.287,10.574],[119.143,10.409],[119.024,10.354],[118.845,10.131],[118.728,10.035],[118.533,9.794],[118.115,9.347],[117.885,9.241],[117.35,8.714],[117.256,8.541],[117.311,8.44],[117.517,8.538],[117.572,8.642],[117.68,8.678],[117.99,8.877],[118.134,9.101],[118.435,9.256],[118.57,9.423],[118.774,9.767],[118.782,9.916],[119.192,10.061],[119.285,10.252],[119.422,10.354],[119.595,10.407],[119.684,10.552],[119.527,10.953],[119.56,11.267],[119.465,11.294],[119.261,10.845],[119.297,10.751]]},"properties":{"scalerank":0,"featureclass":"Coastline"}},
{"type":"Feature","geometry":{"type":"LineString","coordinates":[[123.103,11.541],[122.931,11.529],[122.726,11.608],[122.613,11.564],[122.291,11.772],[121.964,11.897],[121.891,11.791],[122.067,11.724],[122.104,11.643],[122.051,11.097],[121.964,10.872],[121.988,10.458],[122.198,10.623],[122.522,10.692],[122.77,10.824],[122.803,10.99],[123.017,11.117],[123.12,11.287],[123.103,11.541]]},"properties":{"scalerank":0,"featureclass":"Coastline"}},
{"type":"Feature","geometry":{"type":"LineString","coordinates":[[123.511,10.923],[123.257,10.994],[122.983,10.887],[122.958,10.698],[122.817,10.504],[122.867,10.284],[122.856,10.087],[122.713,9.99],[122.471,9.962],[122.4,9.823],[122.411,9.694],[122.563,9.483],[122.867,9.32],[122.948,9.108],[123.065,9.053],[123.192,9.088],[123.321,9.273],[123.308,9.357],[123.15,9.606],[123.162,9.864],[123.296,10.125],[123.344,10.325],[123.493,10.582],[123.568,10.781],[123.511,10.923]]},"properties":{"scalerank":0,"featureclass":"Coastline"}},
{"type":"Feature","geometry":{"type":"LineString","coordinates":[[125.197,10.457],[125.188,10.585],[125.013,10.786],[125.04,10.952],[125.027,11.212],[124.93,11.373],[124.821,11.401],[124.644,11.308],[124.331,11.535],[124.446,10.924],[124.663,10.962],[124.787,10.781],[124.799,10.682],[124.738,10.44],[124.79,10.328],[124.781,10.168],[125.027,10.033],[125.105,10.218],[125.253,10.264],[125.197,10.457]]},"properties":{"scalerank":0,"featureclass":"Coastline"}},
{"type":"Feature","geometry":{"type":"LineString","coordinates":[[125.627,11.234],[125.506,11.544],[125.457,11.953],[125.536,12.191],[125.32,12.322],[125.31,12.446],[125.15,12.573],[124.566,12.526],[124.295,12.569],[124.385,12.244],[124.529,12.079],[124.677,12.021],[124.884,11.775],[124.995,11.765],[124.917,11.558],[125.034,11.341],[125.156,11.267],[125.233,11.145],[125.432,11.113],[125.628,11.132],[125.627,11.234]]},"properties":{"scalerank":0,"featureclass":"Coastline"}},
{"type":"Feature","geometry":{"type":"LineString","coordinates":[[121.48,12.837],[121.523,13.131],[121.203,13.432],[121.122,13.381],[120.915,13.501],[120.755,13.471],[120.401,13.517],[120.508,13.26],[120.651,13.169],[120.764,12.97],[120.796,12.748],[120.899,12.646],[120.922,12.512],[121.108,12.304],[121.237,12.219],[121.394,12.301],[121.412,12.423],[121.541,12.638],[121.48,12.837]]},"properties":{"scalerank":0,"featureclass":"Coastline"}},
{"type":"Feature","geometry":{"type":"LineString","coordinates":[[155.823,-6.38],[155.638,-6.221],[155.467,-6.145],[155.373,-5.974],[155.228,-5.865],[155.094,-5.62],[154.997,-5.54],[154.741,-5.545],[154.709,-5.747],[154.782,-5.971],[155.01,-6.21],[155.202,-6.308],[155.209,-6.527],[155.344,-6.722],[155.521,-6.83],[155.719,-6.863],[155.958,-6.687],[155.823,-6.38]]},"properties":{"scalerank":0,"featureclass":"Coastline"}},
{"type":"Feature","geometry":{"type":"LineString","coordinates":[[153.017,-4.106],[152.179,-3.41],[152.033,-3.251],[151.807,-3.173],[151.475,-2.942],[151.226,-2.87],[151.175,-2.789],[150.825,-2.573],[150.848,-2.78],[150.968,-2.78],[151.579,-3.154],[151.793,-3.338],[151.973,-3.453],[152.192,-3.506],[152.356,-3.668],[152.598,-3.995],[152.697,-4.282],[152.681,-4.498],[152.74,-4.636],[152.892,-4.832],[153.023,-4.666],[153.044,-4.476],[153.133,-4.352],[153.124,-4.252],[153.017,-4.106]]},"properties":{"scalerank":0,"featureclass":"Coastline"}},
{"type":"Feature","geometry":{"type":"LineString","coordinates":[[138.77,-7.39],[138.544,-7.38],[138.296,-7.438],[138.008,-7.642],[137.833,-7.932],[137.685,-8.262],[137.688,-8.412],[137.872,-8.38],[138.296,-8.405],[138.535,-8.274],[138.786,-8.059],[138.989,-7.696],[138.963,-7.588],[138.77,-7.39]]},"properties":{"scalerank":0,"featureclass":"Coastline"}},
{"type":"Feature","geometry":{"type":"LineString","coordinates":[[130.773,-3.419],[130.671,-3.392],[130.57,-3.131],[130.379,-2.989],[129.984,-2.977],[129.543,-2.79],[129.427,-2.791],[129.28,-2.889],[129.116,-2.937],[129.058,-2.838],[128.57,-2.842],[128.199,-2.866],[128.113,-2.935],[127.878,-3.222],[127.97,-3.444],[128.082,-3.184],[128.28,-3.241],[128.419,-3.416],[128.639,-3.433],[128.863,-3.235],[128.967,-3.326],[129.468,-3.453],[129.512,-3.329],[129.844,-3.327],[130.02,-3.475],[130.27,-3.579],[130.805,-3.858],[130.86,-3.57],[130.773,-3.419]]},"properties":{"scalerank":0,"featureclass":"Coastline"}},
{"type":"Feature","geometry":{"type":"LineString","coordinates":[[127.163,-3.338],[127.025,-3.166],[126.808,-3.069],[126.555,-3.065],[126.22,-3.148],[126.088,-3.105],[126.026,-3.171],[126.057,-3.421],[126.215,-3.605],[126.686,-3.824],[126.941,-3.765],[127.23,-3.633],[127.227,-3.391],[127.163,-3.338]]},"properties":{"scalerank":0,"featureclass":"Coastline"}},
{"type":"Feature","geometry":{"type":"LineString","coordinates":[[122.978,-8.152],[122.846,-8.093],[122.759,-8.186],[122.85,-8.304],[122.604,-8.402],[122.433,-8.601],[122.263,-8.625],[121.967,-8.455],[121.683,-8.506],[121.445,-8.578],[121.277,-8.478],[120.886,-8.327],[120.751,-8.321],[120.61,-8.24],[120.231,-8.29],[119.918,-8.445],[119.818,-8.571],[119.808,-8.698],[119.909,-8.858],[120.121,-8.777],[120.32,-8.82],[120.55,-8.802],[121.035,-8.935],[121.191,-8.896],[121.328,-8.917],[121.415,-8.815],[121.585,-8.821],[121.651,-8.899],[121.839,-8.86],[122.094,-8.745],[122.47,-8.725],[122.847,-8.562],[122.811,-8.481],[123.006,-8.329],[122.978,-8.152]]},"properties":{"scalerank":0,"featureclass":"Coastline"}},
{"type":"Feature","geometry":{"type":"LineString","coordinates":[[120.7,-9.903],[120.504,-9.674],[120.291,-9.648],[120.221,-9.506],[120.058,-9.42],[119.942,-9.301],[119.795,-9.38],[119.615,-9.352],[119.186,-9.384],[118.959,-9.519],[119.085,-9.707],[119.363,-9.772],[119.601,-9.774],[119.931,-9.967],[120.145,-10.2],[120.439,-10.294],[120.698,-10.207],[120.833,-10.037],[120.7,-9.903]]},"properties":{"scalerank":0,"featureclass":"Coastline"}},
{"type":"Feature","geometry":{"type":"LineString","coordinates":[[119.044,-8.457],[118.988,-8.338],[118.846,-8.293],[118.748,-8.331],[118.491,-8.271],[118.292,-8.357],[118.117,-8.122],[117.921,-8.089],[117.755,-8.15],[117.815,-8.342],[117.979,-8.459],[118.1,-8.475],[118.235,-8.592],[117.97,-8.728],[117.806,-8.711],[117.567,-8.426],[117.357,-8.429],[117.165,-8.367],[116.953,-8.503],[116.835,-8.532],[116.783,-8.665],[116.788,-9.006],[117.061,-9.099],[117.21,-9.034],[117.508,-9.008],[117.732,-8.92],[117.861,-8.931],[118.19,-8.841],[118.379,-8.675],[118.398,-8.813],[118.479,-8.856],[118.818,-8.791],[118.903,-8.703],[119.006,-8.75],[119.13,-8.668],[119.042,-8.561],[119.044,-8.457]]},"properties":{"scalerank":0,"featureclass":"Coastline"}},
{"type":"Feature","geometry":{"type":"LineString","coordinates":[[116.402,-8.204],[116.22,-8.295],[116.061,-8.437],[116.076,-8.745],[115.869,-8.743],[115.875,-8.826],[116.377,-8.929],[116.514,-8.821],[116.641,-8.614],[116.734,-8.387],[116.647,-8.283],[116.402,-8.204]]},"properties":{"scalerank":0,"featureclass":"Coastline"}},
{"type":"Feature","geometry":{"type":"LineString","coordinates":[[115.549,-8.208],[115.154,-8.066],[114.998,-8.174],[114.833,-8.183],[114.475,-8.119],[114.502,-8.261],[114.613,-8.378],[114.842,-8.429],[115.055,-8.573],[115.236,-8.798],[115.334,-8.616],[115.56,-8.514],[115.704,-8.407],[115.549,-8.208]]},"properties":{"scalerank":0,"featureclass":"Coastline"}},
{"type":"Feature","geometry":{"type":"LineString","coordinates":[[106.366,-2.465],[106.209,-2.189],[106.162,-1.867],[106.027,-1.593],[105.91,-1.505],[105.585,-1.527],[105.373,-1.657],[105.375,-1.813],[105.191,-1.917],[105.133,-2.043],[105.343,-2.125],[105.553,-2.079],[105.786,-2.181],[105.807,-2.307],[105.939,-2.493],[105.908,-2.643],[105.999,-2.825],[106.25,-2.894],[106.547,-3.056],[106.667,-3.072],[106.612,-2.896],[106.679,-2.704],[106.818,-2.573],[106.366,-2.465]]},"properties":{"scalerank":0,"featureclass":"Coastline"}},
{"type":"Feature","geometry":{"type":"LineString","coordinates":[[22.964,58.606],[22.547,58.627],[22.081,58.478],[21.882,58.262],[22.153,58.115],[22.498,58.236],[22.757,58.261],[23.293,58.483],[22.964,58.606]]},"properties":{"scalerank":0,"featureclass":"Coastline"}},
{"type":"Feature","geometry":{"type":"LineString","coordinates":[[24.238,77.899],[23.684,77.875],[23.117,77.992],[23.452,78.149],[22.989,78.252],[22.3,78.228],[22.043,78.577],[21.455,78.598],[20.228,78.478],[20.786,78.252],[21.035,78.059],[21.608,77.916],[21.05,77.441],[22.057,77.501],[22.427,77.316],[22.802,77.276],[23.841,77.498],[24.13,77.658],[24.902,77.757],[24.238,77.899]]},"properties":{"scalerank":0,"featureclass":"Coastline"}},
{"type":"Feature","geometry":{"type":"LineString","coordinates":[[62.103,80.867],[61.597,80.893],[60.482,80.804],[59.592,80.817],[59.304,80.522],[60.278,80.494],[61.051,80.419],[62.076,80.617],[62.103,80.867]]},"properties":{"scalerank":0,"featureclass":"Coastline"}},
{"type":"Feature","geometry":{"type":"LineString","coordinates":[[47.011,80.562],[47.6,80.742],[46.799,80.755],[45.125,80.652],[46.141,80.447],[47.011,80.562]]},"properties":{"scalerank":0,"featureclass":"Coastline"}},
{"type":"Feature","geometry":{"type":"LineString","coordinates":[[51.455,80.745],[50.801,80.914],[50.124,80.924],[49.244,80.821],[49.185,80.559],[48.403,80.569],[47.656,80.501],[46.644,80.3],[46.991,80.183],[47.632,80.112],[48.467,80.11],[49.011,80.207],[48.896,80.369],[49.586,80.377],[49.846,80.498],[50.961,80.54],[51.704,80.688],[51.455,80.745]]},"properties":{"scalerank":0,"featureclass":"Coastline"}},
{"type":"Feature","geometry":{"type":"LineString","coordinates":[[49.225,69.511],[48.631,69.436],[48.32,69.269],[48.279,69.04],[48.439,68.805],[48.667,68.733],[49.626,68.86],[49.921,69.053],[50.265,69.186],[50.167,69.257],[49.225,69.511]]},"properties":{"scalerank":0,"featureclass":"Coastline"}},
{"type":"Feature","geometry":{"type":"LineString","coordinates":[[60.393,69.962],[59.636,70.197],[59.005,70.465],[58.473,70.267],[58.68,70.051],[58.953,69.893],[59.503,69.866],[59.578,69.739],[60.216,69.688],[60.44,69.726],[60.393,69.962]]},"properties":{"scalerank":0,"featureclass":"Coastline"}},
{"type":"Feature","geometry":{"type":"LineString","coordinates":[[71.445,73.342],[70.94,73.514],[70.35,73.478],[69.996,73.359],[69.92,73.085],[70.38,73.048],[71.626,73.174],[71.445,73.342]]},"properties":{"scalerank":0,"featureclass":"Coastline"}},
{"type":"Feature","geometry":{"type":"LineString","coordinates":[[92.593,79.997],[91.426,80.049],[91.126,79.905],[92.154,79.685],[92.926,79.704],[93.803,79.905],[92.593,79.997]]},"properties":{"scalerank":0,"featureclass":"Coastline"}},
{"type":"Feature","geometry":{"type":"LineString","coordinates":[[112.084,74.549],[111.949,74.389],[111.643,74.273],[112.196,74.146],[112.782,74.095],[113.259,74.273],[113.387,74.4],[112.952,74.48],[112.084,74.549]]},"properties":{"scalerank":0,"featureclass":"Coastline"}},
{"type":"Feature","geometry":{"type":"LineString","coordinates":[[141.039,74.243],[140.407,74.266],[140.102,74.184],[140.183,74.005],[140.507,73.919],[141.01,73.999],[141.039,74.243]]},"properties":{"scalerank":0,"featureclass":"Coastline"}},
{"type":"Feature","geometry":{"type":"LineString","coordinates":[[26.168,35.215],[26.028,35.215],[25.745,35.143],[25.73,35.349],[25.476,35.306],[25.104,35.347],[25.003,35.41],[24.721,35.425],[24.313,35.364],[24.166,35.595],[23.921,35.528],[23.715,35.605],[23.57,35.535],[23.562,35.295],[23.638,35.235],[23.884,35.246],[24.464,35.16],[24.709,35.089],[24.8,34.934],[25.206,34.959],[25.83,35.025],[26.244,35.045],[26.168,35.215]]},"properties":{"scalerank":0,"featureclass":"Coastline"}},
{"type":"Feature","geometry":{"type":"LineString","coordinates":[[24.464,38.145],[24.276,38.22],[24.099,38.671],[23.878,38.687],[23.472,38.85],[23.313,39.035],[23.146,39.003],[23.029,38.873],[23.252,38.801],[23.617,38.553],[23.759,38.401],[24.04,38.39],[24.212,38.118],[24.502,37.97],[24.588,38.124],[24.464,38.145]]},"properties":{"scalerank":0,"featureclass":"Coastline"}},
{"type":"Feature","geometry":{"type":"LineString","coordinates":[[34.272,35.57],[34.063,35.474],[33.459,35.336],[32.942,35.39],[32.88,35.181],[32.652,35.183],[32.391,35.05],[32.317,34.953],[32.449,34.729],[32.693,34.649],[32.867,34.661],[32.942,34.576],[33.116,34.696],[33.297,34.718],[33.514,34.806],[33.699,34.97],[34.05,34.988],[33.908,35.202],[33.942,35.292],[34.463,35.594],[34.272,35.57]]},"properties":{"scalerank":0,"featureclass":"Coastline"}},
{"type":"Feature","geometry":{"type":"LineString","coordinates":[[18.841,57.9],[18.537,57.831],[18.137,57.557],[18.105,57.272],[18.285,57.083],[18.7,57.243],[18.785,57.361],[18.814,57.706],[18.945,57.742],[18.841,57.9]]},"properties":{"scalerank":0,"featureclass":"Coastline"}},
{"type":"Feature","geometry":{"type":"LineString","coordinates":[[12.073,54.977],[12.09,55.188],[12.413,55.286],[12.215,55.467],[12.321,55.588],[12.571,55.685],[12.525,55.918],[12.579,56.064],[12.219,56.119],[11.866,55.968],[11.935,55.896],[11.82,55.698],[11.691,55.729],[11.696,55.908],[11.475,55.943],[11.322,55.753],[10.979,55.722],[11.19,55.466],[11.171,55.329],[11.286,55.204],[11.654,55.187],[11.741,54.915],[11.862,54.773],[12.05,54.815],[12.073,54.977]]},"properties":{"scalerank":0,"featureclass":"Coastline"}},
{"type":"Feature","geometry":{"type":"LineString","coordinates":[[10.785,55.133],[10.819,55.322],[10.687,55.558],[10.286,55.611],[9.861,55.515],[9.859,55.357],[9.989,55.163],[10.443,55.049],[10.785,55.133]]},"properties":{"scalerank":0,"featureclass":"Coastline"}},
{"type":"Feature","geometry":{"type":"LineString","coordinates":[[3.241,39.757],[3.159,39.971],[2.785,39.855],[2.371,39.613],[2.5,39.478],[2.634,39.556],[2.77,39.41],[3.073,39.301],[3.245,39.387],[3.462,39.698],[3.241,39.757]]},"properties":{"scalerank":0,"featureclass":"Coastline"}},
{"type":"Feature","geometry":{"type":"LineString","coordinates":[[-120.722,-73.752],[-122.436,-73.682],[-123.112,-73.682],[-123.035,-73.838],[-122.625,-73.966],[-122.881,-74.099],[-122.859,-74.343],[-122.287,-74.403],[-121.062,-74.337],[-120.99,-74.157],[-120.272,-73.989],[-120.378,-73.856],[-120.722,-73.752]]},"properties":{"scalerank":0,"featureclass":"Coastline"}},
{"type":"Feature","geometry":{"type":"LineString","coordinates":[[-127.233,-73.586],[-126.496,-73.7],[-126.472,-73.812],[-124.873,-74.208],[-123.837,-74.226],[-123.8,-74.076],[-124.152,-73.944],[-124.129,-73.834],[-124.54,-73.74],[-124.993,-73.83],[-125.674,-73.822],[-125.828,-73.718],[-125.276,-73.691],[-125.736,-73.406],[-126.065,-73.315],[-126.597,-73.279],[-127.268,-73.304],[-127.414,-73.516],[-127.233,-73.586]]},"properties":{"scalerank":0,"featureclass":"Coastline"}},
{"type":"Feature","geometry":{"type":"LineString","coordinates":[[-66.785,-79.608],[-67.719,-79.62],[-67.077,-79.762],[-66.904,-79.909],[-66.174,-80.078],[-65.504,-79.954],[-65.579,-79.771],[-66.014,-79.624],[-66.785,-79.608]]},"properties":{"scalerank":0,"featureclass":"Coastline"}},
{"type":"Feature","geometry":{"type":"LineString","coordinates":[[-57.295,-64.367],[-57.414,-64.296],[-57.249,-64.097],[-57.926,-63.806],[-58.275,-63.916],[-58.425,-64.068],[-58.147,-64.097],[-58.304,-64.315],[-57.703,-64.293],[-57.295,-64.367]]},"properties":{"scalerank":0,"featureclass":"Coastline"}},
{"type":"Feature","geometry":{"type":"LineString","coordinates":[[-63.131,-64.572],[-63.334,-64.266],[-63.683,-64.343],[-63.674,-64.421],[-64.171,-64.582],[-64.272,-64.698],[-63.647,-64.803],[-63.275,-64.717],[-63.131,-64.572]]},"properties":{"scalerank":0,"featureclass":"Coastline"}},
{"type":"Feature","geometry":{"type":"LineString","coordinates":[[-74.205,-70.924],[-73.55,-70.723],[-74.038,-70.553],[-74.456,-70.587],[-74.469,-70.727],[-75.007,-70.609],[-75.21,-70.773],[-76.035,-70.836],[-76.5,-70.941],[-76.421,-71.09],[-76.176,-71.132],[-74.806,-71.012],[-74.205,-70.924]]},"properties":{"scalerank":0,"featureclass":"Coastline"}},
{"type":"Feature","geometry":{"type":"LineString","coordinates":[[-74.849,-70.179],[-74.438,-69.95],[-74.81,-69.752],[-75.265,-69.749],[-75.681,-69.882],[-75.727,-70.096],[-74.849,-70.179]]},"properties":{"scalerank":0,"featureclass":"Coastline"}},
{"type":"Feature","geometry":{"type":"LineString","coordinates":[[-99.735,-72.033],[-100.085,-71.837],[-102.128,-71.985],[-102.265,-72.135],[-100.195,-72.273],[-99.149,-72.472],[-98.408,-72.548],[-97.25,-72.521],[-96.052,-72.577],[-96.078,-72.454],[-95.575,-72.41],[-95.609,-72.068],[-96.799,-72.259],[-96.715,-72.132],[-96.298,-72.045],[-96.125,-71.896],[-96.383,-71.836],[-96.869,-71.851],[-97.473,-72],[-98.189,-71.82],[-98.615,-71.764],[-99.254,-71.972],[-99.735,-72.033]]},"properties":{"scalerank":0,"featureclass":"Coastline"}},
{"type":"Feature","geometry":{"type":"LineString","coordinates":[[-75.377,-72.82],[-75.731,-72.879],[-75.439,-72.994],[-76.018,-73.085],[-75.901,-73.333],[-74.575,-73.611],[-74.366,-73.464],[-74.668,-73.275],[-74.224,-72.997],[-74.474,-72.894],[-75.377,-72.82]]},"properties":{"scalerank":0,"featureclass":"Coastline"}},
{"type":"Feature","geometry":{"type":"LineString","coordinates":[[-68.901,-67.744],[-68.58,-67.733],[-68.381,-67.555],[-67.969,-67.45],[-68.175,-67.344],[-67.688,-67.147],[-67.968,-67.032],[-67.932,-66.845],[-67.681,-66.709],[-67.831,-66.624],[-68.336,-66.802],[-68.82,-67.234],[-69.082,-67.403],[-69.098,-67.603],[-68.901,-67.744]]},"properties":{"scalerank":0,"featureclass":"Coastline"}},
{"type":"Feature","geometry":{"type":"LineString","coordinates":[[-180,71.538],[-179.112,71.596],[-178.354,71.529],[-177.532,71.263],[-177.524,71.167],[-177.822,71.068],[-179.507,70.923],[-180,70.993]]},"properties":{"scalerank":0,"featureclass":"Coastline"}},
{"type":"Feature","geometry":{"type":"LineString","coordinates":[[-57.792,-51.636],[-57.808,-51.518],[-57.977,-51.384],[-58.206,-51.405],[-58.474,-51.509],[-58.506,-51.308],[-58.887,-51.358],[-59.097,-51.491],[-59.06,-51.685],[-59.262,-51.737],[-59.571,-51.925],[-59.649,-52.134],[-59.396,-52.308],[-59.342,-52.196],[-59.068,-52.173],[-59.131,-52.008],[-58.653,-52.099],[-58.683,-51.936],[-58.336,-51.864],[-58.151,-51.765],[-57.838,-51.709],[-57.792,-51.636]]},"properties":{"scalerank":0,"featureclass":"Coastline"}},
{"type":"Feature","geometry":{"type":"LineString","coordinates":[[-35.895,-54.555],[-36.073,-54.554],[-36.326,-54.251],[-36.449,-54.308],[-36.704,-54.108],[-37.233,-54.061],[-37.382,-53.984],[-37.689,-54.077],[-37.007,-54.341],[-36.735,-54.467],[-36.507,-54.511],[-36.252,-54.78],[-36.085,-54.867],[-35.913,-54.711],[-35.895,-54.555]]},"properties":{"scalerank":0,"featureclass":"Coastline"}},
{"type":"Feature","geometry":{"type":"LineString","coordinates":[[-74.114,-43.358],[-73.773,-43.346],[-73.75,-43.159],[-73.541,-43.074],[-73.436,-42.937],[-73.568,-42.762],[-73.789,-42.586],[-73.471,-42.466],[-73.533,-42.314],[-73.439,-42.278],[-73.528,-41.896],[-74.037,-41.796],[-74.072,-42.106],[-74.16,-42.216],[-74.199,-42.481],[-74.156,-42.591],[-74.209,-42.879],[-74.355,-43.264],[-74.114,-43.358]]},"properties":{"scalerank":0,"featureclass":"Coastline"}},
{"type":"Feature","geometry":{"type":"LineString","coordinates":[[-59.573,-51.681],[-59.268,-51.428],[-59.388,-51.36],[-59.788,-51.446],[-59.917,-51.388],[-60.142,-51.481],[-60.445,-51.399],[-60.506,-51.485],[-60.245,-51.639],[-60.238,-51.772],[-60.591,-51.952],[-60.762,-51.946],[-60.961,-52.057],[-60.686,-52.188],[-60.353,-52.14],[-60.246,-51.986],[-59.921,-51.97],[-59.573,-51.681]]},"properties":{"scalerank":0,"featureclass":"Coastline"}},
{"type":"Feature","geometry":{"type":"LineString","coordinates":[[-75.032,-49.836],[-74.96,-49.533],[-74.805,-49.516],[-74.88,-49.726],[-74.763,-50.011],[-74.595,-50.007],[-74.459,-49.691],[-74.522,-49.623],[-74.467,-49.295],[-74.531,-48.813],[-74.793,-48.705],[-74.981,-48.819],[-74.949,-48.96],[-75.184,-49.084],[-75.086,-49.27],[-75.327,-49.269],[-75.467,-49.359],[-75.306,-49.494],[-75.337,-49.628],[-75.57,-49.697],[-75.3,-49.847],[-75.032,-49.836]]},"properties":{"scalerank":0,"featureclass":"Coastline"}},
{"type":"Feature","geometry":{"type":"LineString","coordinates":[[-73.397,-44.774],[-73.228,-44.86],[-72.986,-44.78],[-72.764,-44.549],[-72.842,-44.458],[-73.208,-44.335],[-73.315,-44.531],[-73.445,-44.641],[-73.397,-44.774]]},"properties":{"scalerank":0,"featureclass":"Coastline"}},
{"type":"Feature","geometry":{"type":"LineString","coordinates":[[-63.885,49.658],[-63.676,49.534],[-63.566,49.399],[-63.042,49.225],[-62.22,49.079],[-61.801,49.094],[-61.696,49.139],[-61.817,49.284],[-62.859,49.705],[-63.292,49.817],[-64.131,49.942],[-64.373,49.926],[-64.44,49.828],[-63.885,49.658]]},"properties":{"scalerank":0,"featureclass":"Coastline"}},
{"type":"Feature","geometry":{"type":"LineString","coordinates":[[-59.842,45.942],[-59.934,46.019],[-59.865,46.16],[-60.226,46.196],[-60.298,46.311],[-60.505,46.204],[-60.573,46.061],[-60.472,45.947],[-60.806,45.738],[-61.092,45.748],[-60.868,45.949],[-60.912,46.045],[-60.577,46.172],[-60.332,46.768],[-60.425,46.923],[-60.617,46.976],[-60.87,46.797],[-61.241,46.303],[-61.409,46.17],[-61.495,45.941],[-61.45,45.716],[-61.284,45.574],[-60.872,45.611],[-60.673,45.591],[-60.386,45.655],[-60.016,45.88],[-59.842,45.942]]},"properties":{"scalerank":0,"featureclass":"Coastline"}},
{"type":"Feature","geometry":{"type":"LineString","coordinates":[[-168.996,63.347],[-169.428,63.348],[-169.624,63.431],[-170.017,63.492],[-170.122,63.618],[-170.43,63.699],[-170.875,63.594],[-171.448,63.616],[-171.646,63.727],[-171.804,63.581],[-171.791,63.425],[-171.401,63.339],[-171.061,63.446],[-170.527,63.379],[-170.19,63.196],[-169.778,63.094],[-169.676,62.956],[-169.365,63.171],[-168.852,63.171],[-168.716,63.311],[-168.996,63.347]]},"properties":{"scalerank":0,"featureclass":"Coastline"}},
{"type":"Feature","geometry":{"type":"LineString","coordinates":[[-165.631,60.028],[-165.712,60.069],[-165.73,60.314],[-166.185,60.397],[-166.476,60.383],[-166.784,60.296],[-166.836,60.217],[-167.436,60.207],[-167.139,60.009],[-166.628,59.865],[-166.188,59.774],[-165.947,59.89],[-165.592,59.913],[-165.631,60.028]]},"properties":{"scalerank":0,"featureclass":"Coastline"}},
{"type":"Feature","geometry":{"type":"LineString","coordinates":[[-163.275,54.766],[-163.607,55.051],[-163.868,55.039],[-164.274,54.9],[-164.53,54.881],[-164.706,54.692],[-164.888,54.608],[-164.823,54.419],[-164.463,54.427],[-164.073,54.621],[-163.583,54.626],[-163.275,54.766]]},"properties":{"scalerank":0,"featureclass":"Coastline"}},
{"type":"Feature","geometry":{"type":"LineString","coordinates":[[-76.35,18.152],[-76.701,18.257],[-76.908,18.39],[-77.261,18.457],[-77.873,18.522],[-77.978,18.468],[-78.217,18.448],[-78.326,18.35],[-78.294,18.218],[-78.074,18.191],[-77.963,18.048],[-77.768,17.877],[-77.361,17.834],[-77.205,17.715],[-77.071,17.901],[-76.944,17.849],[-76.853,17.974],[-76.525,17.866],[-76.211,17.914],[-76.35,18.152]]},"properties":{"scalerank":0,"featureclass":"Coastline"}},
{"type":"Feature","geometry":{"type":"LineString","coordinates":[[-65.629,18.381],[-65.879,18.444],[-66.189,18.476],[-67.159,18.499],[-67.264,18.365],[-67.172,18.224],[-67.197,17.994],[-66.9,17.948],[-66.772,17.987],[-66.511,17.987],[-66.409,17.951],[-65.971,17.974],[-65.621,18.242],[-65.629,18.381]]},"properties":{"scalerank":0,"featureclass":"Coastline"}},
{"type":"Feature","geometry":{"type":"LineString","coordinates":[[-152.411,57.646],[-152.512,57.851],[-152.696,57.832],[-153.16,57.972],[-153.2,57.82],[-153.524,57.731],[-153.663,57.858],[-153.904,57.82],[-153.693,57.663],[-153.818,57.596],[-154.281,57.638],[-154.535,57.559],[-154.706,57.335],[-154.499,57.037],[-154.339,56.921],[-154.065,57.134],[-153.793,56.99],[-153.274,57.226],[-153.052,57.238],[-152.679,57.345],[-152.781,57.453],[-152.412,57.455],[-152.216,57.577],[-152.411,57.646]]},"properties":{"scalerank":0,"featureclass":"Coastline"}},
{"type":"Feature","geometry":{"type":"LineString","coordinates":[[-152.165,58.178],[-151.983,58.244],[-152.316,58.413],[-152.675,58.451],[-153.381,58.087],[-152.983,57.997],[-152.165,58.178]]},"properties":{"scalerank":0,"featureclass":"Coastline"}},
{"type":"Feature","geometry":{"type":"LineString","coordinates":[[-130.998,55.728],[-131.269,55.955],[-131.625,55.832],[-131.648,55.586],[-131.846,55.416],[-131.811,55.223],[-131.475,55.373],[-131.421,55.276],[-131.188,55.206],[-131.014,55.379],[-130.998,55.728]]},"properties":{"scalerank":0,"featureclass":"Coastline"}},
{"type":"Feature","geometry":{"type":"LineString","coordinates":[[-132.469,54.938],[-132.341,54.907],[-132.134,54.713],[-131.981,54.805],[-131.976,55.209],[-132.207,55.224],[-132.215,55.384],[-132.418,55.483],[-132.43,55.687],[-132.598,55.895],[-132.758,55.995],[-133.097,56.09],[-133.203,56.32],[-133.566,56.339],[-133.531,56.146],[-133.755,55.999],[-133.684,55.943],[-133.371,56.036],[-133.242,55.921],[-133.447,55.797],[-133.298,55.607],[-133.09,55.613],[-133.103,55.36],[-132.782,55.048],[-132.469,54.938]]},"properties":{"scalerank":0,"featureclass":"Coastline"}},
{"type":"Feature","geometry":{"type":"LineString","coordinates":[[-133.979,57.01],[-133.681,56.798],[-133.603,56.464],[-133.213,56.465],[-133.157,56.611],[-132.959,56.677],[-132.954,56.88],[-133.071,56.974],[-133.866,57.069],[-133.979,57.01]]},"properties":{"scalerank":0,"featureclass":"Coastline"}},
{"type":"Feature","geometry":{"type":"LineString","coordinates":[[-134.885,57.242],[-134.97,57.351],[-135.346,57.533],[-135.787,57.317],[-135.768,57.1],[-135.609,57.071],[-135.502,57.244],[-135.2,57.027],[-135.331,56.822],[-135.018,56.66],[-134.981,56.519],[-134.75,56.241],[-134.63,56.302],[-134.621,56.718],[-134.885,57.242]]},"properties":{"scalerank":0,"featureclass":"Coastline"}},
{"type":"Feature","geometry":{"type":"LineString","coordinates":[[-134.1,57.3],[-133.925,57.337],[-133.937,57.582],[-134.267,57.885],[-134.24,58.144],[-134.68,58.162],[-134.754,57.995],[-134.66,57.638],[-134.487,57.482],[-134.592,57.092],[-134.435,57.057],[-134.1,57.3]]},"properties":{"scalerank":0,"featureclass":"Coastline"}},
{"type":"Feature","geometry":{"type":"LineString","coordinates":[[-135.692,57.42],[-135.609,57.651],[-135.498,57.662],[-135.085,57.511],[-134.873,57.589],[-134.979,57.724],[-134.928,57.953],[-135.002,58.051],[-135.587,58.147],[-135.787,58.269],[-136.142,58.154],[-136.512,58.096],[-136.569,57.972],[-136.46,57.873],[-136.077,57.675],[-135.911,57.447],[-135.692,57.42]]},"properties":{"scalerank":0,"featureclass":"Coastline"}},
{"type":"Feature","geometry":{"type":"LineString","coordinates":[[-128.766,52.598],[-128.731,52.357],[-128.624,52.34],[-128.51,52.519],[-128.552,52.94],[-128.633,53.113],[-129.033,53.28],[-129.178,53.018],[-129.085,52.822],[-128.766,52.598]]},"properties":{"scalerank":0,"featureclass":"Coastline"}},
{"type":"Feature","geometry":{"type":"LineString","coordinates":[[-132.347,53.189],[-132.011,53.265],[-131.928,53.379],[-131.922,53.588],[-131.821,53.842],[-131.703,53.986],[-132.134,54.034],[-132.344,54.106],[-133.064,54.144],[-133.098,53.92],[-133.052,53.778],[-132.845,53.508],[-132.67,53.459],[-132.748,53.31],[-132.52,53.194],[-132.347,53.189]]},"properties":{"scalerank":0,"featureclass":"Coastline"}},
{"type":"Feature","geometry":{"type":"LineString","coordinates":[[-131.116,52.219],[-131.327,52.318],[-131.591,52.578],[-131.455,52.702],[-131.727,52.756],[-131.904,52.867],[-131.635,52.922],[-131.652,53.103],[-131.893,53.231],[-132.345,53.136],[-132.144,52.999],[-132.258,52.934],[-132.165,52.783],[-131.562,52.4],[-131.422,52.238],[-131.222,52.154],[-131.116,52.219]]},"properties":{"scalerank":0,"featureclass":"Coastline"}},
{"type":"Feature","geometry":{"type":"LineString","coordinates":[[-62.164,46.487],[-63.129,46.422],[-63.369,46.508],[-63.681,46.562],[-63.906,46.509],[-63.903,46.639],[-64.088,46.775],[-63.981,46.913],[-63.994,47.062],[-64.355,46.769],[-64.388,46.641],[-64.107,46.562],[-64.111,46.425],[-63.861,46.408],[-63.641,46.23],[-63.277,46.153],[-63.117,46.253],[-62.895,46.124],[-62.878,46.001],[-62.531,45.977],[-62.552,46.166],[-62.024,46.422],[-62.164,46.487]]},"properties":{"scalerank":0,"featureclass":"Coastline"}},
{"type":"Feature","geometry":{"type":"LineString","coordinates":[[-72.102,41.015],[-72.287,41.024],[-72.517,40.915],[-72.625,40.992],[-73.574,40.92],[-73.879,40.792],[-73.767,40.593],[-73.194,40.654],[-72.339,40.894],[-72.102,41.015]]},"properties":{"scalerank":0,"featureclass":"Coastline"}},
{"type":"Feature","geometry":{"type":"LineString","coordinates":[[152.197,-4.285],[152.117,-4.212],[151.968,-4.317],[151.819,-4.217],[151.593,-4.201],[151.552,-4.346],[151.665,-4.637],[151.671,-4.883],[151.573,-4.937],[151.327,-4.96],[151.138,-5.113],[150.953,-5.424],[150.626,-5.521],[150.519,-5.46],[150.299,-5.536],[150.183,-5.524],[150.106,-5.429],[150.045,-5.035],[149.963,-5.448],[149.831,-5.524],[149.632,-5.516],[149.475,-5.573],[149.245,-5.573],[148.999,-5.485],[148.565,-5.508],[148.432,-5.472],[148.345,-5.545],[148.401,-5.765],[148.808,-5.916],[149.127,-6.128],[149.382,-6.078],[149.483,-6.125],[149.653,-6.29],[150.428,-6.276],[150.706,-6.149],[150.809,-6.071],[151.043,-6.015],[151.229,-5.92],[151.422,-5.747],[151.515,-5.552],[151.865,-5.565],[152.077,-5.458],[152.143,-5.357],[151.994,-5.149],[152.013,-5.004],[152.258,-4.955],[152.4,-4.731],[152.364,-4.491],[152.406,-4.341],[152.197,-4.285]]},"properties":{"scalerank":0,"featureclass":"Coastline"}},
{"type":"Feature","geometry":{"type":"LineString","coordinates":[[124.198,-9.256],[123.977,-9.373],[123.709,-9.615],[123.589,-9.967],[123.716,-10.079],[123.614,-10.215],[123.644,-10.311],[123.858,-10.344],[124.176,-10.183],[124.428,-10.149],[124.708,-9.914],[124.963,-9.666],[124.998,-9.565],[125.408,-9.276],[125.84,-9.13],[125.946,-9.124],[126.164,-8.997],[126.383,-8.958],[126.665,-8.782],[126.915,-8.715],[127.296,-8.425],[126.966,-8.316],[126.62,-8.459],[126.173,-8.489],[125.804,-8.492],[125.382,-8.575],[125.178,-8.648],[125.027,-8.859],[124.89,-8.968],[124.575,-9.155],[124.198,-9.256]]},"properties":{"scalerank":0,"featureclass":"Coastline"}},
{"type":"Feature","geometry":{"type":"LineString","coordinates":[[147.786,-43.22],[147.648,-43.021],[147.8,-42.928],[147.574,-42.846],[147.408,-42.894],[147.26,-43.071],[147.245,-43.216],[147.077,-43.276],[146.874,-43.612],[146.699,-43.602],[146.549,-43.509],[146.187,-43.513],[146.043,-43.547],[145.975,-43.277],[145.803,-43.244],[145.61,-42.998],[145.488,-42.927],[145.268,-42.544],[145.199,-42.231],[145.238,-42.02],[145.055,-41.827],[144.778,-41.419],[144.646,-40.981],[144.71,-40.783],[144.819,-40.722],[145.043,-40.787],[145.283,-40.77],[145.821,-41.025],[146.317,-41.163],[146.574,-41.142],[146.99,-40.992],[147.321,-40.956],[147.455,-41.002],[147.622,-40.845],[147.873,-40.873],[147.969,-40.78],[148.215,-40.855],[148.293,-40.947],[148.312,-41.35],[148.29,-41.465],[148.301,-42.04],[148.183,-42.065],[148.023,-42.259],[148.009,-42.436],[147.924,-42.572],[147.915,-42.816],[147.981,-43.157],[147.786,-43.22]]},"properties":{"scalerank":0,"featureclass":"Coastline"}},
{"type":"Feature","geometry":{"type":"LineString","coordinates":[[97.87,80.763],[96.755,80.958],[95.801,81.28],[95.16,81.271],[94.612,81.115],[93.065,80.988],[92.593,80.781],[93.263,80.791],[92.578,80.533],[91.897,80.478],[91.524,80.359],[92.202,80.179],[93.872,80.01],[94.565,80.126],[97.175,80.241],[97.025,80.536],[97.221,80.652],[97.87,80.763]]},"properties":{"scalerank":0,"featureclass":"Coastline"}},
{"type":"Feature","geometry":{"type":"LineString","coordinates":[[99.517,79.13],[99.167,79.306],[99.681,79.323],[99.782,79.628],[100.061,79.777],[99.295,80.016],[98.596,80.052],[98.353,79.884],[97.587,80.168],[96.417,80.104],[94.987,80.097],[94.347,79.942],[94.257,79.83],[93.405,79.632],[93.071,79.495],[94.219,79.402],[94.652,79.127],[95.796,79.001],[96.347,79.016],[97.555,78.827],[98.411,78.788],[99.44,78.834],[99.929,78.961],[99.517,79.13]]},"properties":{"scalerank":0,"featureclass":"Coastline"}},
{"type":"Feature","geometry":{"type":"LineString","coordinates":[[105.146,78.819],[104.452,78.88],[103.673,79.15],[102.95,79.056],[102.79,79.392],[101.591,79.35],[101.196,79.204],[100.901,78.98],[100.876,78.784],[100.284,78.679],[100.019,78.339],[99.287,78.038],[100.082,77.975],[101.204,78.192],[103.719,78.258],[104.833,78.353],[105.313,78.5],[105.146,78.819]]},"properties":{"scalerank":0,"featureclass":"Coastline"}},
{"type":"Feature","geometry":{"type":"LineString","coordinates":[[143.686,75.864],[143.185,75.814],[142.46,75.904],[141.485,76.137],[141.033,75.989],[140.944,75.7],[140.496,75.69],[139.743,75.953],[138.814,76.2],[138.208,76.115],[137.501,75.91],[137.707,75.76],[137.269,75.749],[137.29,75.349],[137.006,75.235],[137.683,75.009],[138.092,74.797],[139.099,74.657],[139.326,74.687],[139.606,74.946],[140.268,74.847],[141.987,74.991],[142.287,74.85],[142.778,74.868],[143.128,74.97],[142.617,75.133],[142.151,75.458],[142.086,75.661],[142.552,75.721],[143.002,75.66],[142.734,75.545],[142.729,75.338],[143.17,75.117],[144.02,75.045],[144.408,75.102],[144.883,75.269],[144.727,75.366],[145.255,75.586],[143.686,75.864]]},"properties":{"scalerank":0,"featureclass":"Coastline"}},
{"type":"Feature","geometry":{"type":"LineString","coordinates":[[143.344,73.569],[142.639,73.803],[141.932,73.915],[141.085,73.866],[140.594,73.565],[140.663,73.452],[141.597,73.311],[142.342,73.253],[143.193,73.221],[143.491,73.246],[143.344,73.569]]},"properties":{"scalerank":0,"featureclass":"Coastline"}},
{"type":"Feature","geometry":{"type":"LineString","coordinates":[[150.69,75.155],[150.104,75.219],[148.475,75.272],[148.432,75.414],[147.497,75.441],[146.795,75.371],[146.751,75.51],[146.438,75.558],[146.149,75.198],[147.144,74.998],[147.627,74.959],[148.092,74.826],[149.05,74.772],[149.597,74.773],[150.646,74.945],[150.69,75.155]]},"properties":{"scalerank":0,"featureclass":"Coastline"}},
{"type":"Feature","geometry":{"type":"LineString","coordinates":[[175.781,-36.805],[175.876,-36.958],[175.99,-37.437],[176.115,-37.538],[176.108,-37.645],[176.292,-37.68],[176.77,-37.89],[177.162,-37.986],[177.336,-37.991],[177.558,-37.897],[177.727,-37.706],[178.009,-37.555],[178.272,-37.567],[178.536,-37.692],[178.394,-37.96],[178.315,-38.444],[178.268,-38.551],[177.976,-38.722],[177.91,-39.022],[177.966,-39.142],[177.408,-39.081],[177.129,-39.186],[176.954,-39.368],[176.967,-39.605],[177.11,-39.673],[176.842,-40.158],[176.689,-40.293],[176.612,-40.442],[176.385,-40.668],[176.252,-40.877],[175.983,-41.213],[175.687,-41.412],[175.31,-41.611],[175.166,-41.417],[174.906,-41.433],[174.875,-41.278],[174.635,-41.289],[175.017,-40.848],[175.163,-40.622],[175.254,-40.289],[175.009,-39.952],[174.814,-39.86],[174.567,-39.813],[174.352,-39.643],[173.934,-39.509],[173.764,-39.319],[173.844,-39.139],[174.071,-39.031],[174.398,-38.963],[174.597,-38.785],[174.653,-38.428],[174.715,-38.226],[174.84,-38.023],[174.802,-37.896],[174.928,-37.804],[174.729,-37.449],[174.746,-37.15],[174.929,-37.085],[174.782,-36.944],[174.601,-36.986],[174.476,-36.942],[174.382,-36.726],[174.447,-36.451],[174.254,-36.249],[174.055,-36.36],[173.945,-36.176],[173.376,-35.5],[173.117,-35.205],[173.191,-35.016],[173.03,-34.8],[172.706,-34.455],[173.044,-34.429],[172.964,-34.535],[173.285,-34.981],[173.439,-34.929],[173.844,-35.026],[174.104,-35.143],[174.143,-35.3],[174.32,-35.247],[174.543,-35.582],[174.391,-35.774],[174.549,-36.007],[174.802,-36.309],[174.752,-36.491],[174.819,-36.612],[174.722,-36.841],[175.3,-36.993],[175.385,-37.207],[175.542,-37.201],[175.552,-37.046],[175.487,-36.69],[175.386,-36.556],[175.461,-36.476],[175.681,-36.747],[175.781,-36.805]]},"properties":{"scalerank":0,"featureclass":"Coastline"}},
{"type":"Feature","geometry":{"type":"LineString","coordinates":[[172.889,-43.124],[173.221,-42.977],[173.348,-42.841],[173.545,-42.518],[173.84,-42.271],[173.888,-42.13],[174.215,-41.85],[174.283,-41.741],[174.092,-41.505],[174.102,-41.366],[174.237,-41.312],[174.303,-41.02],[173.738,-40.989],[173.231,-41.284],[173.069,-41.186],[172.989,-40.848],[172.767,-40.773],[172.641,-40.518],[172.273,-40.759],[172.139,-40.947],[172.011,-41.445],[171.831,-41.655],[171.486,-41.795],[171.36,-42.08],[171.257,-42.465],[171.028,-42.696],[170.742,-42.927],[170.303,-43.108],[170.018,-43.349],[169.662,-43.591],[169.515,-43.624],[169.17,-43.777],[168.806,-43.992],[168.651,-43.972],[168.367,-44.082],[167.857,-44.501],[167.787,-44.595],[167.195,-44.963],[167.026,-45.124],[167.127,-45.266],[166.909,-45.307],[166.778,-45.41],[166.734,-45.544],[166.836,-45.775],[166.513,-45.812],[166.493,-45.964],[166.727,-45.963],[166.732,-46.198],[167.1,-46.249],[167.369,-46.242],[167.491,-46.155],[167.682,-46.193],[167.842,-46.366],[168.189,-46.362],[168.32,-46.447],[168.382,-46.605],[168.767,-46.566],[169.099,-46.631],[169.342,-46.621],[169.687,-46.552],[169.918,-46.334],[170.186,-46.161],[170.419,-45.941],[170.776,-45.871],[170.701,-45.684],[170.89,-45.374],[170.94,-45.216],[171.113,-45.039],[171.198,-44.768],[171.231,-44.521],[171.313,-44.302],[171.443,-44.136],[171.659,-44.117],[171.891,-44.007],[172.385,-43.83],[172.48,-43.727],[172.921,-43.891],[173.117,-43.798],[173.073,-43.676],[172.807,-43.621],[172.719,-43.259],[172.889,-43.124]]},"properties":{"scalerank":0,"featureclass":"Coastline"}},
{"type":"Feature","geometry":{"type":"LineString","coordinates":[[126.593,7.547],[126.57,7.677],[126.435,7.833],[126.459,8.203],[126.38,8.327],[126.365,8.484],[126.173,8.56],[126.142,8.627],[126.32,8.845],[126.305,8.952],[126.192,9.125],[126.193,9.277],[126.006,9.321],[125.877,9.513],[125.521,9.759],[125.414,9.669],[125.533,9.141],[125.499,9.015],[125.21,9.027],[125.141,8.869],[124.869,8.972],[124.787,8.874],[124.731,8.563],[124.622,8.523],[124.451,8.606],[124.325,8.508],[124.226,8.271],[123.997,8.159],[123.877,8.189],[123.849,8.433],[123.68,8.621],[123.435,8.703],[123.341,8.57],[123.147,8.516],[123.018,8.398],[122.996,8.221],[122.911,8.156],[122.673,8.133],[122.337,8.028],[122.132,7.81],[122.047,7.364],[121.925,7.2],[121.904,7.075],[121.964,6.968],[122.098,6.914],[122.176,7.004],[122.32,7.34],[122.498,7.673],[122.616,7.763],[122.792,7.722],[122.843,7.529],[122.99,7.546],[123.097,7.7],[123.178,7.529],[123.391,7.408],[123.493,7.808],[123.666,7.818],[123.968,7.665],[124.207,7.396],[124.191,7.267],[124.045,7.114],[123.985,6.994],[124.078,6.404],[124.213,6.233],[124.636,5.998],[124.927,5.875],[125.035,5.871],[125.174,6.047],[125.268,6.033],[125.233,5.808],[125.288,5.632],[125.456,5.664],[125.668,5.979],[125.671,6.225],[125.588,6.466],[125.381,6.69],[125.401,6.796],[125.542,7.017],[125.641,7.105],[125.689,7.263],[125.824,7.333],[125.901,7.117],[126.08,6.733],[126.11,6.49],[126.189,6.31],[126.24,6.734],[126.294,6.882],[126.439,7.012],[126.582,7.248],[126.593,7.547]]},"properties":{"scalerank":0,"featureclass":"Coastline"}},
{"type":"Feature","geometry":{"type":"LineString","coordinates":[[122.294,18.234],[122.179,18.064],[122.151,17.756],[122.237,17.435],[122.362,17.345],[122.408,17.178],[122.519,17.125],[122.426,16.823],[122.226,16.435],[122.135,16.185],[121.789,16.077],[121.595,15.933],[121.561,15.827],[121.607,15.67],[121.392,15.324],[121.544,14.999],[121.695,14.737],[121.627,14.682],[121.649,14.481],[121.8,14.114],[121.912,14.02],[122.212,13.93],[122.274,14.045],[122.2,14.148],[122.491,14.322],[122.856,14.251],[123.015,14.08],[123.071,13.96],[123.06,13.789],[123.231,13.747],[123.297,13.836],[123.32,14.062],[123.432,13.966],[123.726,13.884],[123.858,13.8],[123.806,13.722],[123.607,13.704],[123.608,13.528],[123.819,13.269],[123.785,13.111],[123.955,13.1],[124.143,13.036],[124.137,12.791],[124.06,12.567],[123.878,12.69],[123.918,12.94],[123.627,12.912],[123.402,13.033],[123.311,13.044],[123.296,13.216],[123.163,13.442],[122.896,13.592],[122.595,13.908],[122.468,13.887],[122.508,13.657],[122.668,13.395],[122.675,13.253],[122.515,13.26],[122.407,13.493],[122.073,13.788],[121.778,13.938],[121.501,13.842],[121.446,13.712],[121.204,13.64],[120.841,13.885],[120.729,13.901],[120.637,13.804],[120.617,14.188],[120.688,14.291],[120.922,14.493],[120.941,14.645],[120.888,14.716],[120.708,14.777],[120.547,14.766],[120.589,14.483],[120.439,14.453],[120.251,14.793],[120.082,14.851],[120.037,15.115],[119.933,15.431],[119.892,15.838],[119.769,16.008],[119.773,16.255],[119.831,16.327],[120.033,16.185],[120.16,16.048],[120.337,16.066],[120.389,16.222],[120.305,16.529],[120.321,16.762],[120.409,16.956],[120.425,17.438],[120.358,17.638],[120.6,18.508],[120.814,18.603],[121.102,18.615],[121.254,18.563],[121.593,18.376],[121.846,18.295],[122.038,18.328],[122.147,18.487],[122.3,18.403],[122.294,18.234]]},"properties":{"scalerank":0,"featureclass":"Coastline"}},
{"type":"Feature","geometry":{"type":"LineString","coordinates":[[140.662,-8.847],[140.49,-8.62],[140.102,-8.301],[139.935,-8.101],[139.649,-8.125],[139.386,-8.189],[139.193,-8.086],[138.933,-8.262],[138.856,-8.145],[138.936,-7.913],[139.003,-7.838],[139.088,-7.587],[138.938,-7.472],[138.748,-7.251],[138.919,-7.204],[138.72,-7.07],[138.601,-6.937],[138.865,-6.858],[138.727,-6.731],[138.698,-6.626],[138.439,-6.343],[138.296,-5.949],[138.252,-5.688],[138.087,-5.709],[138.061,-5.465],[137.759,-5.256],[137.307,-5.014],[137.089,-4.924],[136.857,-4.893],[136.619,-4.819],[136.394,-4.701],[136.211,-4.651],[135.98,-4.531],[135.45,-4.443],[135.196,-4.451],[134.754,-4.195],[134.68,-4.079],[134.708,-3.93],[134.547,-3.979],[134.391,-3.91],[134.266,-3.946],[134.147,-3.797],[133.974,-3.818],[133.723,-3.578],[133.653,-3.364],[133.518,-3.412],[133.542,-3.516],[133.415,-3.732],[133.401,-3.899],[133.249,-4.062],[132.969,-4.095],[132.837,-3.949],[132.754,-3.704],[132.87,-3.551],[132.751,-3.295],[132.348,-2.975],[132.054,-2.915],[131.971,-2.789],[132.231,-2.68],[132.575,-2.727],[132.725,-2.789],[132.897,-2.658],[133.034,-2.487],[133.191,-2.438],[133.609,-2.547],[133.7,-2.625],[133.753,-2.451],[133.905,-2.391],[133.922,-2.102],[133.71,-2.189],[133.488,-2.226],[133.225,-2.214],[132.963,-2.273],[132.503,-2.218],[132.308,-2.242],[132.023,-1.99],[131.936,-1.715],[131.93,-1.56],[131.731,-1.541],[131.294,-1.393],[131.118,-1.455],[130.996,-1.425],[131.046,-1.284],[131.152,-1.219],[131.254,-1.007],[131.257,-0.855],[131.462,-0.782],[131.804,-0.704],[132.128,-0.454],[132.394,-0.355],[132.625,-0.359],[132.856,-0.417],[133.077,-0.512],[133.473,-0.726],[133.975,-0.744],[134.112,-0.847],[134.072,-1.002],[134.26,-1.363],[134.217,-1.529],[134.106,-1.721],[134.156,-2.195],[134.195,-2.309],[134.46,-2.832],[134.483,-2.583],[134.627,-2.537],[134.702,-2.934],[134.843,-2.909],[134.853,-3.108],[134.917,-3.25],[135.037,-3.333],[135.372,-3.375],[135.487,-3.345],[135.628,-3.186],[135.859,-2.995],[136.013,-2.734],[136.243,-2.583],[136.39,-2.273],[136.843,-2.198],[137.072,-2.105],[137.171,-2.025],[137.123,-1.841],[137.381,-1.686],[137.806,-1.483],[137.911,-1.484],[138.111,-1.616],[138.65,-1.791],[138.811,-1.918],[139.039,-1.992],[139.79,-2.348],[140.155,-2.35],[140.251,-2.412],[140.623,-2.446],[140.747,-2.607],[141.186,-2.628],[141.687,-2.845],[141.888,-2.953],[141.986,-2.964],[142.212,-3.083],[142.905,-3.321],[143.509,-3.431],[144.016,-3.784],[144.122,-3.815],[144.478,-3.825],[144.627,-3.993],[144.738,-4.029],[144.938,-4.188],[145.088,-4.349],[145.335,-4.385],[145.767,-4.823],[145.793,-5.178],[145.745,-5.402],[145.853,-5.471],[146.205,-5.545],[146.403,-5.617],[147.034,-5.919],[147.377,-5.951],[147.567,-6.057],[147.802,-6.315],[147.846,-6.662],[147.71,-6.724],[147.356,-6.742],[147.119,-6.722],[146.954,-6.834],[146.961,-6.929],[147.105,-7.167],[147.19,-7.378],[147.724,-7.876],[147.936,-7.975],[148.127,-8.104],[148.247,-8.554],[148.451,-8.695],[148.583,-9.052],[148.792,-9.089],[149.097,-9.017],[149.248,-9.071],[149.264,-9.181],[149.203,-9.407],[149.263,-9.498],[149.476,-9.588],[149.756,-9.611],[149.974,-9.661],[149.985,-9.737],[149.761,-9.806],[149.874,-10.013],[150.364,-10.19],[150.667,-10.257],[150.637,-10.338],[150.446,-10.307],[150.489,-10.426],[150.647,-10.518],[150.482,-10.637],[150.32,-10.655],[150.017,-10.577],[149.948,-10.483],[149.754,-10.353],[149.353,-10.29],[148.937,-10.255],[148.713,-10.167],[148.383,-10.185],[148.15,-10.107],[148.051,-10.128],[147.769,-10.07],[147.553,-9.912],[147.408,-9.675],[147.017,-9.388],[146.925,-9.247],[146.913,-9.092],[146.697,-9.025],[146.456,-8.644],[146.296,-8.456],[146.184,-8.246],[146.033,-8.076],[145.729,-7.952],[145.468,-7.93],[145.288,-7.862],[144.974,-7.802],[144.773,-7.642],[144.51,-7.567],[144.225,-7.765],[143.898,-7.674],[143.942,-7.944],[143.779,-8.028],[143.552,-7.985],[143.614,-8.2],[143.095,-8.311],[142.798,-8.345],[143.112,-8.475],[143.307,-8.661],[143.392,-8.802],[143.366,-8.961],[142.859,-9.203],[142.647,-9.328],[142.23,-9.17],[141.622,-9.211],[141.406,-9.151],[141.133,-9.221],[140.925,-9.085],[140.662,-8.847]]},"properties":{"scalerank":0,"featureclass":"Coastline"}},
{"type":"Feature","geometry":{"type":"LineString","coordinates":[[119.772,-0.484],[119.722,-0.088],[119.866,0.04],[119.809,0.239],[119.913,0.445],[120.035,0.567],[120.056,0.693],[120.23,0.861],[120.27,0.971],[120.517,0.818],[120.603,0.854],[120.755,1.036],[120.912,1.289],[121.082,1.328],[121.208,1.263],[121.44,1.214],[121.592,1.068],[121.867,1.089],[122.108,1.031],[122.437,1.018],[122.892,0.85],[122.96,0.923],[123.278,0.928],[123.847,0.838],[123.931,0.85],[124.274,1.022],[124.411,1.185],[124.534,1.23],[124.6,1.392],[124.788,1.468],[124.989,1.701],[125.165,1.644],[125.234,1.502],[125.117,1.379],[125.028,1.18],[124.889,0.995],[124.698,0.826],[124.428,0.471],[124.217,0.38],[123.754,0.306],[123.265,0.327],[123.083,0.486],[122.281,0.481],[121.842,0.437],[121.426,0.495],[121.013,0.442],[120.7,0.515],[120.46,0.51],[120.349,0.449],[120.127,0.167],[120.013,-0.196],[120.032,-0.432],[120.097,-0.65],[120.27,-0.899],[120.518,-1.039],[120.667,-1.37],[121.034,-1.407],[121.149,-1.339],[121.277,-1.118],[121.519,-0.856],[121.633,-0.84],[121.738,-0.926],[121.97,-0.933],[122.28,-0.757],[122.659,-0.77],[122.889,-0.755],[122.829,-0.659],[123.171,-0.571],[123.38,-0.649],[123.434,-0.778],[123.378,-1.004],[123.226,-1.002],[123.049,-0.872],[122.807,-0.966],[122.507,-1.348],[122.334,-1.498],[122.158,-1.594],[121.859,-1.693],[121.719,-1.863],[121.573,-1.906],[121.395,-1.834],[121.349,-1.946],[121.502,-2.045],[121.575,-2.151],[121.726,-2.208],[121.848,-2.332],[122.083,-2.75],[122.292,-2.908],[122.307,-3.052],[122.399,-3.201],[122.317,-3.275],[122.253,-3.62],[122.435,-3.74],[122.61,-3.923],[122.69,-4.084],[122.877,-4.109],[122.897,-4.349],[122.722,-4.411],[122.471,-4.422],[122.207,-4.496],[122.054,-4.62],[122.073,-4.792],[121.917,-4.848],[121.589,-4.76],[121.487,-4.581],[121.541,-4.283],[121.618,-4.093],[121.537,-4.015],[121.313,-3.919],[120.914,-3.556],[120.907,-3.404],[121.054,-3.167],[121.052,-2.752],[120.99,-2.67],[120.765,-2.642],[120.654,-2.668],[120.341,-2.87],[120.254,-3.053],[120.392,-3.348],[120.437,-3.707],[120.383,-3.852],[120.363,-4.086],[120.42,-4.617],[120.31,-4.963],[120.279,-5.146],[120.391,-5.393],[120.312,-5.542],[119.952,-5.578],[119.717,-5.693],[119.557,-5.611],[119.376,-5.425],[119.36,-5.314],[119.52,-4.877],[119.516,-4.742],[119.612,-4.424],[119.624,-4.034],[119.494,-3.769],[119.495,-3.554],[119.42,-3.475],[119.24,-3.475],[118.995,-3.538],[118.868,-3.398],[118.813,-3.157],[118.858,-2.929],[118.784,-2.765],[118.853,-2.65],[119.092,-2.483],[119.172,-2.14],[119.322,-1.93],[119.348,-1.825],[119.308,-1.66],[119.309,-1.408],[119.508,-0.907],[119.711,-0.681],[119.845,-0.773],[119.772,-0.484]]},"properties":{"scalerank":0,"featureclass":"Coastline"}},
{"type":"Feature","geometry":{"type":"LineString","coordinates":[[110.607,-8.149],[111.055,-8.24],[111.339,-8.262],[111.51,-8.305],[112.115,-8.324],[112.679,-8.409],[113.134,-8.288],[113.253,-8.287],[113.693,-8.478],[114.16,-8.626],[114.277,-8.615],[114.383,-8.705],[114.584,-8.77],[114.595,-8.685],[114.482,-8.604],[114.387,-8.405],[114.385,-8.263],[114.444,-7.896],[114.383,-7.771],[114.071,-7.633],[113.747,-7.703],[113.248,-7.718],[113.014,-7.658],[112.795,-7.552],[112.794,-7.304],[112.649,-7.221],[112.539,-6.926],[112.087,-6.893],[111.99,-6.806],[111.738,-6.773],[111.54,-6.648],[111.342,-6.7],[111.154,-6.669],[110.972,-6.436],[110.737,-6.472],[110.584,-6.806],[110.426,-6.947],[110.198,-6.895],[109.821,-6.902],[109.501,-6.81],[109.294,-6.867],[109.018,-6.817],[108.678,-6.791],[108.604,-6.729],[108.516,-6.471],[108.295,-6.265],[108.138,-6.297],[107.884,-6.233],[107.667,-6.216],[107.475,-6.122],[107.332,-5.978],[107.046,-5.904],[107.012,-6.008],[106.825,-6.098],[106.676,-6.038],[106.166,-5.965],[106.075,-5.914],[105.868,-6.116],[105.787,-6.457],[105.655,-6.47],[105.581,-6.671],[105.484,-6.782],[105.273,-6.729],[105.255,-6.835],[105.944,-6.859],[106.198,-6.928],[106.52,-7.054],[106.417,-7.239],[106.455,-7.369],[106.631,-7.416],[107.285,-7.472],[107.547,-7.542],[107.917,-7.724],[108.221,-7.782],[108.452,-7.797],[108.571,-7.707],[108.741,-7.667],[108.987,-7.704],[109.282,-7.705],[109.853,-7.828],[110.039,-7.891],[110.607,-8.149]]},"properties":{"scalerank":0,"featureclass":"Coastline"}},
{"type":"Feature","geometry":{"type":"LineString","coordinates":[[100.817,2.14],[100.828,2.243],[100.936,2.295],[101.046,2.257],[101.301,2.012],[101.405,1.757],[101.477,1.693],[101.785,1.621],[102.02,1.442],[102.157,1.259],[102.239,0.99],[102.469,0.779],[102.849,0.715],[102.949,0.664],[103.067,0.492],[102.896,0.279],[103.277,0.495],[103.479,0.48],[103.673,0.289],[103.787,0.047],[103.429,-0.192],[103.405,-0.362],[103.509,-0.466],[103.431,-0.534],[103.533,-0.755],[103.721,-0.887],[104.199,-1.054],[104.361,-1.038],[104.447,-1.362],[104.516,-1.819],[104.569,-1.922],[104.845,-2.093],[104.826,-2.234],[104.668,-2.386],[104.631,-2.543],[104.736,-2.571],[104.878,-2.419],[105.026,-2.358],[105.397,-2.38],[105.582,-2.492],[105.899,-2.888],[106.044,-3.106],[106.058,-3.217],[105.901,-3.41],[105.844,-3.614],[105.928,-3.881],[105.831,-4.163],[105.887,-4.554],[105.887,-5.01],[105.816,-5.677],[105.748,-5.818],[105.619,-5.8],[105.523,-5.673],[105.349,-5.55],[105.081,-5.746],[104.64,-5.52],[104.618,-5.642],[104.684,-5.893],[104.602,-5.905],[104.067,-5.386],[103.831,-5.08],[103.406,-4.816],[103.139,-4.596],[102.919,-4.471],[102.538,-4.152],[102.372,-3.969],[102.128,-3.599],[101.818,-3.378],[101.579,-3.167],[101.306,-2.729],[101.119,-2.588],[100.944,-2.345],[100.848,-2.144],[100.855,-1.934],[100.487,-1.299],[100.394,-1.101],[100.308,-0.827],[100.088,-0.553],[99.86,-0.314],[99.721,-0.033],[99.598,0.102],[99.335,0.209],[99.159,0.352],[98.936,1.032],[98.796,1.495],[98.703,1.702],[98.564,1.902],[98.005,2.238],[97.795,2.283],[97.701,2.359],[97.591,2.847],[97.391,2.975],[96.969,3.575],[96.801,3.709],[96.525,3.767],[96.445,3.816],[96.23,4.073],[95.988,4.263],[95.495,4.761],[95.207,5.284],[95.247,5.411],[95.228,5.565],[95.396,5.629],[95.629,5.609],[95.841,5.515],[96.133,5.294],[96.615,5.22],[96.843,5.274],[97.19,5.207],[97.451,5.236],[97.547,5.206],[97.908,4.88],[98.021,4.635],[98.248,4.415],[98.241,4.195],[98.307,4.093],[98.659,3.928],[98.778,3.759],[99.151,3.581],[99.521,3.311],[99.732,3.183],[99.907,2.988],[100.127,2.648],[100.307,2.467],[100.457,2.257],[100.604,2.137],[100.817,2.14]]},"properties":{"scalerank":0,"featureclass":"Coastline"}},
{"type":"Feature","geometry":{"type":"LineString","coordinates":[[112.119,2.915],[111.728,2.854],[111.513,2.743],[111.443,2.634],[111.444,2.382],[111.242,2.436],[111.196,2.297],[111.268,2.14],[111.17,1.902],[111.154,1.739],[110.94,1.517],[110.675,1.548],[110.349,1.72],[110.246,1.695],[109.985,1.718],[109.72,1.858],[109.629,2.028],[109.379,1.923],[109.273,1.705],[109.076,1.496],[108.959,1.135],[108.906,0.794],[108.945,0.356],[109.075,0.253],[109.258,0.031],[109.195,-0.009],[109.122,-0.265],[109.161,-0.495],[109.373,-0.638],[109.271,-0.732],[109.333,-0.875],[109.454,-0.869],[109.787,-1.011],[109.938,-1.181],[110.019,-1.399],[110.023,-1.643],[109.96,-1.863],[110.075,-1.946],[110.224,-2.689],[110.233,-2.925],[110.574,-2.891],[110.703,-3.021],[110.811,-2.938],[110.869,-3.049],[111.044,-3.056],[111.368,-2.934],[111.625,-2.975],[111.695,-2.889],[111.823,-3.057],[111.822,-3.533],[111.955,-3.53],[112.127,-3.381],[112.285,-3.321],[112.6,-3.4],[112.971,-3.187],[113.034,-2.933],[113.343,-3.246],[113.526,-3.184],[113.63,-3.246],[113.634,-3.42],[113.796,-3.456],[113.959,-3.394],[114.082,-3.279],[114.446,-3.482],[114.536,-3.494],[114.606,-3.703],[114.625,-4.112],[114.694,-4.17],[115.258,-3.907],[115.956,-3.595],[116.058,-3.348],[116.167,-3.183],[116.172,-3.025],[116.331,-2.902],[116.375,-2.578],[116.529,-2.511],[116.565,-2.3],[116.528,-2.208],[116.314,-2.14],[116.424,-2.053],[116.424,-1.785],[116.554,-1.474],[116.715,-1.376],[116.771,-1.267],[117.003,-1.188],[117.241,-0.926],[117.563,-0.771],[117.549,-0.554],[117.463,-0.324],[117.522,0.236],[117.745,0.73],[117.923,0.831],[118.016,1.039],[118.196,0.874],[118.535,0.814],[118.892,0.887],[118.985,0.982],[118.639,1.319],[118.472,1.416],[118.08,1.702],[117.865,1.968],[117.881,2.061],[118.042,2.215],[118.067,2.318],[117.886,2.542],[117.786,2.747],[117.639,2.825],[117.611,3.064],[117.352,3.194],[117.385,3.365],[117.166,3.592],[117.172,3.639],[117.45,3.629],[117.51,3.73],[117.63,3.636],[117.777,3.689],[117.728,3.797],[117.566,3.93],[117.465,4.076],[117.741,4.338],[118.008,4.25],[118.498,4.362],[118.563,4.502],[118.324,4.669],[118.185,4.829],[118.261,4.989],[118.382,5.019],[118.672,4.964],[119.132,5.1],[119.25,5.199],[119.223,5.413],[118.957,5.429],[118.595,5.592],[118.456,5.763],[118.249,5.821],[117.974,5.706],[117.935,5.788],[118.116,5.863],[118.004,6.053],[117.818,5.94],[117.617,5.941],[117.65,6.074],[117.616,6.197],[117.696,6.272],[117.646,6.474],[117.294,6.677],[117.252,6.919],[117.129,6.969],[116.913,6.66],[116.808,6.691],[116.833,6.952],[116.75,6.977],[116.495,6.522],[116.138,6.13],[116.06,5.882],[115.797,5.536],[115.556,5.567],[115.419,5.413],[115.467,5.254],[115.582,5.194],[115.52,5.049],[115.375,4.933],[115.027,4.9],[114.995,5.022],[114.741,4.881],[114.545,4.725],[114.299,4.607],[114.054,4.593],[113.924,4.243],[113.712,4.001],[113.446,3.741],[113.045,3.205],[112.737,3.07],[112.119,2.915]]},"properties":{"scalerank":0,"featureclass":"Coastline"}},
{"type":"Feature","geometry":{"type":"LineString","coordinates":[[58.618,74.227],[58.535,74.499],[59.101,74.508],[59.24,74.693],[60.222,74.797],[60.655,75.055],[61.356,75.315],[63.659,75.669],[64.263,75.72],[66.282,75.984],[68.165,76.285],[68.9,76.573],[68.873,76.79],[68.486,76.934],[67.535,77.008],[66.829,76.924],[66.063,76.746],[65.863,76.613],[64.463,76.378],[62.971,76.237],[62.471,76.23],[61.787,76.291],[61.202,76.282],[61.054,76.12],[60.279,76.096],[60.036,75.984],[58.881,75.855],[57.783,75.507],[57.607,75.341],[57.088,75.384],[56.57,75.098],[56.036,75.194],[55.81,75.125],[55.998,75.003],[56.499,74.957],[55.914,74.796],[55.582,74.628],[56.078,74.481],[55.341,74.42],[54.643,73.96],[53.763,73.766],[54.205,73.542],[54.3,73.351],[55.007,73.454],[55.549,73.357],[56.43,73.297],[56.964,73.367],[57.134,73.504],[57.543,73.658],[57.872,73.85],[57.767,74.014],[58.441,74.129],[58.618,74.227]]},"properties":{"scalerank":0,"featureclass":"Coastline"}},
{"type":"Feature","geometry":{"type":"LineString","coordinates":[[51.583,72.071],[51.885,72.153],[52.252,72.13],[52.622,72.301],[52.917,72.669],[52.529,72.737],[52.812,72.875],[53.247,72.973],[53.198,73.148],[53.753,73.293],[54.091,73.276],[54.804,73.388],[55.32,73.308],[56.138,73.256],[56.43,73.201],[56.189,73.033],[56.084,72.789],[55.723,72.766],[55.616,72.599],[55.356,72.465],[55.518,72.221],[55.298,71.935],[56.043,71.346],[56.454,71.107],[56.895,70.927],[57.625,70.729],[57.146,70.589],[56.649,70.647],[56.435,70.563],[56.142,70.658],[55.687,70.692],[54.601,70.68],[53.722,70.814],[53.588,71.052],[53.886,71.196],[53.41,71.34],[53.364,71.542],[52.909,71.495],[52.419,71.537],[51.813,71.491],[51.59,71.571],[51.439,71.777],[51.583,72.071]]},"properties":{"scalerank":0,"featureclass":"Coastline"}},
{"type":"Feature","geometry":{"type":"LineString","coordinates":[[142.335,54.281],[142.67,53.968],[142.643,53.737],[142.509,53.588],[142.526,53.447],[142.319,53.405],[142.142,53.496],[141.964,53.456],[141.824,53.34],[141.874,53.039],[141.803,52.556],[141.661,52.273],[141.668,51.933],[141.808,51.789],[141.722,51.736],[142.006,51.521],[142.207,51.223],[142.208,50.998],[142.1,50.776],[142.071,50.515],[142.153,50.217],[142.142,49.569],[142.02,49.078],[141.866,48.75],[142.135,48.29],[142.182,48.013],[141.964,47.587],[142.039,47.14],[141.867,46.694],[141.83,46.451],[141.962,46.013],[142.077,45.917],[142.209,46.089],[142.406,46.555],[142.578,46.701],[142.829,46.605],[143.282,46.559],[143.352,46.476],[143.419,46.222],[143.581,46.361],[143.447,46.792],[143.218,46.795],[143.006,47.223],[142.864,47.392],[142.67,47.537],[142.557,47.738],[142.574,48.072],[143.105,49.199],[143.382,49.291],[143.732,49.312],[144.125,49.209],[144.536,48.894],[144.272,49.311],[144.048,49.896],[143.816,50.283],[143.736,50.507],[143.455,51.471],[143.321,51.583],[143.295,51.744],[143.156,52.084],[143.172,52.349],[143.324,52.614],[143.325,52.963],[143.224,53.296],[142.918,53.794],[142.976,54.141],[142.761,54.394],[142.552,54.279],[142.335,54.281]]},"properties":{"scalerank":0,"featureclass":"Coastline"}},
{"type":"Feature","geometry":{"type":"LineString","coordinates":[[145.214,43.578],[145.101,43.765],[145.126,43.869],[145.352,44.23],[145.343,44.334],[144.799,43.94],[144.482,43.95],[144.101,44.102],[143.759,44.132],[143.655,44.221],[143.289,44.397],[142.885,44.67],[142.704,44.819],[142.416,45.125],[141.938,45.51],[141.668,45.401],[141.583,45.156],[141.719,44.941],[141.782,44.716],[141.761,44.483],[141.661,44.264],[141.645,44.019],[141.398,43.643],[141.412,43.381],[141.296,43.2],[141.138,43.18],[140.781,43.215],[140.487,43.338],[140.397,43.167],[140.486,43.05],[140.432,42.954],[140.224,42.796],[139.891,42.649],[139.821,42.388],[139.895,42.19],[140.057,42.067],[140.108,41.913],[139.995,41.576],[140.149,41.423],[140.385,41.519],[140.489,41.672],[140.66,41.816],[141,41.737],[141.151,41.805],[140.734,42.116],[140.528,42.132],[140.315,42.334],[140.48,42.559],[140.71,42.556],[140.986,42.342],[141.407,42.547],[141.851,42.579],[142.508,42.258],[143.237,42],[143.429,42.419],[143.581,42.599],[143.969,42.881],[144.302,42.984],[144.631,42.947],[145.029,43.032],[145.347,43.177],[145.341,43.303],[145.214,43.578]]},"properties":{"scalerank":0,"featureclass":"Coastline"}},
{"type":"Feature","geometry":{"type":"LineString","coordinates":[[133.142,34.302],[133.019,34.33],[132.657,34.246],[132.421,34.353],[132.238,34.227],[132.202,34.032],[132.09,33.855],[131.741,34.052],[131.476,34.019],[131.233,33.948],[131.072,34.021],[130.919,33.976],[130.889,34.262],[131.004,34.393],[131.354,34.413],[131.608,34.615],[131.856,34.726],[132.619,35.307],[132.698,35.418],[132.923,35.511],[133.267,35.557],[133.376,35.459],[133.615,35.511],[133.86,35.495],[134.214,35.539],[134.456,35.628],[134.882,35.663],[135.174,35.747],[135.232,35.592],[135.327,35.526],[135.68,35.503],[135.903,35.607],[136.095,35.768],[136.006,35.991],[136.156,36.223],[136.359,36.362],[136.698,36.742],[136.749,36.951],[136.719,37.198],[136.843,37.382],[137.323,37.522],[137.338,37.437],[137.152,37.283],[136.924,37.172],[137.017,36.837],[137.124,36.774],[137.343,36.77],[137.514,36.952],[137.913,37.065],[138.32,37.218],[138.548,37.392],[138.709,37.561],[138.885,37.844],[139.247,38.009],[139.401,38.143],[139.477,38.4],[139.58,38.599],[139.802,38.882],[139.912,39.229],[140.048,39.464],[140.055,39.749],[139.908,40.022],[140.014,40.315],[139.923,40.598],[140.029,40.733],[140.281,40.846],[140.344,41.006],[140.315,41.161],[140.386,41.23],[140.628,41.195],[140.679,40.893],[140.801,40.834],[140.936,40.941],[141.119,40.882],[141.262,41.103],[141.2,41.244],[140.801,41.139],[140.86,41.425],[140.937,41.506],[141.269,41.354],[141.455,41.405],[141.4,41.096],[141.463,40.611],[141.646,40.474],[141.797,40.291],[141.978,39.844],[141.977,39.429],[141.901,39.111],[141.659,38.975],[141.546,38.763],[141.467,38.404],[141.108,38.338],[140.962,38.149],[140.928,37.95],[141.036,37.467],[140.968,37.002],[140.792,36.847],[140.627,36.503],[140.574,36.231],[140.622,36.059],[140.874,35.725],[140.639,35.661],[140.457,35.51],[140.417,35.267],[140.315,35.155],[140.059,35.038],[139.92,34.9],[139.799,34.957],[139.826,35.297],[140.086,35.54],[139.988,35.668],[139.835,35.658],[139.768,35.495],[139.65,35.409],[139.744,35.252],[139.636,35.142],[139.474,35.299],[139.249,35.278],[139.116,35.097],[139.086,34.839],[138.983,34.698],[138.838,34.619],[138.761,34.699],[138.803,34.975],[138.72,35.124],[138.577,35.086],[138.253,34.733],[138.189,34.596],[137.979,34.641],[137.543,34.664],[137.318,34.636],[137.275,34.773],[137.032,34.766],[136.885,34.806],[136.852,35.06],[136.69,34.984],[136.533,34.678],[136.616,34.589],[136.88,34.434],[136.854,34.324],[136.544,34.258],[136.33,34.177],[135.916,33.562],[135.695,33.487],[135.453,33.553],[135.347,33.722],[135.175,33.898],[135.128,34.007],[135.1,34.288],[135.385,34.5],[135.355,34.654],[135.042,34.631],[134.74,34.765],[134.584,34.771],[134.208,34.698],[133.968,34.527],[133.445,34.433],[133.142,34.302]]},"properties":{"scalerank":0,"featureclass":"Coastline"}},
{"type":"Feature","geometry":{"type":"LineString","coordinates":[[134.695,33.928],[134.635,34.044],[134.638,34.227],[134.496,34.215],[134.076,34.358],[133.948,34.348],[133.706,34.237],[133.582,34.017],[133.134,33.927],[132.99,34.088],[132.784,33.992],[132.643,33.69],[132.366,33.512],[132.405,33.331],[132.511,33.293],[132.476,33.126],[132.495,32.917],[132.709,32.902],[132.692,32.776],[132.87,32.755],[132.977,32.842],[133.286,33.36],[133.632,33.511],[133.959,33.448],[134.182,33.247],[134.243,33.439],[134.377,33.608],[134.739,33.821],[134.695,33.928]]},"properties":{"scalerank":0,"featureclass":"Coastline"}},
{"type":"Feature","geometry":{"type":"LineString","coordinates":[[131.977,32.844],[131.949,33.047],[131.848,33.118],[131.897,33.255],[131.537,33.274],[131.711,33.502],[131.583,33.652],[131.419,33.584],[131.175,33.603],[131.058,33.673],[130.953,33.872],[130.716,33.928],[130.484,33.835],[130.365,33.634],[130.168,33.598],[130.072,33.522],[129.66,33.365],[129.58,33.236],[129.897,33.022],[129.828,32.893],[129.827,32.725],[130.054,32.771],[130.246,32.677],[130.34,32.702],[130.326,32.853],[130.175,32.851],[130.127,33.105],[130.238,33.178],[130.382,33.093],[130.547,32.832],[130.641,32.619],[130.462,32.305],[130.319,32.144],[130.194,32.091],[130.188,31.769],[130.322,31.601],[130.294,31.451],[130.147,31.408],[130.201,31.292],[130.589,31.179],[130.645,31.267],[130.528,31.46],[130.655,31.718],[130.79,31.269],[130.686,31.015],[130.902,31.112],[131.098,31.256],[131.035,31.378],[131.14,31.442],[131.337,31.405],[131.46,31.671],[131.46,31.883],[131.565,32.223],[131.732,32.593],[131.977,32.844]]},"properties":{"scalerank":0,"featureclass":"Coastline"}},
{"type":"Feature","geometry":{"type":"LineString","coordinates":[[121.905,25.056],[121.594,25.275],[121.45,25.249],[121.365,25.159],[121.041,25.033],[120.902,24.813],[120.63,24.479],[120.159,23.709],[120.143,23.399],[120.072,23.15],[120.233,22.718],[120.326,22.542],[120.581,22.356],[120.678,22.16],[120.69,22.033],[120.84,21.925],[120.897,22.379],[121.009,22.62],[121.296,22.967],[121.397,23.173],[121.477,23.424],[121.639,24.13],[121.737,24.285],[121.828,24.534],[121.82,24.825],[121.929,24.974],[121.905,25.056]]},"properties":{"scalerank":0,"featureclass":"Coastline"}},
{"type":"Feature","geometry":{"type":"LineString","coordinates":[[110.971,19.883],[110.679,20.137],[110.588,19.976],[110.418,20.055],[110.172,20.054],[109.906,19.963],[109.651,19.984],[109.514,19.904],[109.315,19.904],[109.219,19.843],[109.179,19.674],[109.063,19.614],[108.694,19.338],[108.65,19.265],[108.636,18.908],[108.702,18.535],[109.03,18.368],[109.4,18.281],[109.519,18.218],[109.703,18.259],[109.816,18.397],[110.067,18.448],[110.049,18.505],[110.252,18.656],[110.451,18.748],[110.572,19.172],[110.822,19.558],[111.014,19.655],[110.971,19.883]]},"properties":{"scalerank":0,"featureclass":"Coastline"}},
{"type":"Feature","geometry":{"type":"LineString","coordinates":[[81.832,7.428],[81.683,7.684],[81.665,7.782],[81.436,8.119],[81.373,8.431],[81.227,8.506],[81.198,8.662],[80.893,9.086],[80.711,9.366],[80.376,9.642],[80.253,9.796],[79.982,9.813],[80.086,9.578],[80.118,9.327],[80.065,9.096],[79.929,8.899],[79.942,8.692],[79.851,8.412],[79.809,8.05],[79.708,8.066],[79.792,7.585],[79.859,6.829],[80.007,6.364],[80.095,6.153],[80.267,6.01],[80.496,5.949],[80.724,5.979],[81.38,6.241],[81.637,6.425],[81.768,6.614],[81.861,6.901],[81.874,7.288],[81.832,7.428]]},"properties":{"scalerank":0,"featureclass":"Coastline"}},
{"type":"Feature","geometry":{"type":"LineString","coordinates":[[44.405,-19.922],[44.449,-19.429],[44.239,-19.075],[44.233,-18.741],[44.109,-18.504],[44.04,-18.288],[43.994,-17.69],[43.944,-17.581],[43.979,-17.392],[44.421,-16.703],[44.427,-16.289],[44.476,-16.217],[44.909,-16.175],[45.167,-15.983],[45.342,-16.037],[45.598,-15.993],[45.7,-15.814],[46.331,-15.714],[46.475,-15.513],[46.882,-15.23],[46.993,-15.243],[47.032,-15.423],[47.133,-15.362],[47.093,-15.15],[47.28,-14.943],[47.352,-14.766],[47.496,-14.818],[47.525,-14.992],[47.812,-14.545],[47.773,-14.37],[47.996,-13.96],[47.901,-13.858],[47.896,-13.731],[48.04,-13.596],[48.255,-13.719],[48.405,-13.538],[48.621,-13.426],[48.796,-13.267],[48.91,-12.936],[48.894,-12.722],[48.786,-12.471],[48.9,-12.458],[49.207,-12.08],[49.312,-12.124],[49.364,-12.236],[49.538,-12.432],[49.638,-12.637],[49.938,-13.072],[49.967,-13.27],[50.073,-13.578],[50.174,-14.04],[50.235,-14.732],[50.313,-14.937],[50.441,-15.149],[50.483,-15.386],[50.405,-15.629],[50.209,-15.96],[50.02,-15.802],[49.893,-15.458],[49.744,-15.45],[49.65,-15.567],[49.697,-15.811],[49.713,-16.077],[49.831,-16.256],[49.839,-16.487],[49.734,-16.703],[49.767,-16.815],[49.637,-16.893],[49.54,-17.033],[49.437,-17.347],[49.494,-17.67],[49.478,-17.899],[49.363,-18.336],[49.203,-18.792],[49.06,-19.12],[48.918,-19.53],[48.797,-19.953],[48.607,-20.458],[48.469,-20.9],[48.351,-21.349],[48.176,-21.843],[47.908,-22.466],[47.858,-22.747],[47.739,-23.233],[47.604,-23.633],[47.558,-23.875],[47.373,-24.218],[47.273,-24.564],[47.177,-24.787],[47.035,-24.979],[46.729,-25.15],[46.387,-25.173],[46.159,-25.23],[45.508,-25.563],[45.115,-25.543],[44.813,-25.334],[44.346,-25.226],[44.256,-25.117],[44.035,-24.996],[43.852,-24.538],[43.688,-24.358],[43.646,-23.742],[43.722,-23.53],[43.57,-23.08],[43.398,-22.886],[43.265,-22.384],[43.267,-22.049],[43.343,-21.79],[43.438,-21.647],[43.502,-21.356],[43.8,-21.179],[43.911,-20.866],[44.24,-20.38],[44.348,-20.146],[44.405,-19.922]]},"properties":{"scalerank":0,"featureclass":"Coastline"}},
{"type":"Feature","geometry":null,"properties":{"scalerank":0,"featureclass":"Coastline"}},
{"type":"Feature","geometry":null,"properties":{"scalerank":0,"featureclass":"Coastline"}},
{"type":"Feature","geometry":null,"properties":{"scalerank":0,"featureclass":"Coastline"}},
{"type":"Feature","geometry":{"type":"LineString","coordinates":[[-160.25,-79.271],[-161.643,-78.901],[-162.39,-78.76],[-163.256,-78.722],[-164.126,-78.995],[-164.226,-79.321],[-163.712,-79.442],[-161.866,-79.704],[-160.302,-79.845],[-159.053,-79.807],[-158.997,-79.735],[-159.684,-79.402],[-160.25,-79.271]]},"properties":{"scalerank":0,"featureclass":"Coastline"}},
{"type":"Feature","geometry":{"type":"LineString","coordinates":[[-66.728,-78.384],[-67.479,-78.362],[-70.544,-78.884],[-71.254,-79.06],[-71.667,-79.246],[-71.784,-79.444],[-71.526,-79.624],[-70.984,-79.674],[-69.732,-79.618],[-69.686,-79.443],[-69.251,-79.21],[-67.481,-78.682],[-66.728,-78.384]]},"properties":{"scalerank":0,"featureclass":"Coastline"}},
{"type":"Feature","geometry":{"type":"LineString","coordinates":[[-43.947,-78.598],[-43.809,-78.287],[-44.34,-78.093],[-45.53,-77.881],[-46.826,-77.785],[-47.692,-77.84],[-49.081,-78.047],[-49.354,-78.222],[-50.22,-78.605],[-50.733,-79.283],[-50.339,-79.479],[-51.711,-79.99],[-52.297,-80.141],[-53.482,-80.189],[-54.347,-80.569],[-54.162,-80.87],[-49.773,-80.784],[-49.187,-80.643],[-43.528,-80.191],[-43.758,-80.021],[-43.267,-79.979],[-42.99,-79.801],[-42.965,-79.477],[-43.544,-78.902],[-43.722,-78.818],[-45.352,-78.791],[-45.068,-78.661],[-43.947,-78.598]]},"properties":{"scalerank":0,"featureclass":"Coastline"}},
{"type":"Feature","geometry":{"type":"LineString","coordinates":[[-59.498,-80.115],[-59.873,-79.777],[-60.579,-79.741],[-61.343,-79.887],[-61.694,-80.134],[-61.313,-80.307],[-62.519,-80.373],[-65.98,-80.384],[-66.184,-80.442],[-64.268,-80.749],[-64.065,-80.65],[-63.144,-80.595],[-62.94,-80.766],[-62.023,-80.889],[-60.583,-80.948],[-59.825,-80.733],[-59.734,-80.344],[-59.498,-80.115]]},"properties":{"scalerank":0,"featureclass":"Coastline"}},
{"type":"Feature","geometry":{"type":"LineString","coordinates":[[-70.543,-72.664],[-69.209,-72.534],[-69.149,-72.427],[-68.64,-72.21],[-68.241,-71.822],[-68.278,-71.097],[-68.336,-70.856],[-68.731,-70.408],[-69.091,-70.09],[-69.417,-69.583],[-69.708,-69.321],[-70.053,-69.14],[-70.105,-68.959],[-70.417,-68.789],[-71.392,-68.874],[-71.869,-68.941],[-72.138,-69.115],[-72.081,-69.267],[-71.743,-69.423],[-71.854,-69.969],[-71.696,-70.068],[-71.121,-70.196],[-70.72,-70.139],[-70.328,-70.16],[-69.975,-70.36],[-70.328,-70.361],[-71.061,-70.537],[-71.19,-70.66],[-71.049,-70.762],[-70.299,-70.836],[-70.268,-70.965],[-71.194,-70.985],[-71.719,-71.145],[-72.356,-71.075],[-73.06,-71.127],[-72.905,-71.223],[-72.43,-71.275],[-72.622,-71.388],[-73.397,-71.321],[-73.604,-71.351],[-73.545,-71.573],[-74.187,-71.383],[-74.425,-71.457],[-74.392,-71.638],[-74.863,-71.543],[-75.293,-71.615],[-75.353,-71.878],[-74.786,-72.064],[-74.429,-72.056],[-73.899,-72.152],[-73.537,-72.022],[-73.633,-71.835],[-72.928,-71.922],[-72.412,-71.662],[-71.816,-71.822],[-70.821,-71.907],[-71.107,-72.047],[-71.898,-72.121],[-71.413,-72.284],[-70.641,-72.17],[-70.206,-72.228],[-70.428,-72.323],[-70.873,-72.366],[-72.135,-72.331],[-72.618,-72.275],[-73.086,-72.408],[-72.888,-72.547],[-72.367,-72.67],[-71.846,-72.639],[-70.731,-72.623],[-70.543,-72.664]]},"properties":{"scalerank":0,"featureclass":"Coastline"}},
{"type":"Feature","geometry":{"type":"LineString","coordinates":[[-65.747,-54.653],[-66.236,-54.533],[-66.67,-54.314],[-67.294,-54.05],[-68.008,-53.564],[-68.144,-53.319],[-68.489,-53.261],[-68.431,-53.055],[-68.278,-52.984],[-68.571,-52.695],[-68.79,-52.577],[-69.167,-52.668],[-69.414,-52.486],[-69.498,-52.491],[-69.764,-52.731],[-69.994,-52.821],[-70.19,-52.724],[-70.38,-52.752],[-70.131,-52.943],[-70.391,-53.026],[-70.46,-53.206],[-70.329,-53.378],[-70.09,-53.418],[-69.637,-53.334],[-69.394,-53.373],[-69.352,-53.48],[-69.95,-53.672],[-70.149,-53.761],[-70.151,-53.888],[-69.988,-54.109],[-69.044,-54.407],[-69.253,-54.557],[-69.419,-54.407],[-69.742,-54.306],[-69.867,-54.367],[-70.169,-54.379],[-70.38,-54.181],[-70.535,-54.136],[-70.63,-54.006],[-70.38,-53.987],[-70.531,-53.627],[-70.696,-53.727],[-70.644,-53.823],[-70.868,-53.884],[-70.863,-54.11],[-70.76,-54.241],[-70.54,-54.303],[-70.298,-54.486],[-70.701,-54.485],[-70.699,-54.349],[-70.898,-54.338],[-71.159,-54.451],[-71.355,-54.395],[-71.606,-54.497],[-71.716,-54.444],[-71.928,-54.529],[-71.832,-54.626],[-71.441,-54.62],[-71.229,-54.694],[-70.925,-54.714],[-70.497,-54.81],[-70.282,-54.752],[-70.031,-54.816],[-69.723,-54.712],[-69.486,-54.859],[-69.082,-54.91],[-68.332,-54.816],[-66.93,-54.925],[-66.511,-55.032],[-65.842,-54.91],[-65.603,-54.928],[-65.346,-54.878],[-65.179,-54.678],[-65.369,-54.632],[-65.747,-54.653]]},"properties":{"scalerank":0,"featureclass":"Coastline"}},
{"type":"Feature","geometry":{"type":"LineString","coordinates":[[-74.513,20.385],[-74.732,20.573],[-74.883,20.651],[-75.213,20.714],[-75.643,20.733],[-75.74,20.812],[-75.596,20.995],[-75.723,21.111],[-76.074,21.133],[-76.259,21.227],[-76.647,21.285],[-77.099,21.589],[-77.181,21.598],[-77.497,21.872],[-77.545,21.775],[-77.865,21.901],[-78.143,22.109],[-78.686,22.367],[-79.276,22.408],[-79.549,22.578],[-79.677,22.743],[-80.075,22.942],[-80.365,22.943],[-80.65,23.103],[-81.179,23.06],[-81.272,23.129],[-81.575,23.117],[-82.101,23.19],[-82.351,23.154],[-82.666,23.044],[-83.258,22.968],[-84.045,22.666],[-84.361,22.379],[-84.383,22.256],[-84.326,22.074],[-84.533,22.031],[-84.877,21.894],[-84.838,21.828],[-84.501,21.93],[-84.449,21.792],[-84.241,21.898],[-84.031,21.943],[-83.901,22.17],[-83.486,22.187],[-83.38,22.223],[-83.009,22.514],[-82.738,22.689],[-81.903,22.679],[-81.746,22.633],[-81.757,22.467],[-82.078,22.388],[-81.816,22.2],[-81.441,22.184],[-81.355,22.104],[-81.222,22.143],[-80.962,22.053],[-80.499,22.064],[-80.231,21.872],[-79.91,21.743],[-79.274,21.563],[-79.189,21.553],[-78.823,21.619],[-78.636,21.516],[-78.537,21.297],[-78.491,21.054],[-78.116,20.762],[-77.997,20.715],[-77.467,20.69],[-77.23,20.644],[-77.108,20.492],[-77.213,20.3],[-77.554,20.082],[-77.715,19.855],[-76.999,19.893],[-76.78,19.94],[-76.158,19.99],[-75.765,19.96],[-75.552,19.891],[-75.116,19.901],[-74.635,20.058],[-74.253,20.08],[-74.154,20.169],[-74.167,20.292],[-74.513,20.385]]},"properties":{"scalerank":0,"featureclass":"Coastline"}},
{"type":"Feature","geometry":{"type":"LineString","coordinates":[[26.861,80.16],[25.836,80.175],[25.471,80.233],[23.953,80.305],[23.115,80.187],[23.315,80.425],[22.451,80.402],[22.376,80.09],[20.998,80.239],[20.359,80.401],[19.355,80.185],[17.917,80.143],[18.344,80.06],[18.255,79.929],[18.725,79.761],[19.4,79.727],[20.123,79.779],[20.493,79.633],[19.675,79.591],[20.861,79.398],[22.696,79.329],[22.904,79.231],[23.948,79.194],[24.751,79.365],[25.641,79.403],[26.006,79.617],[27.199,79.907],[26.861,80.16]]},"properties":{"scalerank":0,"featureclass":"Coastline"}},
{"type":"Feature","geometry":{"type":"LineString","coordinates":[[20.725,78.672],[21.389,78.74],[20.501,78.981],[20.458,79.129],[19.089,79.157],[18.772,79.26],[18.581,79.572],[18.272,79.601],[17.578,79.885],[16.524,80.021],[15.816,79.682],[16.254,79.112],[15.66,79.235],[15.052,79.675],[14.594,79.799],[14.04,79.586],[13.384,79.481],[13.039,79.685],[13.778,79.715],[13.693,79.861],[12.754,79.776],[12.28,79.816],[10.866,79.797],[10.738,79.52],[11.208,79.13],[11.893,79.152],[12.046,78.983],[11.774,78.716],[12.258,78.595],[12.665,78.385],[13.15,78.238],[14.11,78.271],[14.638,78.415],[14.467,78.675],[15.137,78.664],[15.417,78.473],[16.449,78.504],[16.777,78.35],[15.657,78.299],[14.995,78.151],[13.681,78.028],[13.791,77.854],[14.604,77.766],[15.585,77.869],[16.06,77.847],[16.853,77.912],[17.033,77.798],[16.206,77.782],[14.921,77.689],[14.695,77.525],[14.071,77.564],[14.004,77.445],[14.366,77.234],[15.124,77.085],[15.547,76.886],[16.7,76.579],[17.063,76.659],[16.977,76.812],[17.153,77.049],[17.623,77.399],[18.228,77.523],[18.439,78.025],[18.995,78.081],[19.056,78.319],[19.769,78.623],[20.725,78.672]]},"properties":{"scalerank":0,"featureclass":"Coastline"}},
{"type":"Feature","geometry":{"type":"LineString","coordinates":[[9.682,40.818],[9.554,40.932],[9.615,41.017],[9.455,41.15],[9.283,41.202],[8.998,41.11],[8.821,40.95],[8.468,40.834],[8.204,40.871],[8.19,40.652],[8.353,40.501],[8.471,40.293],[8.408,39.917],[8.548,39.839],[8.451,39.722],[8.399,39.482],[8.418,39.206],[8.649,38.927],[8.881,38.913],[9.023,39.043],[9.056,39.239],[9.563,39.166],[9.617,39.354],[9.701,40.092],[9.643,40.268],[9.805,40.5],[9.682,40.818]]},"properties":{"scalerank":0,"featureclass":"Coastline"}},
{"type":"Feature","geometry":{"type":"LineString","coordinates":[[8.642,42.118],[8.74,41.925],[8.718,41.761],[8.887,41.701],[8.808,41.588],[9.186,41.385],[9.395,41.731],[9.401,41.926],[9.551,42.13],[9.526,42.553],[9.454,42.659],[9.463,42.981],[9.331,42.944],[9.338,42.767],[8.713,42.55],[8.566,42.219],[8.642,42.118]]},"properties":{"scalerank":0,"featureclass":"Coastline"}},
{"type":"Feature","geometry":{"type":"LineString","coordinates":[[15.341,38.217],[15.119,38.153],[14.846,38.172],[14.506,38.046],[14.288,38.017],[14.05,38.041],[13.789,37.981],[13.682,38.001],[13.352,38.181],[13.16,38.19],[12.903,38.035],[12.734,38.183],[12.548,38.053],[12.436,37.82],[12.527,37.67],[12.699,37.572],[12.924,37.571],[13.17,37.479],[13.361,37.349],[13.905,37.101],[14.143,37.104],[14.367,36.973],[14.502,36.799],[14.776,36.71],[15.113,36.688],[15.142,36.892],[15.295,37.013],[15.174,37.209],[15.1,37.459],[15.234,37.785],[15.577,38.22],[15.499,38.291],[15.341,38.217]]},"properties":{"scalerank":0,"featureclass":"Coastline"}},
{"type":"Feature","geometry":{"type":"LineString","coordinates":[[-52.113,69.489],[-51.9,69.605],[-52.045,69.807],[-52.731,69.945],[-53.375,70.221],[-54.372,70.317],[-54.83,70.161],[-54.665,69.966],[-54.841,69.902],[-54.919,69.714],[-54.804,69.631],[-53.783,69.506],[-54.051,69.337],[-53.578,69.257],[-52.77,69.364],[-52.113,69.489]]},"properties":{"scalerank":0,"featureclass":"Coastline"}},
{"type":"Feature","geometry":{"type":"LineString","coordinates":[[-123.415,48.698],[-123.627,48.824],[-123.82,49.083],[-123.996,49.224],[-124.643,49.429],[-124.831,49.53],[-124.935,49.732],[-125.233,50.012],[-125.482,50.317],[-126.204,50.454],[-126.701,50.516],[-127.197,50.64],[-127.713,50.821],[-127.918,50.861],[-128.242,50.828],[-128.346,50.744],[-128.267,50.609],[-127.906,50.445],[-127.864,50.128],[-127.467,50.163],[-127.208,49.992],[-127.114,49.88],[-126.903,49.944],[-126.683,49.876],[-126.593,49.764],[-126.348,49.661],[-126.542,49.59],[-126.549,49.419],[-126.244,49.443],[-125.835,49.277],[-125.702,49.139],[-125.829,49.092],[-125.46,48.941],[-125.363,48.998],[-124.927,49.014],[-125.136,48.822],[-125.121,48.761],[-124.689,48.597],[-123.917,48.387],[-123.595,48.334],[-123.284,48.455],[-123.415,48.698]]},"properties":{"scalerank":0,"featureclass":"Coastline"}},
{"type":"Feature","geometry":{"type":"LineString","coordinates":[[-68.685,18.905],[-68.901,18.988],[-69.624,19.118],[-69.606,19.206],[-69.323,19.201],[-69.325,19.328],[-69.739,19.299],[-69.823,19.367],[-69.891,19.59],[-69.957,19.672],[-70.129,19.636],[-70.305,19.676],[-70.436,19.771],[-70.636,19.776],[-70.954,19.914],[-71.236,19.848],[-71.558,19.895],[-71.667,19.849],[-71.835,19.697],[-72.22,19.745],[-72.637,19.901],[-72.877,19.928],[-73.118,19.904],[-73.401,19.807],[-73.396,19.659],[-73.053,19.611],[-72.703,19.441],[-72.811,19.072],[-72.649,18.894],[-72.348,18.675],[-72.376,18.574],[-72.618,18.551],[-72.789,18.435],[-73.592,18.522],[-74.228,18.663],[-74.387,18.625],[-74.478,18.45],[-74.419,18.346],[-74.085,18.215],[-73.885,18.042],[-73.747,18.19],[-73.385,18.251],[-72.877,18.152],[-72.504,18.22],[-72.06,18.229],[-71.946,18.186],[-71.674,17.954],[-71.632,17.774],[-71.396,17.646],[-71.106,18.07],[-71.028,18.273],[-70.759,18.346],[-70.645,18.336],[-70.48,18.217],[-70.183,18.252],[-70.018,18.374],[-69.771,18.444],[-69.519,18.416],[-69.275,18.44],[-68.935,18.408],[-68.659,18.222],[-68.564,18.355],[-68.445,18.418],[-68.359,18.538],[-68.381,18.671],[-68.685,18.905]]},"properties":{"scalerank":0,"featureclass":"Coastline"}},
{"type":"Feature","geometry":{"type":"LineString","coordinates":[[-48.38,-0.353],[-48.393,-0.297],[-48.588,-0.232],[-49.117,-0.164],[-49.314,-0.168],[-49.403,-0.215],[-49.629,-0.229],[-50.248,-0.116],[-50.462,-0.157],[-50.646,-0.273],[-50.72,-0.583],[-50.771,-0.645],[-50.783,-1.01],[-50.71,-1.078],[-50.76,-1.24],[-50.602,-1.698],[-50.508,-1.788],[-50.109,-1.748],[-50.01,-1.708],[-49.805,-1.79],[-49.588,-1.712],[-49.507,-1.512],[-49.345,-1.595],[-49.234,-1.6],[-49.173,-1.413],[-49.087,-1.505],[-48.929,-1.482],[-48.804,-1.327],[-48.84,-1.227],[-48.705,-1.107],[-48.54,-0.801],[-48.38,-0.353]]},"properties":{"scalerank":0,"featureclass":"Coastline"}},
{"type":"Feature","geometry":{"type":"LineString","coordinates":[[-3.988,57.581],[-3.403,57.708],[-3.084,57.673],[-2.244,57.681],[-2.074,57.702],[-1.867,57.612],[-1.778,57.494],[-2.02,57.259],[-2.26,56.863],[-2.593,56.562],[-2.775,56.483],[-2.653,56.318],[-2.768,56.202],[-2.98,56.194],[-3.178,56.08],[-3.049,55.952],[-2.837,56.026],[-2.599,56.027],[-2.147,55.903],[-1.655,55.57],[-1.292,54.774],[-1.154,54.654],[-0.671,54.504],[-0.37,54.279],[-0.084,54.118],[-0.206,54.022],[0.011,53.743],[0.128,53.468],[0.356,53.16],[0.046,52.906],[0.28,52.809],[0.559,52.967],[1.056,52.959],[1.382,52.894],[1.657,52.754],[1.747,52.469],[1.559,52.087],[1.317,51.957],[1.274,51.845],[0.955,51.808],[0.891,51.571],[0.593,51.519],[0.687,51.387],[0.889,51.36],[1.415,51.363],[1.398,51.182],[1.044,51.047],[0.96,50.926],[0.684,50.886],[0.205,50.763],[-0.204,50.814],[-0.785,50.765],[-1.285,50.857],[-1.517,50.747],[-2.031,50.725],[-2.036,50.603],[-2.35,50.637],[-2.548,50.616],[-2.777,50.706],[-2.999,50.717],[-3.405,50.632],[-3.584,50.322],[-3.793,50.229],[-4.173,50.391],[-4.728,50.29],[-5.225,50.021],[-5.571,50.197],[-5.342,50.246],[-4.583,50.776],[-4.523,50.977],[-4.296,51.027],[-4.188,51.189],[-3.842,51.231],[-3.136,51.205],[-2.59,51.609],[-2.979,51.539],[-3.293,51.39],[-3.562,51.414],[-3.944,51.598],[-4.115,51.566],[-4.386,51.741],[-4.601,51.738],[-4.902,51.626],[-5.125,51.706],[-5.201,51.861],[-5.088,51.996],[-4.383,52.197],[-4.149,52.326],[-3.98,52.542],[-4.101,52.915],[-4.638,52.891],[-4.111,53.219],[-3.809,53.303],[-3.326,53.347],[-3.065,53.427],[-3.059,53.586],[-2.925,53.733],[-3.027,53.906],[-2.9,53.961],[-2.846,54.135],[-3.166,54.128],[-3.569,54.468],[-3.592,54.564],[-3.465,54.773],[-3.268,54.907],[-3.434,54.964],[-3.783,54.87],[-3.958,54.781],[-4.304,54.836],[-4.517,54.758],[-4.818,54.846],[-5.032,54.761],[-5.135,54.858],[-4.965,55.149],[-4.721,55.421],[-4.724,55.598],[-4.892,55.699],[-4.844,56.051],[-5.246,55.929],[-5.386,55.77],[-5.556,55.39],[-5.768,55.363],[-5.623,55.813],[-5.61,56.055],[-5.392,56.515],[-5.937,56.606],[-6.035,56.764],[-5.731,56.853],[-5.736,56.961],[-5.562,57.233],[-5.818,57.436],[-5.679,57.572],[-5.745,57.668],[-5.608,57.881],[-5.177,57.906],[-5.394,58.044],[-5.338,58.239],[-5.008,58.263],[-5.067,58.52],[-4.925,58.588],[-4.715,58.51],[-3.053,58.635],[-3.101,58.434],[-3.212,58.321],[-3.99,57.959],[-3.888,57.787],[-4.078,57.677],[-3.988,57.581]]},"properties":{"scalerank":0,"featureclass":"Coastline"}},
{"type":"Feature","geometry":{"type":"LineString","coordinates":[[-9.542,51.664],[-9.899,51.647],[-9.803,51.78],[-10.341,51.799],[-10.379,51.869],[-9.956,52.137],[-10.39,52.135],[-10.211,52.272],[-9.937,52.238],[-9.906,52.404],[-9.586,52.559],[-9.331,52.579],[-8.783,52.68],[-8.99,52.755],[-9.175,52.635],[-9.561,52.654],[-9.299,53.098],[-8.997,53.162],[-9.14,53.25],[-9.471,53.235],[-9.795,53.395],[-10.091,53.413],[-10.117,53.549],[-9.878,53.59],[-9.902,53.727],[-9.578,53.805],[-9.579,53.88],[-9.914,53.864],[-9.856,54.004],[-9.996,54.276],[-9.316,54.299],[-9.146,54.21],[-9.002,54.288],[-8.588,54.231],[-8.623,54.347],[-8.23,54.507],[-8.133,54.641],[-8.457,54.609],[-8.764,54.681],[-8.377,54.889],[-8.412,54.965],[-8.275,55.146],[-7.803,55.2],[-7.247,55.353],[-6.962,55.238],[-6.699,55.193],[-6.475,55.241],[-6.129,55.217],[-5.986,55.03],[-5.717,54.817],[-5.47,54.5],[-5.646,54.478],[-5.607,54.273],[-5.826,54.236],[-5.938,54.089],[-6.345,53.987],[-6.142,53.578],[-6.135,53.301],[-6.027,52.927],[-6.131,52.807],[-6.217,52.543],[-6.463,52.345],[-6.325,52.247],[-6.561,52.189],[-6.782,52.21],[-7.082,52.139],[-7.527,52.099],[-7.665,51.98],[-8.813,51.585],[-9.296,51.498],[-9.463,51.529],[-9.737,51.474],[-9.71,51.604],[-9.542,51.664]]},"properties":{"scalerank":0,"featureclass":"Coastline"}},
{"type":"Feature","geometry":{"type":"LineString","coordinates":[[-180,68.983],[-178.874,68.754],[-178.693,68.546],[-178.25,68.541],[-177.408,68.245],[-175.345,67.678],[-175.155,67.365],[-174.85,67.349],[-174.938,67.093],[-174.771,66.784],[-174.925,66.623],[-174.504,66.538],[-174.018,66.383],[-173.774,66.435],[-174.232,66.632],[-174.006,66.779],[-174.086,66.943],[-174.448,67.103],[-173.68,67.145],[-173.158,67.069],[-173.228,66.969],[-172.641,66.925],[-172.274,66.966],[-171.796,66.932],[-171.36,66.677],[-170.927,66.53],[-170.192,66.201],[-169.778,66.143],[-169.832,65.999],[-170.159,66.008],[-170.541,65.865],[-170.666,65.622],[-171.119,65.695],[-171.054,65.55],[-171.907,65.496],[-171.957,65.542],[-172.557,65.612],[-172.212,65.425],[-172.286,65.206],[-172.213,65.048],[-172.593,64.908],[-172.924,64.705],[-172.854,64.61],[-172.487,64.544],[-172.401,64.414],[-172.739,64.412],[-173.009,64.297],[-173.275,64.29],[-173.475,64.429],[-173.73,64.365],[-174.001,64.449],[-174.318,64.638],[-175.036,64.814],[-175.395,64.802],[-175.854,65.011],[-175.923,65.352],[-176.093,65.471],[-177.056,65.614],[-177.489,65.504],[-178.31,65.485],[-178.505,65.537],[-178.502,65.74],[-178.879,65.936],[-178.747,66.014],[-178.534,66.317],[-178.916,66.18],[-179.616,66.128],[-179.784,66.018],[-179.728,65.804],[-179.366,65.639],[-179.352,65.517],[-179.705,65.187],[-180,65.067]]},"properties":{"scalerank":0,"featureclass":"Coastline"}},
{"type":"Feature","geometry":{"type":"LineString","coordinates":[[-14.788,66.331],[-15.116,66.102],[-14.74,66.051],[-14.758,65.756],[-14.426,65.79],[-14.302,65.628],[-13.935,65.616],[-13.616,65.487],[-13.805,65.355],[-13.57,65.068],[-13.777,65.014],[-13.853,64.862],[-14.135,64.715],[-14.465,64.636],[-14.547,64.446],[-15.022,64.296],[-15.495,64.258],[-16.06,64.111],[-16.64,63.865],[-17.816,63.713],[-17.947,63.536],[-18.654,63.407],[-19.25,63.442],[-19.778,63.537],[-20.198,63.556],[-20.593,63.735],[-21.246,63.935],[-21.449,63.858],[-22.607,63.837],[-22.51,63.991],[-22.057,64.071],[-21.833,64.205],[-21.951,64.314],[-21.95,64.515],[-22.284,64.587],[-22.234,64.714],[-22.467,64.795],[-23.347,64.824],[-23.879,64.751],[-24.026,64.863],[-22.684,65.026],[-21.892,65.049],[-22.473,65.227],[-21.907,65.4],[-22.006,65.493],[-22.902,65.58],[-23.9,65.408],[-24.224,65.487],[-23.909,65.766],[-23.705,65.781],[-23.737,66.069],[-23.528,66.164],[-23.063,66.086],[-23.019,65.982],[-22.622,66],[-22.972,66.324],[-22.889,66.441],[-22.426,66.43],[-21.625,66.09],[-21.303,65.876],[-21.466,65.635],[-21.432,65.474],[-21.23,65.421],[-20.74,65.658],[-20.455,65.571],[-20.357,65.719],[-20.357,66.033],[-20.026,66.049],[-19.594,65.779],[-19.434,65.814],[-19.383,66.076],[-18.778,66.169],[-18.455,65.965],[-18.297,66.157],[-17.907,66.143],[-17.582,65.971],[-17.153,66.203],[-16.748,66.132],[-16.428,66.278],[-16.541,66.447],[-16.249,66.523],[-15.985,66.515],[-15.428,66.225],[-14.97,66.36],[-14.788,66.331]]},"properties":{"scalerank":0,"featureclass":"Coastline"}},
{"type":"Feature","geometry":null,"properties":{"scalerank":0,"featureclass":"Coastline"}},
{"type":"Feature","geometry":null,"properties":{"scalerank":0,"featureclass":"Coastline"}},
{"type":"Feature","geometry":null,"properties":{"scalerank":0,"featureclass":"Coastline"}},
{"type":"Feature","geometry":null,"properties":{"scalerank":0,"featureclass":"Coastline"}},
{"type":"Feature","geometry":null,"properties":{"scalerank":0,"featureclass":"Coastline"}},
{"type":"Feature","geometry":null,"properties":{"scalerank":0,"featureclass":"Coastline"}},
{"type":"Feature","geometry":null,"properties":{"scalerank":0,"featureclass":"Coastline"}},
{"type":"Feature","geometry":null,"properties":{"scalerank":0,"featureclass":"Coastline"}},
{"type":"Feature","geometry":null,"properties":{"scalerank":0,"featureclass":"Coastline"}},
{"type":"Feature","geometry":null,"properties":{"scalerank":0,"featureclass":"Coastline"}},
{"type":"Feature","geometry":null,"properties":{"scalerank":0,"featureclass":"Coastline"}},
{"type":"Feature","geometry":null,"properties":{"scalerank":0,"featureclass":"Coastline"}},
{"type":"Feature","geometry":null,"properties":{"scalerank":0,"featureclass":"Coastline"}},
{"type":"Feature","geometry":null,"properties":{"scalerank":0,"featureclass":"Coastline"}},
{"type":"Feature","geometry":null,"properties":{"scalerank":0,"featureclass":"Coastline"}},
{"type":"Feature","geometry":null,"properties":{"scalerank":0,"featureclass":"Coastline"}},
{"type":"Feature","geometry":null,"properties":{"scalerank":0,"featureclass":"Coastline"}},
{"type":"Feature","geometry":null,"properties":{"scalerank":0,"featureclass":"Coastline"}},
{"type":"Feature","geometry":null,"properties":{"scalerank":0,"featureclass":"Coastline"}},
{"type":"Feature","geometry":{"type":"LineString","coordinates":[[-73.171,18.967],[-73.285,18.897],[-73.078,18.791],[-72.822,18.707],[-72.919,18.861],[-73.171,18.967]]},"properties":{"scalerank":0,"featureclass":"Coastline"}},
{"type":"Feature","geometry":null,"properties":{"scalerank":0,"featureclass":"Coastline"}},
{"type":"Feature","geometry":null,"properties":{"scalerank":0,"featureclass":"Coastline"}},
{"type":"Feature","geometry":{"type":"LineString","coordinates":[[17.124,43.115],[16.697,43.175],[16.679,43.123],[17.124,43.115]]},"properties":{"scalerank":0,"featureclass":"Coastline"}},
{"type":"Feature","geometry":null,"properties":{"scalerank":0,"featureclass":"Coastline"}},
{"type":"Feature","geometry":null,"properties":{"scalerank":0,"featureclass":"Coastline"}},
{"type":"Feature","geometry":null,"properties":{"scalerank":0,"featureclass":"Coastline"}},
{"type":"Feature","geometry":null,"properties":{"scalerank":0,"featureclass":"Coastline"}},
{"type":"Feature","geometry":null,"properties":{"scalerank":0,"featureclass":"Coastline"}},
{"type":"Feature","geometry":null,"properties":{"scalerank":0,"featureclass":"Coastline"}},
{"type":"Feature","geometry":null,"properties":{"scalerank":0,"featureclass":"Coastline"}},
{"type":"Feature","geometry":null,"properties":{"scalerank":0,"featureclass":"Coastline"}},
{"type":"Feature","geometry":null,"properties":{"scalerank":0,"featureclass":"Coastline"}},
{"type":"Feature","geometry":null,"properties":{"scalerank":0,"featureclass":"Coastline"}},
{"type":"Feature","geometry":null,"properties":{"scalerank":0,"featureclass":"Coastline"}},
{"type":"Feature","geometry":null,"properties":{"scalerank":0,"featureclass":"Coastline"}},
{"type":"Feature","geometry":null,"properties":{"scalerank":0,"featureclass":"Coastline"}},
{"type":"Feature","geometry":null,"properties":{"scalerank":0,"featureclass":"Coastline"}},
{"type":"Feature","geometry":null,"properties":{"scalerank":0,"featureclass":"Coastline"}},
{"type":"Feature","geometry":null,"properties":{"scalerank":0,"featureclass":"Coastline"}},
{"type":"Feature","geometry":null,"properties":{"scalerank":0,"featureclass":"Coastline"}},
{"type":"Feature","geometry":null,"properties":{"scalerank":0,"featureclass":"Coastline"}},
{"type":"Feature","geometry":null,"properties":{"scalerank":0,"featureclass":"Coastline"}},
{"type":"Feature","geometry":null,"properties":{"scalerank":0,"featureclass":"Coastline"}},
{"type":"Feature","geometry":null,"properties":{"scalerank":0,"featureclass":"Coastline"}},
{"type":"Feature","geometry":null,"properties":{"scalerank":0,"featureclass":"Coastline"}},
{"type":"Feature","geometry":null,"properties":{"scalerank":0,"featureclass":"Coastline"}},
{"type":"Feature","geometry":null,"properties":{"scalerank":0,"featureclass":"Coastline"}},
{"type":"Feature","geometry":null,"properties":{"scalerank":0,"featureclass":"Coastline"}},
{"type":"Feature","geometry":null,"properties":{"scalerank":0,"featureclass":"Coastline"}},
{"type":"Feature","geometry":null,"properties":{"scalerank":0,"featureclass":"Coastline"}},
{"type":"Feature","geometry":null,"properties":{"scalerank":0,"featureclass":"Coastline"}},
{"type":"Feature","geometry":null,"properties":{"scalerank":0,"featureclass":"Coastline"}},
{"type":"Feature","geometry":null,"properties":{"scalerank":0,"featureclass":"Coastline"}},
{"type":"Feature","geometry":null,"properties":{"scalerank":0,"featureclass":"Coastline"}},
{"type":"Feature","geometry":null,"properties":{"scalerank":0,"featureclass":"Coastline"}},
{"type":"Feature","geometry":null,"properties":{"scalerank":0,"featureclass":"Coastline"}},
{"type":"Feature","geometry":null,"properties":{"scalerank":0,"featureclass":"Coastline"}},
{"type":"Feature","geometry":null,"properties":{"scalerank":0,"featureclass":"Coastline"}},
{"type":"Feature","geometry":null,"properties":{"scalerank":0,"featureclass":"Coastline"}},
{"type":"Feature","geometry":null,"properties":{"scalerank":0,"featureclass":"Coastline"}},
{"type":"Feature","geometry":null,"properties":{"scalerank":0,"featureclass":"Coastline"}},
{"type":"Feature","geometry":null,"properties":{"scalerank":0,"featureclass":"Coastline"}},
{"type":"Feature","geometry":null,"properties":{"scalerank":0,"featureclass":"Coastline"}},
{"type":"Feature","geometry":null,"properties":{"scalerank":0,"featureclass":"Coastline"}},
{"type":"Feature","geometry":null,"properties":{"scalerank":0,"featureclass":"Coastline"}},
{"type":"Feature","geometry":null,"properties":{"scalerank":0,"featureclass":"Coastline"}},
{"type":"Feature","geometry":null,"properties":{"scalerank":0,"featureclass":"Coastline"}},
{"type":"Feature","geometry":{"type":"LineString","coordinates":[[164.684,-67.259],[164.639,-67.5],[164.919,-67.447],[164.684,-67.259]]},"properties":{"scalerank":0,"featureclass":"Coastline"}},
{"type":"Feature","geometry":{"type":"LineString","coordinates":[[167.594,-78.022],[166.864,-78.196],[166.111,-78.09],[166.122,-78.275],[167.377,-78.249],[167.594,-78.022]]},"properties":{"scalerank":0,"featureclass":"Coastline"}},
{"type":"Feature","geometry":null,"properties":{"scalerank":0,"featureclass":"Coastline"}},
{"type":"Feature","geometry":{"type":"LineString","coordinates":[[168.451,-77.386],[167.461,-77.394],[167.084,-77.322],[166.987,-77.187],[166.413,-77.252],[166.626,-77.377],[166.237,-77.547],[166.729,-77.851],[167.392,-77.649],[168.323,-77.683],[169.353,-77.525],[169.276,-77.455],[168.451,-77.386]]},"properties":{"scalerank":0,"featureclass":"Coastline"}},
{"type":"Feature","geometry":null,"properties":{"scalerank":0,"featureclass":"Coastline"}},
{"type":"Feature","geometry":null,"properties":{"scalerank":0,"featureclass":"Coastline"}},
{"type":"Feature","geometry":{"type":"LineString","coordinates":[[100.409,-65.466],[100.27,-65.603],[100.547,-65.701],[100.981,-65.678],[101.238,-65.565],[101.221,-65.472],[100.883,-65.378],[100.409,-65.466]]},"properties":{"scalerank":0,"featureclass":"Coastline"}},
{"type":"Feature","geometry":{"type":"LineString","coordinates":[[85.34,-66.723],[85.359,-66.854],[85.617,-66.951],[85.938,-66.894],[85.806,-66.775],[85.34,-66.723]]},"properties":{"scalerank":0,"featureclass":"Coastline"}},
{"type":"Feature","geometry":null,"properties":{"scalerank":0,"featureclass":"Coastline"}},
{"type":"Feature","geometry":null,"properties":{"scalerank":0,"featureclass":"Coastline"}},
{"type":"Feature","geometry":null,"properties":{"scalerank":0,"featureclass":"Coastline"}},
{"type":"Feature","geometry":null,"properties":{"scalerank":0,"featureclass":"Coastline"}},
{"type":"Feature","geometry":null,"properties":{"scalerank":0,"featureclass":"Coastline"}},
{"type":"Feature","geometry":{"type":"LineString","coordinates":[[96.727,-66.061],[96.399,-66.08],[96.395,-66.225],[96.934,-66.201],[96.727,-66.061]]},"properties":{"scalerank":0,"featureclass":"Coastline"}},
{"type":"Feature","geometry":null,"properties":{"scalerank":0,"featureclass":"Coastline"}},
{"type":"Feature","geometry":null,"properties":{"scalerank":0,"featureclass":"Coastline"}},
{"type":"Feature","geometry":null,"properties":{"scalerank":0,"featureclass":"Coastline"}},
{"type":"Feature","geometry":null,"properties":{"scalerank":0,"featureclass":"Coastline"}},
{"type":"Feature","geometry":null,"properties":{"scalerank":0,"featureclass":"Coastline"}},
{"type":"Feature","geometry":null,"properties":{"scalerank":0,"featureclass":"Coastline"}},
{"type":"Feature","geometry":null,"properties":{"scalerank":0,"featureclass":"Coastline"}},
{"type":"Feature","geometry":{"type":"LineString","coordinates":[[-146.867,-76.837],[-146.981,-77.006],[-146.164,-76.949],[-146.867,-76.837]]},"properties":{"scalerank":0,"featureclass":"Coastline"}},
{"type":"Feature","geometry":null,"properties":{"scalerank":0,"featureclass":"Coastline"}},
{"type":"Feature","geometry":null,"properties":{"scalerank":0,"featureclass":"Coastline"}},
{"type":"Feature","geometry":null,"properties":{"scalerank":0,"featureclass":"Coastline"}},
{"type":"Feature","geometry":{"type":"LineString","coordinates":[[-131.234,-74.414],[-131.763,-74.324],[-132.163,-74.426],[-131.841,-74.543],[-131.179,-74.605],[-130.967,-74.515],[-131.234,-74.414]]},"properties":{"scalerank":0,"featureclass":"Coastline"}},
{"type":"Feature","geometry":{"type":"LineString","coordinates":[[-119.549,-74.11],[-119.059,-73.998],[-118.959,-73.809],[-119.516,-73.775],[-119.803,-73.815],[-119.549,-74.11]]},"properties":{"scalerank":0,"featureclass":"Coastline"}},
{"type":"Feature","geometry":{"type":"LineString","coordinates":[[-116.381,-73.866],[-117.376,-74.083],[-117.23,-74.193],[-116.739,-74.165],[-116.155,-73.91],[-116.381,-73.866]]},"properties":{"scalerank":0,"featureclass":"Coastline"}},
{"type":"Feature","geometry":{"type":"LineString","coordinates":[[-127.486,-74.405],[-128.133,-74.327],[-128.096,-74.466],[-127.518,-74.641],[-127.145,-74.48],[-127.486,-74.405]]},"properties":{"scalerank":0,"featureclass":"Coastline"}},
{"type":"Feature","geometry":null,"properties":{"scalerank":0,"featureclass":"Coastline"}},
{"type":"Feature","geometry":{"type":"LineString","coordinates":[[-162.798,-82.865],[-163.796,-82.843],[-163.047,-83.097],[-162.305,-83.142],[-161.635,-83.027],[-162.798,-82.865]]},"properties":{"scalerank":0,"featureclass":"Coastline"}},
{"type":"Feature","geometry":null,"properties":{"scalerank":0,"featureclass":"Coastline"}},
{"type":"Feature","geometry":null,"properties":{"scalerank":0,"featureclass":"Coastline"}},
{"type":"Feature","geometry":null,"properties":{"scalerank":0,"featureclass":"Coastline"}},
{"type":"Feature","geometry":{"type":"LineString","coordinates":[[-160.467,-81.589],[-160.938,-81.463],[-162.456,-81.313],[-163.869,-81.324],[-163.766,-81.445],[-160.467,-81.589]]},"properties":{"scalerank":0,"featureclass":"Coastline"}},
{"type":"Feature","geometry":null,"properties":{"scalerank":0,"featureclass":"Coastline"}},
{"type":"Feature","geometry":{"type":"LineString","coordinates":[[-153.93,-80.033],[-155.674,-79.766],[-155.751,-79.83],[-154.942,-79.966],[-153.93,-80.033]]},"properties":{"scalerank":0,"featureclass":"Coastline"}},
{"type":"Feature","geometry":{"type":"LineString","coordinates":[[-149.293,-77.137],[-149.871,-76.875],[-150.789,-76.982],[-150.462,-77.076],[-149.293,-77.137]]},"properties":{"scalerank":0,"featureclass":"Coastline"}},
{"type":"Feature","geometry":null,"properties":{"scalerank":0,"featureclass":"Coastline"}},
{"type":"Feature","geometry":{"type":"LineString","coordinates":[[-6.068,-70.405],[-6.438,-70.453],[-6.156,-70.612],[-5.894,-70.552],[-6.068,-70.405]]},"properties":{"scalerank":0,"featureclass":"Coastline"}},
{"type":"Feature","geometry":{"type":"LineString","coordinates":[[3.072,-70.382],[2.631,-70.5],[2.698,-70.624],[3.037,-70.597],[3.26,-70.449],[3.072,-70.382]]},"properties":{"scalerank":0,"featureclass":"Coastline"}},
{"type":"Feature","geometry":null,"properties":{"scalerank":0,"featureclass":"Coastline"}},
{"type":"Feature","geometry":{"type":"LineString","coordinates":[[1.315,-70.023],[0.95,-70.094],[1.212,-70.381],[1.461,-70.136],[1.315,-70.023]]},"properties":{"scalerank":0,"featureclass":"Coastline"}},
{"type":"Feature","geometry":{"type":"LineString","coordinates":[[-2.533,-70.768],[-2.75,-70.694],[-3.537,-70.683],[-3.007,-70.851],[-2.801,-70.982],[-2.369,-71.044],[-2.092,-70.821],[-2.533,-70.768]]},"properties":{"scalerank":0,"featureclass":"Coastline"}},
{"type":"Feature","geometry":{"type":"LineString","coordinates":[[4.13,-70.417],[4.365,-70.503],[4.618,-70.369],[4.495,-70.251],[4.07,-70.29],[4.13,-70.417]]},"properties":{"scalerank":0,"featureclass":"Coastline"}},
{"type":"Feature","geometry":null,"properties":{"scalerank":0,"featureclass":"Coastline"}},
{"type":"Feature","geometry":{"type":"LineString","coordinates":[[15.91,-69.728],[15.563,-69.863],[15.614,-69.939],[16.159,-70.072],[16.315,-69.844],[16.247,-69.705],[15.91,-69.728]]},"properties":{"scalerank":0,"featureclass":"Coastline"}},
{"type":"Feature","geometry":{"type":"LineString","coordinates":[[26.686,-70.114],[26.301,-70.072],[25.983,-70.2],[26.005,-70.373],[26.47,-70.448],[26.875,-70.33],[26.686,-70.114]]},"properties":{"scalerank":0,"featureclass":"Coastline"}},
{"type":"Feature","geometry":{"type":"LineString","coordinates":[[-30.985,-79.818],[-31.605,-79.645],[-32,-79.732],[-31.824,-79.85],[-30.422,-80.011],[-29.614,-79.91],[-30.66,-79.733],[-30.985,-79.818]]},"properties":{"scalerank":0,"featureclass":"Coastline"}},
{"type":"Feature","geometry":{"type":"LineString","coordinates":[[-33.995,-79.279],[-35.535,-79.09],[-36.481,-79.294],[-34.05,-79.357],[-33.995,-79.279]]},"properties":{"scalerank":0,"featureclass":"Coastline"}},
{"type":"Feature","geometry":{"type":"LineString","coordinates":[[-2.738,-70.507],[-2.714,-70.32],[-3.287,-70.344],[-3.442,-70.535],[-2.738,-70.507]]},"properties":{"scalerank":0,"featureclass":"Coastline"}},
{"type":"Feature","geometry":{"type":"LineString","coordinates":[[-20.6,-74.197],[-20.521,-73.798],[-20.867,-73.677],[-21.025,-73.88],[-21.288,-73.989],[-20.846,-74.438],[-20.423,-74.317],[-20.6,-74.197]]},"properties":{"scalerank":0,"featureclass":"Coastline"}},
{"type":"Feature","geometry":null,"properties":{"scalerank":0,"featureclass":"Coastline"}},
{"type":"Feature","geometry":null,"properties":{"scalerank":0,"featureclass":"Coastline"}},
{"type":"Feature","geometry":null,"properties":{"scalerank":0,"featureclass":"Coastline"}},
{"type":"Feature","geometry":null,"properties":{"scalerank":0,"featureclass":"Coastline"}},
{"type":"Feature","geometry":null,"properties":{"scalerank":0,"featureclass":"Coastline"}},
{"type":"Feature","geometry":{"type":"LineString","coordinates":[[-68.422,-79.333],[-68.549,-79.437],[-67.434,-79.501],[-67.069,-79.268],[-68.033,-79.227],[-68.422,-79.333]]},"properties":{"scalerank":0,"featureclass":"Coastline"}},
{"type":"Feature","geometry":{"type":"LineString","coordinates":[[-55.387,-61.073],[-55.297,-61.249],[-55.058,-61.169],[-55.387,-61.073]]},"properties":{"scalerank":0,"featureclass":"Coastline"}},
{"type":"Feature","geometry":{"type":"LineString","coordinates":[[-55.466,-63.2],[-55.59,-63.128],[-56.042,-63.157],[-56.385,-63.234],[-56.505,-63.334],[-56.379,-63.437],[-55.75,-63.297],[-55.157,-63.353],[-55.156,-63.205],[-55.466,-63.2]]},"properties":{"scalerank":0,"featureclass":"Coastline"}},
{"type":"Feature","geometry":{"type":"LineString","coordinates":[[-55.762,-63.422],[-56.21,-63.437],[-55.957,-63.58],[-55.762,-63.422]]},"properties":{"scalerank":0,"featureclass":"Coastline"}},
{"type":"Feature","geometry":{"type":"LineString","coordinates":[[-57.446,-64.46],[-57.24,-64.567],[-56.991,-64.468],[-57.023,-64.352],[-57.446,-64.46]]},"properties":{"scalerank":0,"featureclass":"Coastline"}},
{"type":"Feature","geometry":null,"properties":{"scalerank":0,"featureclass":"Coastline"}},
{"type":"Feature","geometry":{"type":"LineString","coordinates":[[-58.562,-62.244],[-58.467,-62.137],[-57.963,-62.078],[-57.677,-61.942],[-57.978,-61.912],[-58.399,-61.938],[-58.684,-62.008],[-58.955,-62.164],[-58.562,-62.244]]},"properties":{"scalerank":0,"featureclass":"Coastline"}},
{"type":"Feature","geometry":null,"properties":{"scalerank":0,"featureclass":"Coastline"}},
{"type":"Feature","geometry":{"type":"LineString","coordinates":[[-61.978,-69.3],[-62.442,-69.146],[-62.496,-69.288],[-62.216,-69.495],[-61.807,-69.515],[-61.978,-69.3]]},"properties":{"scalerank":0,"featureclass":"Coastline"}},
{"type":"Feature","geometry":null,"properties":{"scalerank":0,"featureclass":"Coastline"}},
{"type":"Feature","geometry":{"type":"LineString","coordinates":[[-62.094,-64.235],[-62.058,-64.138],[-62.545,-64.046],[-62.48,-64.211],[-62.747,-64.472],[-62.58,-64.514],[-62.186,-64.369],[-62.094,-64.235]]},"properties":{"scalerank":0,"featureclass":"Coastline"}},
{"type":"Feature","geometry":null,"properties":{"scalerank":0,"featureclass":"Coastline"}},
{"type":"Feature","geometry":null,"properties":{"scalerank":0,"featureclass":"Coastline"}},
{"type":"Feature","geometry":{"type":"LineString","coordinates":[[-56.354,-63.169],[-56.062,-63.013],[-56.489,-62.982],[-56.614,-63.045],[-56.354,-63.169]]},"properties":{"scalerank":0,"featureclass":"Coastline"}},
{"type":"Feature","geometry":{"type":"LineString","coordinates":[[-60.796,-62.662],[-60.378,-62.617],[-60.221,-62.745],[-60.003,-62.618],[-60.14,-62.549],[-60.576,-62.573],[-60.732,-62.491],[-60.975,-62.592],[-60.796,-62.662]]},"properties":{"scalerank":0,"featureclass":"Coastline"}},
{"type":"Feature","geometry":null,"properties":{"scalerank":0,"featureclass":"Coastline"}},
{"type":"Feature","geometry":null,"properties":{"scalerank":0,"featureclass":"Coastline"}},
{"type":"Feature","geometry":null,"properties":{"scalerank":0,"featureclass":"Coastline"}},
{"type":"Feature","geometry":{"type":"LineString","coordinates":[[-60.554,-70.509],[-60.976,-70.599],[-60.741,-70.711],[-60.488,-70.647],[-60.554,-70.509]]},"properties":{"scalerank":0,"featureclass":"Coastline"}},
{"type":"Feature","geometry":null,"properties":{"scalerank":0,"featureclass":"Coastline"}},
{"type":"Feature","geometry":null,"properties":{"scalerank":0,"featureclass":"Coastline"}},
{"type":"Feature","geometry":null,"properties":{"scalerank":0,"featureclass":"Coastline"}},
{"type":"Feature","geometry":null,"properties":{"scalerank":0,"featureclass":"Coastline"}},
{"type":"Feature","geometry":{"type":"LineString","coordinates":[[-90.78,-72.732],[-90.947,-72.556],[-91.304,-72.547],[-91.67,-72.624],[-91.357,-72.909],[-91.511,-73.196],[-90.998,-73.137],[-90.776,-72.993],[-90.78,-72.732]]},"properties":{"scalerank":0,"featureclass":"Coastline"}},
{"type":"Feature","geometry":{"type":"LineString","coordinates":[[-104.972,-72.941],[-105.132,-72.992],[-104.881,-73.201],[-104.538,-73.166],[-104.972,-72.941]]},"properties":{"scalerank":0,"featureclass":"Coastline"}},
{"type":"Feature","geometry":{"type":"LineString","coordinates":[[-94.566,-72.468],[-95.216,-72.599],[-95.219,-72.67],[-94.426,-72.613],[-94.566,-72.468]]},"properties":{"scalerank":0,"featureclass":"Coastline"}},
{"type":"Feature","geometry":null,"properties":{"scalerank":0,"featureclass":"Coastline"}},
{"type":"Feature","geometry":{"type":"LineString","coordinates":[[-72.202,-69.74],[-71.985,-69.698],[-72.331,-69.492],[-72.726,-69.413],[-72.957,-69.529],[-72.777,-69.645],[-72.202,-69.74]]},"properties":{"scalerank":0,"featureclass":"Coastline"}},
{"type":"Feature","geometry":null,"properties":{"scalerank":0,"featureclass":"Coastline"}},
{"type":"Feature","geometry":null,"properties":{"scalerank":0,"featureclass":"Coastline"}},
{"type":"Feature","geometry":null,"properties":{"scalerank":0,"featureclass":"Coastline"}},
{"type":"Feature","geometry":{"type":"LineString","coordinates":[[-67.149,-67.65],[-67.557,-67.604],[-67.693,-67.763],[-67.349,-67.766],[-67.149,-67.65]]},"properties":{"scalerank":0,"featureclass":"Coastline"}},
{"type":"Feature","geometry":null,"properties":{"scalerank":0,"featureclass":"Coastline"}},
{"type":"Feature","geometry":{"type":"LineString","coordinates":[[-180,-16.963],[-179.868,-16.85],[-180,-16.786]]},"properties":{"scalerank":0,"featureclass":"Coastline"}},
{"type":"Feature","geometry":{"type":"LineString","coordinates":[[-180,-16.54],[-180,-16.489]]},"properties":{"scalerank":0,"featureclass":"Coastline"}},
{"type":"Feature","geometry":{"type":"LineString","coordinates":[[179.999,-16.963],[180,-16.786]]},"properties":{"scalerank":0,"featureclass":"Coastline"}},
{"type":"Feature","geometry":null,"properties":{"scalerank":0,"featureclass":"Coastline"}},
{"type":"Feature","geometry":null,"properties":{"scalerank":0,"featureclass":"Coastline"}},
{"type":"Feature","geometry":null,"properties":{"scalerank":0,"featureclass":"Coastline"}},
{"type":"Feature","geometry":null,"properties":{"scalerank":0,"featureclass":"Coastline"}},
{"type":"Feature","geometry":{"type":"LineString","coordinates":[[60.587,81.088],[61.567,81.05],[60.827,80.93],[60.058,80.985],[60.587,81.088]]},"properties":{"scalerank":0,"featureclass":"Coastline"}},
{"type":"Feature","geometry":{"type":"LineString","coordinates":[[52.344,80.213],[52.213,80.264],[53.186,80.413],[53.852,80.268],[53.521,80.185],[52.344,80.213]]},"properties":{"scalerank":0,"featureclass":"Coastline"}},
{"type":"Feature","geometry":{"type":"LineString","coordinates":[[55.942,80.163],[56.024,80.341],[57.123,80.317],[57.08,80.095],[56.201,80.076],[55.942,80.163]]},"properties":{"scalerank":0,"featureclass":"Coastline"}},
{"type":"Feature","geometry":{"type":"LineString","coordinates":[[58.946,80.042],[59.545,80.119],[59.911,79.994],[59.331,79.923],[58.946,80.042]]},"properties":{"scalerank":0,"featureclass":"Coastline"}},
{"type":"Feature","geometry":null,"properties":{"scalerank":0,"featureclass":"Coastline"}},
{"type":"Feature","geometry":null,"properties":{"scalerank":0,"featureclass":"Coastline"}},
{"type":"Feature","geometry":{"type":"LineString","coordinates":[[-75.225,-48.671],[-75.623,-48.765],[-75.651,-48.586],[-75.518,-48.329],[-75.561,-48.071],[-75.391,-48.02],[-75.156,-48.425],[-75.225,-48.671]]},"properties":{"scalerank":0,"featureclass":"Coastline"}},
{"type":"Feature","geometry":{"type":"LineString","coordinates":[[-75.304,-50.484],[-75.477,-50.654],[-75.33,-50.772],[-75.304,-50.484]]},"properties":{"scalerank":0,"featureclass":"Coastline"}},
{"type":"Feature","geometry":{"type":"LineString","coordinates":[[-73.31,-53.248],[-73.451,-53.144],[-74.066,-52.965],[-74.558,-52.922],[-74.27,-53.082],[-73.794,-53.121],[-73.583,-53.3],[-73.31,-53.248]]},"properties":{"scalerank":0,"featureclass":"Coastline"}},
{"type":"Feature","geometry":{"type":"LineString","coordinates":[[-68.305,-55.357],[-68.283,-55.255],[-68.598,-55.128],[-68.4,-55.042],[-68.458,-54.96],[-68.901,-55.018],[-69.884,-54.882],[-69.98,-55.147],[-69.412,-55.444],[-69.297,-55.166],[-68.889,-55.263],[-68.867,-55.45],[-68.594,-55.45],[-68.293,-55.521],[-68.305,-55.357]]},"properties":{"scalerank":0,"featureclass":"Coastline"}},
{"type":"Feature","geometry":{"type":"LineString","coordinates":[[-75.115,-48.916],[-75.119,-48.773],[-75.619,-48.886],[-75.488,-49.082],[-75.263,-49.069],[-75.115,-48.916]]},"properties":{"scalerank":0,"featureclass":"Coastline"}},
{"type":"Feature","geometry":null,"properties":{"scalerank":0,"featureclass":"Coastline"}},
{"type":"Feature","geometry":null,"properties":{"scalerank":0,"featureclass":"Coastline"}},
{"type":"Feature","geometry":{"type":"LineString","coordinates":[[54.187,12.664],[53.919,12.659],[53.825,12.625],[53.638,12.707],[53.431,12.664],[53.316,12.533],[53.598,12.342],[53.719,12.319],[54.129,12.361],[54.511,12.553],[54.187,12.664]]},"properties":{"scalerank":0,"featureclass":"Coastline"}},
{"type":"Feature","geometry":null,"properties":{"scalerank":0,"featureclass":"Coastline"}},
{"type":"Feature","geometry":{"type":"LineString","coordinates":[[58.788,20.497],[58.641,20.337],[58.772,20.267],[58.835,20.424],[58.951,20.516],[58.884,20.681],[58.788,20.497]]},"properties":{"scalerank":0,"featureclass":"Coastline"}},
{"type":"Feature","geometry":null,"properties":{"scalerank":0,"featureclass":"Coastline"}},
{"type":"Feature","geometry":{"type":"LineString","coordinates":[[56.074,26.983],[55.907,26.91],[55.758,26.948],[55.763,26.812],[55.347,26.648],[55.424,26.583],[55.848,26.731],[55.954,26.701],[56.095,26.801],[56.074,26.983]]},"properties":{"scalerank":0,"featureclass":"Coastline"}},
{"type":"Feature","geometry":null,"properties":{"scalerank":0,"featureclass":"Coastline"}},
{"type":"Feature","geometry":{"type":"LineString","coordinates":[[42.06,16.804],[41.947,16.749],[41.948,16.936],[41.776,16.847],[41.964,16.653],[42.17,16.709],[42.06,16.804]]},"properties":{"scalerank":0,"featureclass":"Coastline"}},
{"type":"Feature","geometry":{"type":"LineString","coordinates":[[40.25,15.703],[40.043,15.875],[39.945,15.789],[40.095,15.591],[40.399,15.58],[40.25,15.703]]},"properties":{"scalerank":0,"featureclass":"Coastline"}},
{"type":"Feature","geometry":null,"properties":{"scalerank":0,"featureclass":"Coastline"}},
{"type":"Feature","geometry":{"type":"LineString","coordinates":[[50.47,26.229],[50.466,25.966],[50.607,25.883],[50.61,26.124],[50.47,26.229]]},"properties":{"scalerank":0,"featureclass":"Coastline"}},
{"type":"Feature","geometry":null,"properties":{"scalerank":0,"featureclass":"Coastline"}},
{"type":"Feature","geometry":{"type":"LineString","coordinates":[[48.348,29.783],[48.159,29.96],[48.081,29.799],[48.18,29.611],[48.275,29.624],[48.348,29.783]]},"properties":{"scalerank":0,"featureclass":"Coastline"}},
{"type":"Feature","geometry":null,"properties":{"scalerank":0,"featureclass":"Coastline"}},
{"type":"Feature","geometry":null,"properties":{"scalerank":0,"featureclass":"Coastline"}},
{"type":"Feature","geometry":null,"properties":{"scalerank":0,"featureclass":"Coastline"}},
{"type":"Feature","geometry":{"type":"LineString","coordinates":[[168.323,-16.788],[168.199,-16.594],[168.124,-16.69],[168.181,-16.804],[168.323,-16.788]]},"properties":{"scalerank":0,"featureclass":"Coastline"}},
{"type":"Feature","geometry":{"type":"LineString","coordinates":[[168.297,-16.337],[168.164,-16.082],[168.064,-16.181],[168.022,-16.316],[168.297,-16.337]]},"properties":{"scalerank":0,"featureclass":"Coastline"}},
{"type":"Feature","geometry":{"type":"LineString","coordinates":[[168.446,-17.542],[168.273,-17.552],[168.158,-17.711],[168.252,-17.781],[168.525,-17.798],[168.545,-17.685],[168.446,-17.542]]},"properties":{"scalerank":0,"featureclass":"Coastline"}},
{"type":"Feature","geometry":{"type":"LineString","coordinates":[[168.003,-15.283],[167.826,-15.312],[167.674,-15.452],[167.844,-15.482],[168.003,-15.283]]},"properties":{"scalerank":0,"featureclass":"Coastline"}},
{"type":"Feature","geometry":{"type":"LineString","coordinates":[[167.182,-15.39],[167.132,-15.135],[166.987,-14.94],[166.923,-15.139],[166.81,-15.157],[166.746,-14.827],[166.608,-14.637],[166.527,-14.85],[166.648,-15.212],[166.631,-15.406],[166.826,-15.635],[166.937,-15.578],[167.094,-15.581],[167.2,-15.486],[167.182,-15.39]]},"properties":{"scalerank":0,"featureclass":"Coastline"}},
{"type":"Feature","geometry":{"type":"LineString","coordinates":[[168.16,-15.462],[168.123,-15.681],[168.196,-15.972],[168.268,-15.892],[168.16,-15.462]]},"properties":{"scalerank":0,"featureclass":"Coastline"}},
{"type":"Feature","geometry":null,"properties":{"scalerank":0,"featureclass":"Coastline"}},
{"type":"Feature","geometry":{"type":"LineString","coordinates":[[167.793,-16.395],[167.413,-16.096],[167.336,-15.917],[167.2,-15.885],[167.151,-16.08],[167.316,-16.116],[167.38,-16.246],[167.449,-16.555],[167.611,-16.499],[167.76,-16.516],[167.793,-16.395]]},"properties":{"scalerank":0,"featureclass":"Coastline"}},
{"type":"Feature","geometry":null,"properties":{"scalerank":0,"featureclass":"Coastline"}},
{"type":"Feature","geometry":{"type":"LineString","coordinates":[[159.794,-8.406],[159.843,-8.327],[159.431,-8.029],[159.198,-7.91],[159.109,-7.904],[158.734,-7.604],[158.565,-7.651],[158.597,-7.759],[158.944,-8.041],[159.354,-8.26],[159.794,-8.406]]},"properties":{"scalerank":0,"featureclass":"Coastline"}},
{"type":"Feature","geometry":{"type":"LineString","coordinates":[[157.412,-7.309],[157.148,-7.114],[157.03,-6.892],[156.765,-6.764],[156.604,-6.641],[156.457,-6.715],[156.696,-6.911],[156.904,-7.18],[157.102,-7.324],[157.441,-7.426],[157.412,-7.309]]},"properties":{"scalerank":0,"featureclass":"Coastline"}},
{"type":"Feature","geometry":null,"properties":{"scalerank":0,"featureclass":"Coastline"}},
{"type":"Feature","geometry":{"type":"LineString","coordinates":[[121.283,6.022],[121.038,6.096],[120.898,6.007],[120.931,5.896],[121.083,5.893],[121.283,6.022]]},"properties":{"scalerank":0,"featureclass":"Coastline"}},
{"type":"Feature","geometry":null,"properties":{"scalerank":0,"featureclass":"Coastline"}},
{"type":"Feature","geometry":null,"properties":{"scalerank":0,"featureclass":"Coastline"}},
{"type":"Feature","geometry":null,"properties":{"scalerank":0,"featureclass":"Coastline"}},
{"type":"Feature","geometry":null,"properties":{"scalerank":0,"featureclass":"Coastline"}},
{"type":"Feature","geometry":null,"properties":{"scalerank":0,"featureclass":"Coastline"}},
{"type":"Feature","geometry":{"type":"LineString","coordinates":[[-74.567,-48.592],[-74.729,-48.126],[-74.975,-47.923],[-75.198,-47.975],[-75.213,-48.142],[-74.923,-48.626],[-74.567,-48.592]]},"properties":{"scalerank":0,"featureclass":"Coastline"}},
{"type":"Feature","geometry":{"type":"LineString","coordinates":[[-64.055,-54.73],[-64.549,-54.716],[-64.757,-54.827],[-64.637,-54.903],[-64.055,-54.73]]},"properties":{"scalerank":0,"featureclass":"Coastline"}},
{"type":"Feature","geometry":null,"properties":{"scalerank":0,"featureclass":"Coastline"}},
{"type":"Feature","geometry":null,"properties":{"scalerank":0,"featureclass":"Coastline"}},
{"type":"Feature","geometry":{"type":"LineString","coordinates":[[-60.876,-51.794],[-61.145,-51.839],[-60.948,-51.946],[-60.876,-51.794]]},"properties":{"scalerank":0,"featureclass":"Coastline"}},
{"type":"Feature","geometry":{"type":"LineString","coordinates":[[-72.471,-54.028],[-72.205,-53.807],[-72.482,-53.588],[-72.882,-53.578],[-73.366,-53.47],[-73.687,-53.427],[-73.642,-53.57],[-73.471,-53.736],[-73.314,-53.729],[-73.305,-53.944],[-73.12,-54.009],[-72.984,-53.861],[-72.764,-53.865],[-72.871,-54.127],[-72.471,-54.028]]},"properties":{"scalerank":0,"featureclass":"Coastline"}},
{"type":"Feature","geometry":{"type":"LineString","coordinates":[[-67.737,-55.256],[-67.463,-55.182],[-67.257,-55.282],[-67.08,-55.154],[-67.245,-54.978],[-68.107,-54.929],[-68.301,-54.981],[-68.07,-55.221],[-67.737,-55.256]]},"properties":{"scalerank":0,"featureclass":"Coastline"}},
{"type":"Feature","geometry":{"type":"LineString","coordinates":[[-70.283,-55.066],[-70.418,-54.909],[-70.805,-54.968],[-70.94,-55.062],[-70.543,-55.161],[-70.283,-55.066]]},"properties":{"scalerank":0,"featureclass":"Coastline"}},
{"type":"Feature","geometry":{"type":"LineString","coordinates":[[-67.289,-55.777],[-67.351,-55.612],[-67.56,-55.725],[-67.289,-55.777]]},"properties":{"scalerank":0,"featureclass":"Coastline"}},
{"type":"Feature","geometry":{"type":"LineString","coordinates":[[-74.593,-51.387],[-74.559,-51.277],[-74.737,-51.208],[-75.04,-51.318],[-75.154,-51.279],[-75.3,-51.556],[-75.146,-51.524],[-75.047,-51.398],[-74.853,-51.434],[-74.593,-51.387]]},"properties":{"scalerank":0,"featureclass":"Coastline"}},
{"type":"Feature","geometry":{"type":"LineString","coordinates":[[-74.963,-50.237],[-74.876,-50.11],[-75.327,-50.012],[-75.449,-50.343],[-75.25,-50.376],[-74.963,-50.237]]},"properties":{"scalerank":0,"featureclass":"Coastline"}},
{"type":"Feature","geometry":{"type":"LineString","coordinates":[[-74.537,-51.965],[-74.78,-51.825],[-74.823,-51.63],[-75.105,-51.789],[-75.017,-52.038],[-74.852,-52.271],[-74.694,-52.279],[-74.537,-51.965]]},"properties":{"scalerank":0,"featureclass":"Coastline"}},
{"type":"Feature","geometry":null,"properties":{"scalerank":0,"featureclass":"Coastline"}},
{"type":"Feature","geometry":{"type":"LineString","coordinates":[[-71.671,-54.225],[-71.473,-54.231],[-71.143,-54.374],[-71.005,-54.247],[-71.169,-54.113],[-71.554,-53.956],[-71.996,-53.885],[-72.21,-54.048],[-71.972,-54.207],[-71.671,-54.225]]},"properties":{"scalerank":0,"featureclass":"Coastline"}},
{"type":"Feature","geometry":null,"properties":{"scalerank":0,"featureclass":"Coastline"}},
{"type":"Feature","geometry":{"type":"LineString","coordinates":[[-73.727,-45.119],[-73.983,-44.495],[-73.735,-44.395],[-73.703,-44.274],[-73.9,-44.135],[-74.083,-44.186],[-74.097,-44.389],[-74.301,-44.396],[-74.502,-44.474],[-74.481,-44.585],[-74.618,-44.648],[-74.35,-44.911],[-74.195,-45.145],[-74.089,-45.196],[-74.099,-45.325],[-73.849,-45.341],[-73.752,-45.267],[-73.727,-45.119]]},"properties":{"scalerank":0,"featureclass":"Coastline"}},
{"type":"Feature","geometry":{"type":"LineString","coordinates":[[-74.229,-45.611],[-74.315,-45.464],[-74.311,-45.173],[-74.502,-45.285],[-74.495,-45.426],[-74.69,-45.663],[-74.678,-45.739],[-74.368,-45.736],[-74.229,-45.611]]},"properties":{"scalerank":0,"featureclass":"Coastline"}},
{"type":"Feature","geometry":null,"properties":{"scalerank":0,"featureclass":"Coastline"}},
{"type":"Feature","geometry":null,"properties":{"scalerank":0,"featureclass":"Coastline"}},
{"type":"Feature","geometry":null,"properties":{"scalerank":0,"featureclass":"Coastline"}},
{"type":"Feature","geometry":{"type":"LineString","coordinates":[[-61.476,47.564],[-61.628,47.594],[-61.925,47.425],[-61.887,47.345],[-61.582,47.56],[-61.476,47.564]]},"properties":{"scalerank":0,"featureclass":"Coastline"}},
{"type":"Feature","geometry":null,"properties":{"scalerank":0,"featureclass":"Coastline"}},
{"type":"Feature","geometry":null,"properties":{"scalerank":0,"featureclass":"Coastline"}},
{"type":"Feature","geometry":null,"properties":{"scalerank":0,"featureclass":"Coastline"}},
{"type":"Feature","geometry":null,"properties":{"scalerank":0,"featureclass":"Coastline"}},
{"type":"Feature","geometry":null,"properties":{"scalerank":0,"featureclass":"Coastline"}},
{"type":"Feature","geometry":null,"properties":{"scalerank":0,"featureclass":"Coastline"}},
{"type":"Feature","geometry":null,"properties":{"scalerank":0,"featureclass":"Coastline"}},
{"type":"Feature","geometry":{"type":"LineString","coordinates":[[113.067,-6.88],[112.868,-6.9],[112.726,-7.073],[112.764,-7.14],[113.04,-7.212],[113.471,-7.218],[113.656,-7.112],[113.826,-7.12],[113.885,-7.049],[114.083,-6.989],[113.975,-6.873],[113.067,-6.88]]},"properties":{"scalerank":0,"featureclass":"Coastline"}},
{"type":"Feature","geometry":null,"properties":{"scalerank":0,"featureclass":"Coastline"}},
{"type":"Feature","geometry":null,"properties":{"scalerank":0,"featureclass":"Coastline"}},
{"type":"Feature","geometry":null,"properties":{"scalerank":0,"featureclass":"Coastline"}},
{"type":"Feature","geometry":null,"properties":{"scalerank":0,"featureclass":"Coastline"}},
{"type":"Feature","geometry":{"type":"LineString","coordinates":[[-139.024,-9.695],[-139.134,-9.829],[-138.875,-9.793],[-139.024,-9.695]]},"properties":{"scalerank":0,"featureclass":"Coastline"}},
{"type":"Feature","geometry":null,"properties":{"scalerank":0,"featureclass":"Coastline"}},
{"type":"Feature","geometry":null,"properties":{"scalerank":0,"featureclass":"Coastline"}},
{"type":"Feature","geometry":{"type":"LineString","coordinates":[[-149.322,-17.69],[-149.379,-17.522],[-149.611,-17.532],[-149.579,-17.735],[-149.322,-17.69]]},"properties":{"scalerank":0,"featureclass":"Coastline"}},
{"type":"Feature","geometry":{"type":"LineString","coordinates":[[-140.224,-8.782],[-140.217,-8.93],[-140.073,-8.91],[-140.058,-8.801],[-140.224,-8.782]]},"properties":{"scalerank":0,"featureclass":"Coastline"}},
{"type":"Feature","geometry":null,"properties":{"scalerank":0,"featureclass":"Coastline"}},
{"type":"Feature","geometry":{"type":"LineString","coordinates":[[-172.333,-13.465],[-172.67,-13.524],[-172.744,-13.579],[-172.536,-13.792],[-172.225,-13.804],[-172.177,-13.685],[-172.222,-13.56],[-172.333,-13.465]]},"properties":{"scalerank":0,"featureclass":"Coastline"}},
{"type":"Feature","geometry":null,"properties":{"scalerank":0,"featureclass":"Coastline"}},
{"type":"Feature","geometry":null,"properties":{"scalerank":0,"featureclass":"Coastline"}},
{"type":"Feature","geometry":{"type":"LineString","coordinates":[[-171.858,-13.807],[-172.028,-13.907],[-171.912,-14.002],[-171.728,-14.047],[-171.454,-14.046],[-171.604,-13.879],[-171.858,-13.807]]},"properties":{"scalerank":0,"featureclass":"Coastline"}},
{"type":"Feature","geometry":null,"properties":{"scalerank":0,"featureclass":"Coastline"}},
{"type":"Feature","geometry":null,"properties":{"scalerank":0,"featureclass":"Coastline"}},
{"type":"Feature","geometry":null,"properties":{"scalerank":0,"featureclass":"Coastline"}},
{"type":"Feature","geometry":null,"properties":{"scalerank":0,"featureclass":"Coastline"}},
{"type":"Feature","geometry":null,"properties":{"scalerank":0,"featureclass":"Coastline"}},
{"type":"Feature","geometry":null,"properties":{"scalerank":0,"featureclass":"Coastline"}},
{"type":"Feature","geometry":null,"properties":{"scalerank":0,"featureclass":"Coastline"}},
{"type":"Feature","geometry":{"type":"LineString","coordinates":[[144.79,13.527],[144.649,13.429],[144.65,13.313],[144.742,13.259],[144.79,13.527]]},"properties":{"scalerank":0,"featureclass":"Coastline"}},
{"type":"Feature","geometry":null,"properties":{"scalerank":0,"featureclass":"Coastline"}},
{"type":"Feature","geometry":null,"properties":{"scalerank":0,"featureclass":"Coastline"}},
{"type":"Feature","geometry":null,"properties":{"scalerank":0,"featureclass":"Coastline"}},
{"type":"Feature","geometry":{"type":"LineString","coordinates":[[167.439,-14.168],[167.404,-14.282],[167.543,-14.312],[167.599,-14.184],[167.439,-14.168]]},"properties":{"scalerank":0,"featureclass":"Coastline"}},
{"type":"Feature","geometry":null,"properties":{"scalerank":0,"featureclass":"Coastline"}},
{"type":"Feature","geometry":null,"properties":{"scalerank":0,"featureclass":"Coastline"}},
{"type":"Feature","geometry":{"type":"LineString","coordinates":[[169.36,-19.458],[169.217,-19.476],[169.347,-19.624],[169.491,-19.54],[169.36,-19.458]]},"properties":{"scalerank":0,"featureclass":"Coastline"}},
{"type":"Feature","geometry":{"type":"LineString","coordinates":[[169.296,-18.867],[169.201,-18.796],[169.144,-18.631],[169.016,-18.644],[168.987,-18.871],[169.248,-18.983],[169.296,-18.867]]},"properties":{"scalerank":0,"featureclass":"Coastline"}},
{"type":"Feature","geometry":{"type":"LineString","coordinates":[[168.011,-21.43],[167.815,-21.393],[167.876,-21.582],[168.006,-21.643],[168.121,-21.616],[168.139,-21.445],[168.011,-21.43]]},"properties":{"scalerank":0,"featureclass":"Coastline"}},
{"type":"Feature","geometry":null,"properties":{"scalerank":0,"featureclass":"Coastline"}},
{"type":"Feature","geometry":{"type":"LineString","coordinates":[[167.293,-20.892],[167.112,-20.904],[167.134,-21.061],[167.401,-21.161],[167.431,-21.055],[167.293,-20.892]]},"properties":{"scalerank":0,"featureclass":"Coastline"}},
{"type":"Feature","geometry":null,"properties":{"scalerank":0,"featureclass":"Coastline"}},
{"type":"Feature","geometry":null,"properties":{"scalerank":0,"featureclass":"Coastline"}},
{"type":"Feature","geometry":null,"properties":{"scalerank":0,"featureclass":"Coastline"}},
{"type":"Feature","geometry":{"type":"LineString","coordinates":[[166.024,-10.661],[165.909,-10.674],[165.791,-10.785],[165.904,-10.851],[166.024,-10.661]]},"properties":{"scalerank":0,"featureclass":"Coastline"}},
{"type":"Feature","geometry":null,"properties":{"scalerank":0,"featureclass":"Coastline"}},
{"type":"Feature","geometry":{"type":"LineString","coordinates":[[161.368,-9.49],[161.258,-9.317],[161.257,-9.192],[161.159,-8.962],[160.944,-8.799],[160.998,-8.612],[160.749,-8.314],[160.59,-8.373],[160.714,-8.539],[160.663,-8.621],[160.772,-8.964],[160.873,-9.157],[161.042,-9.308],[161.191,-9.393],[161.322,-9.59],[161.368,-9.49]]},"properties":{"scalerank":0,"featureclass":"Coastline"}},
{"type":"Feature","geometry":{"type":"LineString","coordinates":[[162.288,-10.776],[162.287,-10.71],[162.105,-10.454],[161.841,-10.446],[161.476,-10.238],[161.305,-10.204],[161.294,-10.326],[161.487,-10.361],[161.538,-10.566],[161.787,-10.717],[162.124,-10.824],[162.288,-10.776]]},"properties":{"scalerank":0,"featureclass":"Coastline"}},
{"type":"Feature","geometry":null,"properties":{"scalerank":0,"featureclass":"Coastline"}},
{"type":"Feature","geometry":null,"properties":{"scalerank":0,"featureclass":"Coastline"}},
{"type":"Feature","geometry":null,"properties":{"scalerank":0,"featureclass":"Coastline"}},
{"type":"Feature","geometry":null,"properties":{"scalerank":0,"featureclass":"Coastline"}},
{"type":"Feature","geometry":{"type":"LineString","coordinates":[[157.885,-8.569],[157.898,-8.506],[157.763,-8.242],[157.612,-8.165],[157.599,-8.006],[157.433,-7.985],[157.322,-8.161],[157.351,-8.275],[157.558,-8.27],[157.588,-8.445],[157.885,-8.569]]},"properties":{"scalerank":0,"featureclass":"Coastline"}},
{"type":"Feature","geometry":null,"properties":{"scalerank":0,"featureclass":"Coastline"}},
{"type":"Feature","geometry":{"type":"LineString","coordinates":[[157.909,-8.566],[157.879,-8.669],[158.009,-8.763],[158.108,-8.684],[157.998,-8.508],[157.909,-8.566]]},"properties":{"scalerank":0,"featureclass":"Coastline"}},
{"type":"Feature","geometry":null,"properties":{"scalerank":0,"featureclass":"Coastline"}},
{"type":"Feature","geometry":{"type":"LineString","coordinates":[[156.718,-7.696],[156.561,-7.574],[156.511,-7.708],[156.669,-7.937],[156.79,-7.778],[156.718,-7.696]]},"properties":{"scalerank":0,"featureclass":"Coastline"}},
{"type":"Feature","geometry":null,"properties":{"scalerank":0,"featureclass":"Coastline"}},
{"type":"Feature","geometry":{"type":"LineString","coordinates":[[157.192,-8.082],[157.186,-7.941],[157.103,-7.855],[156.959,-7.938],[157.041,-8.117],[157.192,-8.082]]},"properties":{"scalerank":0,"featureclass":"Coastline"}},
{"type":"Feature","geometry":null,"properties":{"scalerank":0,"featureclass":"Coastline"}},
{"type":"Feature","geometry":null,"properties":{"scalerank":0,"featureclass":"Coastline"}},
{"type":"Feature","geometry":{"type":"LineString","coordinates":[[158.186,6.978],[158.183,6.801],[158.315,6.814],[158.295,6.951],[158.186,6.978]]},"properties":{"scalerank":0,"featureclass":"Coastline"}},
{"type":"Feature","geometry":null,"properties":{"scalerank":0,"featureclass":"Coastline"}},
{"type":"Feature","geometry":null,"properties":{"scalerank":0,"featureclass":"Coastline"}},
{"type":"Feature","geometry":null,"properties":{"scalerank":0,"featureclass":"Coastline"}},
{"type":"Feature","geometry":{"type":"LineString","coordinates":[[-176.275,-43.765],[-176.566,-43.718],[-176.761,-43.758],[-176.524,-43.901],[-176.632,-44.006],[-176.516,-44.117],[-176.334,-44.048],[-176.5,-43.86],[-176.275,-43.765]]},"properties":{"scalerank":0,"featureclass":"Coastline"}},
{"type":"Feature","geometry":null,"properties":{"scalerank":0,"featureclass":"Coastline"}},
{"type":"Feature","geometry":null,"properties":{"scalerank":0,"featureclass":"Coastline"}},
{"type":"Feature","geometry":{"type":"LineString","coordinates":[[166.21,-50.612],[165.889,-50.808],[166.243,-50.846],[166.21,-50.612]]},"properties":{"scalerank":0,"featureclass":"Coastline"}},
{"type":"Feature","geometry":{"type":"LineString","coordinates":[[168.156,-46.988],[168.145,-46.862],[167.956,-46.694],[167.784,-46.7],[167.801,-46.907],[167.629,-47.142],[167.906,-47.18],[168.241,-47.07],[168.156,-46.988]]},"properties":{"scalerank":0,"featureclass":"Coastline"}},
{"type":"Feature","geometry":null,"properties":{"scalerank":0,"featureclass":"Coastline"}},
{"type":"Feature","geometry":null,"properties":{"scalerank":0,"featureclass":"Coastline"}},
{"type":"Feature","geometry":null,"properties":{"scalerank":0,"featureclass":"Coastline"}},
{"type":"Feature","geometry":{"type":"LineString","coordinates":[[132.574,-11.318],[132.629,-11.169],[132.593,-10.998],[132.484,-11.037],[132.494,-11.164],[132.574,-11.318]]},"properties":{"scalerank":0,"featureclass":"Coastline"}},
{"type":"Feature","geometry":null,"properties":{"scalerank":0,"featureclass":"Coastline"}},
{"type":"Feature","geometry":null,"properties":{"scalerank":0,"featureclass":"Coastline"}},
{"type":"Feature","geometry":{"type":"LineString","coordinates":[[146.278,-18.231],[146.116,-18.292],[146.236,-18.451],[146.342,-18.4],[146.278,-18.231]]},"properties":{"scalerank":0,"featureclass":"Coastline"}},
{"type":"Feature","geometry":null,"properties":{"scalerank":0,"featureclass":"Coastline"}},
{"type":"Feature","geometry":null,"properties":{"scalerank":0,"featureclass":"Coastline"}},
{"type":"Feature","geometry":null,"properties":{"scalerank":0,"featureclass":"Coastline"}},
{"type":"Feature","geometry":{"type":"LineString","coordinates":[[139.588,-16.395],[139.293,-16.467],[139.163,-16.626],[139.16,-16.742],[139.431,-16.661],[139.56,-16.529],[139.588,-16.395]]},"properties":{"scalerank":0,"featureclass":"Coastline"}},
{"type":"Feature","geometry":null,"properties":{"scalerank":0,"featureclass":"Coastline"}},
{"type":"Feature","geometry":{"type":"LineString","coordinates":[[136.885,-14.197],[136.745,-14.073],[136.804,-13.842],[136.656,-13.676],[136.425,-13.865],[136.428,-14.126],[136.363,-14.229],[136.65,-14.28],[136.894,-14.293],[136.885,-14.197]]},"properties":{"scalerank":0,"featureclass":"Coastline"}},
{"type":"Feature","geometry":null,"properties":{"scalerank":0,"featureclass":"Coastline"}},
{"type":"Feature","geometry":null,"properties":{"scalerank":0,"featureclass":"Coastline"}},
{"type":"Feature","geometry":null,"properties":{"scalerank":0,"featureclass":"Coastline"}},
{"type":"Feature","geometry":{"type":"LineString","coordinates":[[130.459,-11.679],[130.339,-11.337],[130.153,-11.478],[130.198,-11.658],[130.072,-11.681],[130.131,-11.825],[130.317,-11.772],[130.503,-11.836],[130.459,-11.679]]},"properties":{"scalerank":0,"featureclass":"Coastline"}},
{"type":"Feature","geometry":{"type":"LineString","coordinates":[[131.437,-11.313],[131.268,-11.19],[131.023,-11.334],[130.913,-11.309],[130.752,-11.384],[130.619,-11.376],[130.427,-11.183],[130.369,-11.215],[130.423,-11.446],[130.512,-11.618],[130.645,-11.742],[130.951,-11.926],[131.292,-11.711],[131.539,-11.437],[131.437,-11.313]]},"properties":{"scalerank":0,"featureclass":"Coastline"}},
{"type":"Feature","geometry":null,"properties":{"scalerank":0,"featureclass":"Coastline"}},
{"type":"Feature","geometry":null,"properties":{"scalerank":0,"featureclass":"Coastline"}},
{"type":"Feature","geometry":null,"properties":{"scalerank":0,"featureclass":"Coastline"}},
{"type":"Feature","geometry":{"type":"LineString","coordinates":[[113.132,-25.883],[112.982,-25.52],[112.908,-25.57],[112.964,-25.783],[113.132,-25.883]]},"properties":{"scalerank":0,"featureclass":"Coastline"}},
{"type":"Feature","geometry":null,"properties":{"scalerank":0,"featureclass":"Coastline"}},
{"type":"Feature","geometry":null,"properties":{"scalerank":0,"featureclass":"Coastline"}},
{"type":"Feature","geometry":null,"properties":{"scalerank":0,"featureclass":"Coastline"}},
{"type":"Feature","geometry":null,"properties":{"scalerank":0,"featureclass":"Coastline"}},
{"type":"Feature","geometry":{"type":"LineString","coordinates":[[144.121,-39.785],[144.091,-39.638],[144.001,-39.58],[143.862,-39.738],[143.839,-39.904],[143.899,-40.12],[144.035,-40.078],[144.141,-39.954],[144.121,-39.785]]},"properties":{"scalerank":0,"featureclass":"Coastline"}},
{"type":"Feature","geometry":{"type":"LineString","coordinates":[[148.326,-40.307],[148.103,-40.452],[148.474,-40.432],[148.326,-40.307]]},"properties":{"scalerank":0,"featureclass":"Coastline"}},
{"type":"Feature","geometry":{"type":"LineString","coordinates":[[148.106,-40.262],[148.323,-40.144],[148.297,-39.986],[148.178,-39.938],[148,-39.758],[147.839,-39.832],[147.891,-40.015],[148.106,-40.262]]},"properties":{"scalerank":0,"featureclass":"Coastline"}},
{"type":"Feature","geometry":null,"properties":{"scalerank":0,"featureclass":"Coastline"}},
{"type":"Feature","geometry":{"type":"LineString","coordinates":[[138.047,-35.755],[137.596,-35.739],[137.53,-35.605],[137.334,-35.592],[137.092,-35.664],[136.639,-35.749],[136.541,-35.89],[136.755,-36.033],[137.148,-36.039],[137.21,-35.982],[137.448,-36.075],[137.59,-36.027],[137.671,-35.898],[137.836,-35.868],[138.012,-35.908],[138.047,-35.755]]},"properties":{"scalerank":0,"featureclass":"Coastline"}},
{"type":"Feature","geometry":null,"properties":{"scalerank":0,"featureclass":"Coastline"}},
{"type":"Feature","geometry":null,"properties":{"scalerank":0,"featureclass":"Coastline"}},
{"type":"Feature","geometry":null,"properties":{"scalerank":0,"featureclass":"Coastline"}},
{"type":"Feature","geometry":null,"properties":{"scalerank":0,"featureclass":"Coastline"}},
{"type":"Feature","geometry":{"type":"LineString","coordinates":[[153.298,-24.915],[153.282,-24.738],[153.181,-24.765],[153.242,-24.923],[153.189,-25.071],[153.038,-25.193],[153.061,-25.302],[152.977,-25.551],[153.141,-25.513],[153.35,-25.063],[153.298,-24.915]]},"properties":{"scalerank":0,"featureclass":"Coastline"}},
{"type":"Feature","geometry":null,"properties":{"scalerank":0,"featureclass":"Coastline"}},
{"type":"Feature","geometry":null,"properties":{"scalerank":0,"featureclass":"Coastline"}},
{"type":"Feature","geometry":null,"properties":{"scalerank":0,"featureclass":"Coastline"}},
{"type":"Feature","geometry":null,"properties":{"scalerank":0,"featureclass":"Coastline"}},
{"type":"Feature","geometry":null,"properties":{"scalerank":0,"featureclass":"Coastline"}},
{"type":"Feature","geometry":{"type":"LineString","coordinates":[[119.852,10.64],[119.764,10.552],[119.793,10.455],[120.008,10.57],[119.852,10.64]]},"properties":{"scalerank":0,"featureclass":"Coastline"}},
{"type":"Feature","geometry":null,"properties":{"scalerank":0,"featureclass":"Coastline"}},
{"type":"Feature","geometry":{"type":"LineString","coordinates":[[120.228,12.22],[120.155,12.152],[119.897,12.313],[119.866,12.199],[120.011,12.008],[120.315,12.012],[120.341,12.077],[120.228,12.22]]},"properties":{"scalerank":0,"featureclass":"Coastline"}},
{"type":"Feature","geometry":{"type":"LineString","coordinates":[[119.957,11.96],[119.861,11.954],[119.964,11.669],[120.073,11.783],[119.957,11.96]]},"properties":{"scalerank":0,"featureclass":"Coastline"}},
{"type":"Feature","geometry":{"type":"LineString","coordinates":[[122.626,10.695],[122.538,10.608],[122.538,10.425],[122.681,10.498],[122.737,10.655],[122.626,10.695]]},"properties":{"scalerank":0,"featureclass":"Coastline"}},
{"type":"Feature","geometry":{"type":"LineString","coordinates":[[124.053,11.029],[123.93,10.964],[123.711,10.474],[123.514,10.14],[123.386,9.967],[123.404,9.889],[123.316,9.489],[123.494,9.589],[123.634,9.922],[123.643,10.02],[123.789,10.221],[123.952,10.317],[124.051,10.586],[124.028,10.768],[124.053,11.029]]},"properties":{"scalerank":0,"featureclass":"Coastline"}},
{"type":"Feature","geometry":null,"properties":{"scalerank":0,"featureclass":"Coastline"}},
{"type":"Feature","geometry":{"type":"LineString","coordinates":[[124.486,10.065],[124.336,10.16],[124.173,10.135],[124.06,10],[123.817,9.817],[123.936,9.624],[124.122,9.599],[124.36,9.63],[124.478,9.748],[124.584,9.75],[124.577,10.027],[124.486,10.065]]},"properties":{"scalerank":0,"featureclass":"Coastline"}},
{"type":"Feature","geometry":null,"properties":{"scalerank":0,"featureclass":"Coastline"}},
{"type":"Feature","geometry":null,"properties":{"scalerank":0,"featureclass":"Coastline"}},
{"type":"Feature","geometry":{"type":"LineString","coordinates":[[120.208,5.34],[119.827,5.133],[119.958,5.08],[120.013,5.151],[120.192,5.168],[120.208,5.34]]},"properties":{"scalerank":0,"featureclass":"Coastline"}},
{"type":"Feature","geometry":{"type":"LineString","coordinates":[[122.058,6.741],[121.809,6.614],[121.959,6.416],[122.201,6.483],[122.288,6.639],[122.058,6.741]]},"properties":{"scalerank":0,"featureclass":"Coastline"}},
{"type":"Feature","geometry":{"type":"LineString","coordinates":[[126.129,9.944],[125.999,9.927],[126.047,9.761],[126.173,9.8],[126.129,9.944]]},"properties":{"scalerank":0,"featureclass":"Coastline"}},
{"type":"Feature","geometry":{"type":"LineString","coordinates":[[125.703,10.072],[125.647,10.245],[125.525,10.31],[125.495,10.119],[125.591,9.998],[125.703,10.072]]},"properties":{"scalerank":0,"featureclass":"Coastline"}},
{"type":"Feature","geometry":null,"properties":{"scalerank":0,"featureclass":"Coastline"}},
{"type":"Feature","geometry":{"type":"LineString","coordinates":[[121.996,13.547],[121.866,13.566],[121.829,13.329],[122.005,13.205],[122.122,13.365],[122.115,13.463],[121.996,13.547]]},"properties":{"scalerank":0,"featureclass":"Coastline"}},
{"type":"Feature","geometry":{"type":"LineString","coordinates":[[122.002,12.599],[121.989,12.435],[122.094,12.355],[122.132,12.538],[122.002,12.599]]},"properties":{"scalerank":0,"featureclass":"Coastline"}},
{"type":"Feature","geometry":null,"properties":{"scalerank":0,"featureclass":"Coastline"}},
{"type":"Feature","geometry":{"type":"LineString","coordinates":[[122.604,12.492],[122.423,12.455],[122.603,12.286],[122.674,12.424],[122.604,12.492]]},"properties":{"scalerank":0,"featureclass":"Coastline"}},
{"type":"Feature","geometry":null,"properties":{"scalerank":0,"featureclass":"Coastline"}},
{"type":"Feature","geometry":null,"properties":{"scalerank":0,"featureclass":"Coastline"}},
{"type":"Feature","geometry":{"type":"LineString","coordinates":[[123.211,12.107],[123.293,12.036],[123.419,12.194],[123.531,12.197],[123.612,12.09],[123.983,11.819],[124.04,11.967],[123.908,12.169],[123.717,12.287],[123.463,12.501],[123.236,12.583],[123.267,12.395],[123.211,12.107]]},"properties":{"scalerank":0,"featureclass":"Coastline"}},
{"type":"Feature","geometry":{"type":"LineString","coordinates":[[124.337,13.931],[124.225,14.078],[124.123,13.98],[124.124,13.79],[124.039,13.663],[124.175,13.532],[124.327,13.567],[124.404,13.679],[124.417,13.871],[124.337,13.931]]},"properties":{"scalerank":0,"featureclass":"Coastline"}},
{"type":"Feature","geometry":null,"properties":{"scalerank":0,"featureclass":"Coastline"}},
{"type":"Feature","geometry":{"type":"LineString","coordinates":[[121.84,15.038],[121.82,14.964],[121.923,14.8],[122.033,15.005],[121.84,15.038]]},"properties":{"scalerank":0,"featureclass":"Coastline"}},
{"type":"Feature","geometry":null,"properties":{"scalerank":0,"featureclass":"Coastline"}},
{"type":"Feature","geometry":null,"properties":{"scalerank":0,"featureclass":"Coastline"}},
{"type":"Feature","geometry":null,"properties":{"scalerank":0,"featureclass":"Coastline"}},
{"type":"Feature","geometry":null,"properties":{"scalerank":0,"featureclass":"Coastline"}},
{"type":"Feature","geometry":null,"properties":{"scalerank":0,"featureclass":"Coastline"}},
{"type":"Feature","geometry":{"type":"LineString","coordinates":[[147.846,-5.491],[147.781,-5.627],[147.875,-5.749],[148.026,-5.826],[148.055,-5.612],[147.846,-5.491]]},"properties":{"scalerank":0,"featureclass":"Coastline"}},
{"type":"Feature","geometry":{"type":"LineString","coordinates":[[147.131,-5.191],[147.006,-5.307],[147.12,-5.437],[147.222,-5.382],[147.131,-5.191]]},"properties":{"scalerank":0,"featureclass":"Coastline"}},
{"type":"Feature","geometry":null,"properties":{"scalerank":0,"featureclass":"Coastline"}},
{"type":"Feature","geometry":null,"properties":{"scalerank":0,"featureclass":"Coastline"}},
{"type":"Feature","geometry":{"type":"LineString","coordinates":[[147.401,-2.025],[147.068,-1.96],[146.656,-1.974],[146.546,-2.209],[146.748,-2.149],[146.926,-2.189],[147.206,-2.182],[147.401,-2.025]]},"properties":{"scalerank":0,"featureclass":"Coastline"}},
{"type":"Feature","geometry":{"type":"LineString","coordinates":[[154.682,-5.054],[154.54,-5.111],[154.627,-5.441],[154.698,-5.383],[154.727,-5.218],[154.682,-5.054]]},"properties":{"scalerank":0,"featureclass":"Coastline"}},
{"type":"Feature","geometry":null,"properties":{"scalerank":0,"featureclass":"Coastline"}},
{"type":"Feature","geometry":null,"properties":{"scalerank":0,"featureclass":"Coastline"}},
{"type":"Feature","geometry":null,"properties":{"scalerank":0,"featureclass":"Coastline"}},
{"type":"Feature","geometry":{"type":"LineString","coordinates":[[149.633,-1.362],[149.546,-1.472],[149.671,-1.576],[149.725,-1.431],[149.633,-1.362]]},"properties":{"scalerank":0,"featureclass":"Coastline"}},
{"type":"Feature","geometry":{"type":"LineString","coordinates":[[150.429,-2.47],[150.227,-2.384],[150.103,-2.405],[150.043,-2.512],[150.166,-2.66],[150.437,-2.662],[150.429,-2.47]]},"properties":{"scalerank":0,"featureclass":"Coastline"}},
{"type":"Feature","geometry":{"type":"LineString","coordinates":[[151.123,-10.02],[150.862,-9.802],[150.959,-10.093],[151.231,-10.195],[151.296,-9.957],[151.123,-10.02]]},"properties":{"scalerank":0,"featureclass":"Coastline"}},
{"type":"Feature","geometry":{"type":"LineString","coordinates":[[150.32,-9.264],[150.208,-9.206],[150.11,-9.362],[150.273,-9.5],[150.368,-9.396],[150.32,-9.264]]},"properties":{"scalerank":0,"featureclass":"Coastline"}},
{"type":"Feature","geometry":{"type":"LineString","coordinates":[[150.848,-9.663],[150.879,-9.513],[150.789,-9.418],[150.669,-9.429],[150.528,-9.347],[150.435,-9.435],[150.508,-9.536],[150.436,-9.625],[150.848,-9.663]]},"properties":{"scalerank":0,"featureclass":"Coastline"}},
{"type":"Feature","geometry":null,"properties":{"scalerank":0,"featureclass":"Coastline"}},
{"type":"Feature","geometry":{"type":"LineString","coordinates":[[152.85,-9.025],[152.81,-8.967],[152.577,-8.97],[152.72,-9.167],[152.867,-9.224],[152.985,-9.151],[152.85,-9.025]]},"properties":{"scalerank":0,"featureclass":"Coastline"}},
{"type":"Feature","geometry":null,"properties":{"scalerank":0,"featureclass":"Coastline"}},
{"type":"Feature","geometry":null,"properties":{"scalerank":0,"featureclass":"Coastline"}},
{"type":"Feature","geometry":{"type":"LineString","coordinates":[[153.703,-11.529],[153.307,-11.356],[153.234,-11.42],[153.379,-11.56],[153.554,-11.631],[153.703,-11.529]]},"properties":{"scalerank":0,"featureclass":"Coastline"}},
{"type":"Feature","geometry":null,"properties":{"scalerank":0,"featureclass":"Coastline"}},
{"type":"Feature","geometry":null,"properties":{"scalerank":0,"featureclass":"Coastline"}},
{"type":"Feature","geometry":{"type":"LineString","coordinates":[[136.283,-1.065],[136.155,-0.978],[135.894,-0.726],[135.749,-0.733],[135.383,-0.651],[135.432,-0.769],[135.646,-0.882],[135.747,-0.823],[135.839,-1.119],[135.915,-1.178],[136.11,-1.217],[136.305,-1.173],[136.283,-1.065]]},"properties":{"scalerank":0,"featureclass":"Coastline"}},
{"type":"Feature","geometry":{"type":"LineString","coordinates":[[136.719,-1.734],[136.39,-1.722],[136.202,-1.655],[135.869,-1.642],[135.474,-1.592],[135.488,-1.668],[135.866,-1.752],[136.193,-1.859],[136.461,-1.89],[136.893,-1.8],[136.719,-1.734]]},"properties":{"scalerank":0,"featureclass":"Coastline"}},
{"type":"Feature","geometry":null,"properties":{"scalerank":0,"featureclass":"Coastline"}},
{"type":"Feature","geometry":null,"properties":{"scalerank":0,"featureclass":"Coastline"}},
{"type":"Feature","geometry":{"type":"LineString","coordinates":[[138.796,-8.174],[138.677,-8.199],[138.594,-8.371],[138.846,-8.402],[138.898,-8.337],[138.796,-8.174]]},"properties":{"scalerank":0,"featureclass":"Coastline"}},
{"type":"Feature","geometry":null,"properties":{"scalerank":0,"featureclass":"Coastline"}},
{"type":"Feature","geometry":{"type":"LineString","coordinates":[[130.425,-1.805],[130.353,-1.691],[129.994,-1.759],[129.738,-1.867],[129.887,-1.986],[130.248,-2.048],[130.419,-1.971],[130.425,-1.805]]},"properties":{"scalerank":0,"featureclass":"Coastline"}},
{"type":"Feature","geometry":{"type":"LineString","coordinates":[[131.033,-0.918],[130.897,-0.89],[130.673,-0.96],[130.782,-1.255],[130.967,-1.343],[131.046,-1.188],[131.074,-0.968],[131.033,-0.918]]},"properties":{"scalerank":0,"featureclass":"Coastline"}},
{"type":"Feature","geometry":{"type":"LineString","coordinates":[[130.807,-0.765],[130.813,-0.814],[130.484,-0.833],[130.402,-0.924],[130.832,-0.863],[130.807,-0.765]]},"properties":{"scalerank":0,"featureclass":"Coastline"}},
{"type":"Feature","geometry":null,"properties":{"scalerank":0,"featureclass":"Coastline"}},
{"type":"Feature","geometry":{"type":"LineString","coordinates":[[131.277,-0.15],[131.026,-0.04],[130.813,-0.004],[130.295,-0.101],[130.237,-0.21],[130.496,-0.267],[130.551,-0.366],[130.689,-0.297],[130.75,-0.444],[131.098,-0.33],[131.258,-0.366],[131.34,-0.29],[131.277,-0.15]]},"properties":{"scalerank":0,"featureclass":"Coastline"}},
{"type":"Feature","geometry":null,"properties":{"scalerank":0,"featureclass":"Coastline"}},
{"type":"Feature","geometry":{"type":"LineString","coordinates":[[128.602,2.598],[128.472,2.571],[128.33,2.469],[128.218,2.297],[128.296,2.035],[128.548,2.097],[128.623,2.224],[128.688,2.474],[128.602,2.598]]},"properties":{"scalerank":0,"featureclass":"Coastline"}},
{"type":"Feature","geometry":null,"properties":{"scalerank":0,"featureclass":"Coastline"}},
{"type":"Feature","geometry":null,"properties":{"scalerank":0,"featureclass":"Coastline"}},
{"type":"Feature","geometry":{"type":"LineString","coordinates":[[127.281,-0.391],[127.126,-0.279],[127.119,-0.521],[127.25,-0.495],[127.281,-0.391]]},"properties":{"scalerank":0,"featureclass":"Coastline"}},
{"type":"Feature","geometry":{"type":"LineString","coordinates":[[127.258,-0.623],[127.156,-0.761],[127.289,-0.802],[127.258,-0.623]]},"properties":{"scalerank":0,"featureclass":"Coastline"}},
{"type":"Feature","geometry":{"type":"LineString","coordinates":[[127.804,-0.694],[127.659,-0.689],[127.605,-0.61],[127.682,-0.468],[127.567,-0.319],[127.455,-0.406],[127.371,-0.332],[127.3,-0.5],[127.469,-0.643],[127.463,-0.806],[127.624,-0.766],[127.761,-0.884],[127.88,-0.809],[127.804,-0.694]]},"properties":{"scalerank":0,"featureclass":"Coastline"}},
{"type":"Feature","geometry":{"type":"LineString","coordinates":[[127.905,-1.439],[127.743,-1.36],[127.592,-1.351],[127.457,-1.454],[127.392,-1.645],[127.562,-1.729],[127.914,-1.685],[128.061,-1.712],[128.149,-1.604],[127.905,-1.439]]},"properties":{"scalerank":0,"featureclass":"Coastline"}},
{"type":"Feature","geometry":{"type":"LineString","coordinates":[[134.744,-6.202],[134.747,-5.707],[134.617,-5.439],[134.49,-5.525],[134.341,-5.713],[134.302,-6.01],[134.155,-6.063],[134.441,-6.335],[134.638,-6.365],[134.744,-6.202]]},"properties":{"scalerank":0,"featureclass":"Coastline"}},
{"type":"Feature","geometry":{"type":"LineString","coordinates":[[134.52,-6.513],[134.415,-6.387],[134.168,-6.176],[134.115,-6.191],[134.125,-6.426],[134.059,-6.769],[134.2,-6.909],[134.356,-6.815],[134.52,-6.513]]},"properties":{"scalerank":0,"featureclass":"Coastline"}},
{"type":"Feature","geometry":{"type":"LineString","coordinates":[[133.009,-5.621],[133.12,-5.576],[133.173,-5.348],[133.115,-5.311],[133.009,-5.621]]},"properties":{"scalerank":0,"featureclass":"Coastline"}},
{"type":"Feature","geometry":{"type":"LineString","coordinates":[[132.738,-5.662],[132.681,-5.739],[132.681,-5.913],[132.807,-5.851],[132.738,-5.662]]},"properties":{"scalerank":0,"featureclass":"Coastline"}},
{"type":"Feature","geometry":null,"properties":{"scalerank":0,"featureclass":"Coastline"}},
{"type":"Feature","geometry":null,"properties":{"scalerank":0,"featureclass":"Coastline"}},
{"type":"Feature","geometry":{"type":"LineString","coordinates":[[128.264,-3.512],[128.016,-3.601],[128.052,-3.715],[128.25,-3.711],[128.264,-3.512]]},"properties":{"scalerank":0,"featureclass":"Coastline"}},
{"type":"Feature","geometry":{"type":"LineString","coordinates":[[123.051,-5.156],[122.972,-5.138],[122.987,-4.963],[123.055,-4.748],[123.203,-4.766],[123.18,-4.551],[123.038,-4.395],[122.947,-4.443],[122.853,-4.618],[122.849,-4.831],[122.767,-5.21],[122.67,-5.331],[122.585,-5.545],[122.645,-5.663],[122.812,-5.671],[122.986,-5.394],[123.043,-5.419],[123.202,-5.273],[123.051,-5.156]]},"properties":{"scalerank":0,"featureclass":"Coastline"}},
{"type":"Feature","geometry":{"type":"LineString","coordinates":[[122.74,-4.675],[122.702,-4.619],[122.369,-4.767],[122.334,-4.847],[122.396,-5.07],[122.329,-5.138],[122.283,-5.32],[122.564,-5.387],[122.645,-5.269],[122.614,-5.139],[122.76,-4.934],[122.74,-4.675]]},"properties":{"scalerank":0,"featureclass":"Coastline"}},
{"type":"Feature","geometry":{"type":"LineString","coordinates":[[122.041,-5.159],[121.966,-5.076],[121.808,-5.256],[121.98,-5.465],[122.043,-5.438],[122.041,-5.159]]},"properties":{"scalerank":0,"featureclass":"Coastline"}},
{"type":"Feature","geometry":{"type":"LineString","coordinates":[[122.969,-4.03],[122.995,-4.148],[123.145,-4.233],[123.242,-4.113],[123.212,-3.998],[123.025,-3.981],[122.969,-4.03]]},"properties":{"scalerank":0,"featureclass":"Coastline"}},
{"type":"Feature","geometry":{"type":"LineString","coordinates":[[125.976,-2.168],[125.978,-2.415],[126.066,-2.366],[125.976,-2.168]]},"properties":{"scalerank":0,"featureclass":"Coastline"}},
{"type":"Feature","geometry":{"type":"LineString","coordinates":[[126.024,-1.79],[125.72,-1.814],[125.521,-1.801],[125.479,-1.94],[125.956,-1.917],[126.288,-1.859],[126.024,-1.79]]},"properties":{"scalerank":0,"featureclass":"Coastline"}},
{"type":"Feature","geometry":{"type":"LineString","coordinates":[[125.188,-1.713],[125.096,-1.741],[124.664,-1.636],[124.381,-1.687],[124.33,-1.859],[124.418,-2.005],[124.639,-1.978],[124.834,-1.894],[125.007,-1.943],[125.314,-1.877],[125.188,-1.713]]},"properties":{"scalerank":0,"featureclass":"Coastline"}},
{"type":"Feature","geometry":null,"properties":{"scalerank":0,"featureclass":"Coastline"}},
{"type":"Feature","geometry":{"type":"LineString","coordinates":[[123.435,-1.237],[123.339,-1.254],[123.238,-1.389],[123.158,-1.158],[122.908,-1.182],[122.832,-1.283],[122.811,-1.432],[122.89,-1.587],[123.15,-1.304],[123.183,-1.493],[123.275,-1.437],[123.367,-1.507],[123.512,-1.447],[123.547,-1.337],[123.435,-1.237]]},"properties":{"scalerank":0,"featureclass":"Coastline"}},
{"type":"Feature","geometry":null,"properties":{"scalerank":0,"featureclass":"Coastline"}},
{"type":"Feature","geometry":null,"properties":{"scalerank":0,"featureclass":"Coastline"}},
{"type":"Feature","geometry":{"type":"LineString","coordinates":[[126.865,4.48],[126.757,4.548],[126.722,4.344],[126.814,4.258],[126.704,4.071],[126.817,4.033],[126.921,4.291],[126.865,4.48]]},"properties":{"scalerank":0,"featureclass":"Coastline"}},
{"type":"Feature","geometry":null,"properties":{"scalerank":0,"featureclass":"Coastline"}},
{"type":"Feature","geometry":null,"properties":{"scalerank":0,"featureclass":"Coastline"}},
{"type":"Feature","geometry":null,"properties":{"scalerank":0,"featureclass":"Coastline"}},
{"type":"Feature","geometry":null,"properties":{"scalerank":0,"featureclass":"Coastline"}},
{"type":"Feature","geometry":{"type":"LineString","coordinates":[[120.477,-5.775],[120.446,-5.876],[120.461,-6.254],[120.528,-6.298],[120.549,-5.969],[120.477,-5.775]]},"properties":{"scalerank":0,"featureclass":"Coastline"}},
{"type":"Feature","geometry":null,"properties":{"scalerank":0,"featureclass":"Coastline"}},
{"type":"Feature","geometry":null,"properties":{"scalerank":0,"featureclass":"Coastline"}},
{"type":"Feature","geometry":{"type":"LineString","coordinates":[[131.701,-7.14],[131.561,-7.136],[131.349,-7.425],[131.26,-7.471],[131.138,-7.685],[131.087,-7.865],[131.114,-7.997],[131.309,-8.011],[131.377,-7.869],[131.624,-7.626],[131.691,-7.439],[131.644,-7.267],[131.701,-7.14]]},"properties":{"scalerank":0,"featureclass":"Coastline"}},
{"type":"Feature","geometry":{"type":"LineString","coordinates":[[129.655,-7.795],[129.592,-7.917],[129.713,-8.041],[129.839,-7.955],[129.813,-7.82],[129.655,-7.795]]},"properties":{"scalerank":0,"featureclass":"Coastline"}},
{"type":"Feature","geometry":null,"properties":{"scalerank":0,"featureclass":"Coastline"}},
{"type":"Feature","geometry":{"type":"LineString","coordinates":[[127.998,-8.139],[127.823,-8.099],[127.821,-8.19],[128.024,-8.255],[127.998,-8.139]]},"properties":{"scalerank":0,"featureclass":"Coastline"}},
{"type":"Feature","geometry":null,"properties":{"scalerank":0,"featureclass":"Coastline"}},
{"type":"Feature","geometry":{"type":"LineString","coordinates":[[126.726,-7.662],[126.61,-7.572],[126.214,-7.707],[125.975,-7.663],[125.843,-7.817],[125.952,-7.911],[126.108,-7.884],[126.472,-7.95],[126.726,-7.662]]},"properties":{"scalerank":0,"featureclass":"Coastline"}},
{"type":"Feature","geometry":null,"properties":{"scalerank":0,"featureclass":"Coastline"}},
{"type":"Feature","geometry":null,"properties":{"scalerank":0,"featureclass":"Coastline"}},
{"type":"Feature","geometry":{"type":"LineString","coordinates":[[123.34,-10.486],[123.061,-10.698],[122.846,-10.762],[122.826,-10.899],[122.949,-10.909],[123.215,-10.806],[123.418,-10.651],[123.34,-10.486]]},"properties":{"scalerank":0,"featureclass":"Coastline"}},
{"type":"Feature","geometry":{"type":"LineString","coordinates":[[121.796,-10.507],[121.833,-10.602],[121.981,-10.528],[121.867,-10.439],[121.796,-10.507]]},"properties":{"scalerank":0,"featureclass":"Coastline"}},
{"type":"Feature","geometry":{"type":"LineString","coordinates":[[124.752,-8.16],[124.6,-8.202],[124.431,-8.183],[124.444,-8.445],[125.097,-8.353],[125.125,-8.205],[124.752,-8.16]]},"properties":{"scalerank":0,"featureclass":"Coastline"}},
{"type":"Feature","geometry":{"type":"LineString","coordinates":[[124.24,-8.203],[124.111,-8.364],[123.971,-8.354],[124.066,-8.552],[124.184,-8.499],[124.287,-8.329],[124.24,-8.203]]},"properties":{"scalerank":0,"featureclass":"Coastline"}},
{"type":"Feature","geometry":{"type":"LineString","coordinates":[[123.776,-8.19],[123.601,-8.291],[123.53,-8.265],[123.325,-8.439],[123.411,-8.587],[123.553,-8.567],[123.629,-8.422],[123.784,-8.3],[123.776,-8.19]]},"properties":{"scalerank":0,"featureclass":"Coastline"}},
{"type":"Feature","geometry":{"type":"LineString","coordinates":[[123.217,-8.235],[123.133,-8.254],[123.025,-8.396],[123.297,-8.399],[123.336,-8.269],[123.217,-8.235]]},"properties":{"scalerank":0,"featureclass":"Coastline"}},
{"type":"Feature","geometry":null,"properties":{"scalerank":0,"featureclass":"Coastline"}},
{"type":"Feature","geometry":null,"properties":{"scalerank":0,"featureclass":"Coastline"}},
{"type":"Feature","geometry":null,"properties":{"scalerank":0,"featureclass":"Coastline"}},
{"type":"Feature","geometry":{"type":"LineString","coordinates":[[115.414,-6.84],[115.241,-6.861],[115.296,-6.988],[115.414,-6.84]]},"properties":{"scalerank":0,"featureclass":"Coastline"}},
{"type":"Feature","geometry":null,"properties":{"scalerank":0,"featureclass":"Coastline"}},
{"type":"Feature","geometry":{"type":"LineString","coordinates":[[117.708,4.262],[117.625,4.121],[117.737,4.004],[117.923,4.054],[117.885,4.186],[117.708,4.262]]},"properties":{"scalerank":0,"featureclass":"Coastline"}},
{"type":"Feature","geometry":null,"properties":{"scalerank":0,"featureclass":"Coastline"}},
{"type":"Feature","geometry":null,"properties":{"scalerank":0,"featureclass":"Coastline"}},
{"type":"Feature","geometry":{"type":"LineString","coordinates":[[116.282,-3.535],[116.27,-3.251],[116.117,-3.34],[116.018,-3.7],[116.077,-3.817],[116.093,-4.054],[116.303,-3.868],[116.282,-3.535]]},"properties":{"scalerank":0,"featureclass":"Coastline"}},
{"type":"Feature","geometry":null,"properties":{"scalerank":0,"featureclass":"Coastline"}},
{"type":"Feature","geometry":{"type":"LineString","coordinates":[[109.7,-1.007],[109.476,-0.985],[109.428,-1.241],[109.511,-1.283],[109.71,-1.181],[109.7,-1.007]]},"properties":{"scalerank":0,"featureclass":"Coastline"}},
{"type":"Feature","geometry":null,"properties":{"scalerank":0,"featureclass":"Coastline"}},
{"type":"Feature","geometry":{"type":"LineString","coordinates":[[108.393,3.986],[108.202,4.2],[108.004,4.043],[108.088,3.852],[108.243,3.81],[108.394,3.836],[108.393,3.986]]},"properties":{"scalerank":0,"featureclass":"Coastline"}},
{"type":"Feature","geometry":null,"properties":{"scalerank":0,"featureclass":"Coastline"}},
{"type":"Feature","geometry":null,"properties":{"scalerank":0,"featureclass":"Coastline"}},
{"type":"Feature","geometry":{"type":"LineString","coordinates":[[101.641,2.127],[101.41,2.022],[101.403,1.901],[101.468,1.759],[101.603,1.716],[101.719,1.789],[101.774,1.943],[101.641,2.127]]},"properties":{"scalerank":0,"featureclass":"Coastline"}},
{"type":"Feature","geometry":{"type":"LineString","coordinates":[[102.276,1.395],[102.229,1.348],[102.255,1.147],[102.325,1.007],[102.427,0.99],[102.443,1.234],[102.276,1.395]]},"properties":{"scalerank":0,"featureclass":"Coastline"}},
{"type":"Feature","geometry":{"type":"LineString","coordinates":[[102.492,1.459],[102.47,1.51],[102.042,1.625],[102.079,1.499],[102.274,1.453],[102.499,1.331],[102.492,1.459]]},"properties":{"scalerank":0,"featureclass":"Coastline"}},
{"type":"Feature","geometry":{"type":"LineString","coordinates":[[102.78,0.959],[102.549,1.13],[102.454,0.89],[102.542,0.832],[102.971,0.737],[103.002,0.859],[102.78,0.959]]},"properties":{"scalerank":0,"featureclass":"Coastline"}},
{"type":"Feature","geometry":{"type":"LineString","coordinates":[[103.068,1.015],[102.79,1.165],[102.702,1.054],[102.886,0.997],[103.087,0.848],[103.068,1.015]]},"properties":{"scalerank":0,"featureclass":"Coastline"}},
{"type":"Feature","geometry":{"type":"LineString","coordinates":[[103.238,0.699],[103.14,0.549],[103.284,0.542],[103.238,0.699]]},"properties":{"scalerank":0,"featureclass":"Coastline"}},
{"type":"Feature","geometry":null,"properties":{"scalerank":0,"featureclass":"Coastline"}},
{"type":"Feature","geometry":null,"properties":{"scalerank":0,"featureclass":"Coastline"}},
{"type":"Feature","geometry":null,"properties":{"scalerank":0,"featureclass":"Coastline"}},
{"type":"Feature","geometry":{"type":"LineString","coordinates":[[104.025,1.181],[103.964,1.013],[104.066,0.99],[104.127,1.092],[104.025,1.181]]},"properties":{"scalerank":0,"featureclass":"Coastline"}},
{"type":"Feature","geometry":{"type":"LineString","coordinates":[[104.591,1.141],[104.362,1.181],[104.25,1.103],[104.252,1.015],[104.439,1.05],[104.429,0.956],[104.575,0.832],[104.653,0.961],[104.591,1.141]]},"properties":{"scalerank":0,"featureclass":"Coastline"}},
{"type":"Feature","geometry":null,"properties":{"scalerank":0,"featureclass":"Coastline"}},
{"type":"Feature","geometry":null,"properties":{"scalerank":0,"featureclass":"Coastline"}},
{"type":"Feature","geometry":{"type":"LineString","coordinates":[[104.843,-0.141],[104.543,0.018],[104.447,-0.189],[104.567,-0.246],[104.702,-0.209],[104.914,-0.323],[104.95,-0.247],[104.843,-0.141]]},"properties":{"scalerank":0,"featureclass":"Coastline"}},
{"type":"Feature","geometry":{"type":"LineString","coordinates":[[104.364,-0.403],[104.33,-0.539],[104.485,-0.613],[104.59,-0.467],[104.474,-0.335],[104.364,-0.403]]},"properties":{"scalerank":0,"featureclass":"Coastline"}},
{"type":"Feature","geometry":null,"properties":{"scalerank":0,"featureclass":"Coastline"}},
{"type":"Feature","geometry":{"type":"LineString","coordinates":[[108.215,-2.697],[108.074,-2.597],[107.838,-2.53],[107.666,-2.566],[107.598,-2.8],[107.614,-3.209],[107.941,-3.129],[108.055,-3.227],[108.167,-3.143],[108.291,-2.83],[108.215,-2.697]]},"properties":{"scalerank":0,"featureclass":"Coastline"}},
{"type":"Feature","geometry":null,"properties":{"scalerank":0,"featureclass":"Coastline"}},
{"type":"Feature","geometry":null,"properties":{"scalerank":0,"featureclass":"Coastline"}},
{"type":"Feature","geometry":null,"properties":{"scalerank":0,"featureclass":"Coastline"}},
{"type":"Feature","geometry":{"type":"LineString","coordinates":[[97.786,1.146],[97.698,1.184],[97.482,1.465],[97.356,1.54],[97.244,1.424],[97.079,1.425],[97.297,1.187],[97.405,0.947],[97.604,0.834],[97.684,0.596],[97.82,0.564],[97.876,0.628],[97.932,0.974],[97.786,1.146]]},"properties":{"scalerank":0,"featureclass":"Coastline"}},
{"type":"Feature","geometry":{"type":"LineString","coordinates":[[102.372,-5.366],[102.198,-5.289],[102.136,-5.361],[102.286,-5.483],[102.372,-5.366]]},"properties":{"scalerank":0,"featureclass":"Coastline"}},
{"type":"Feature","geometry":{"type":"LineString","coordinates":[[100.464,-3.117],[100.455,-3.002],[100.246,-2.783],[100.179,-2.82],[100.204,-2.987],[100.332,-3.113],[100.464,-3.117]]},"properties":{"scalerank":0,"featureclass":"Coastline"}},
{"type":"Feature","geometry":{"type":"LineString","coordinates":[[100.012,-2.51],[100.015,-2.82],[100.133,-2.821],[100.202,-2.68],[100.012,-2.51]]},"properties":{"scalerank":0,"featureclass":"Coastline"}},
{"type":"Feature","geometry":{"type":"LineString","coordinates":[[99.735,-2.178],[99.686,-2.063],[99.572,-2.026],[99.537,-2.162],[99.607,-2.258],[99.848,-2.37],[99.735,-2.178]]},"properties":{"scalerank":0,"featureclass":"Coastline"}},
{"type":"Feature","geometry":{"type":"LineString","coordinates":[[99.131,-1.442],[99.065,-1.241],[98.869,-0.916],[98.676,-0.971],[98.602,-1.198],[98.874,-1.664],[99.072,-1.783],[99.271,-1.738],[99.267,-1.628],[99.131,-1.442]]},"properties":{"scalerank":0,"featureclass":"Coastline"}},
{"type":"Feature","geometry":{"type":"LineString","coordinates":[[98.415,-0.018],[98.427,-0.226],[98.31,-0.532],[98.459,-0.53],[98.544,-0.258],[98.415,-0.018]]},"properties":{"scalerank":0,"featureclass":"Coastline"}},
{"type":"Feature","geometry":null,"properties":{"scalerank":0,"featureclass":"Coastline"}},
{"type":"Feature","geometry":{"type":"LineString","coordinates":[[96.417,2.515],[95.806,2.916],[95.717,2.826],[95.809,2.656],[96.022,2.596],[96.29,2.43],[96.417,2.515]]},"properties":{"scalerank":0,"featureclass":"Coastline"}},
{"type":"Feature","geometry":null,"properties":{"scalerank":0,"featureclass":"Coastline"}},
{"type":"Feature","geometry":null,"properties":{"scalerank":0,"featureclass":"Coastline"}},
{"type":"Feature","geometry":{"type":"LineString","coordinates":[[117.064,7.261],[117.142,7.168],[117.239,7.185],[117.264,7.352],[117.064,7.261]]},"properties":{"scalerank":0,"featureclass":"Coastline"}},
{"type":"Feature","geometry":null,"properties":{"scalerank":0,"featureclass":"Coastline"}},
{"type":"Feature","geometry":{"type":"LineString","coordinates":[[22.411,58.863],[22.542,58.69],[23.009,58.834],[22.91,58.991],[22.587,59.081],[22.411,58.863]]},"properties":{"scalerank":0,"featureclass":"Coastline"}},
{"type":"Feature","geometry":null,"properties":{"scalerank":0,"featureclass":"Coastline"}},
{"type":"Feature","geometry":null,"properties":{"scalerank":0,"featureclass":"Coastline"}},
{"type":"Feature","geometry":null,"properties":{"scalerank":0,"featureclass":"Coastline"}},
{"type":"Feature","geometry":null,"properties":{"scalerank":0,"featureclass":"Coastline"}},
{"type":"Feature","geometry":null,"properties":{"scalerank":0,"featureclass":"Coastline"}},
{"type":"Feature","geometry":null,"properties":{"scalerank":0,"featureclass":"Coastline"}},
{"type":"Feature","geometry":null,"properties":{"scalerank":0,"featureclass":"Coastline"}},
{"type":"Feature","geometry":null,"properties":{"scalerank":0,"featureclass":"Coastline"}},
{"type":"Feature","geometry":{"type":"LineString","coordinates":[[57.456,81.543],[57.092,81.541],[55.717,81.188],[56.822,81.238],[57.451,81.136],[58.015,81.255],[57.859,81.368],[58.436,81.464],[57.456,81.543]]},"properties":{"scalerank":0,"featureclass":"Coastline"}},
{"type":"Feature","geometry":{"type":"LineString","coordinates":[[54.634,81.113],[54.067,80.814],[55.117,80.752],[55.713,80.637],[56.815,80.664],[57.694,80.792],[56.17,81.029],[55.471,81.02],[54.634,81.113]]},"properties":{"scalerank":0,"featureclass":"Coastline"}},
{"type":"Feature","geometry":null,"properties":{"scalerank":0,"featureclass":"Coastline"}},
{"type":"Feature","geometry":{"type":"LineString","coordinates":[[58.05,81.118],[57.405,80.915],[57.938,80.793],[58.86,80.779],[58.622,81.042],[58.05,81.118]]},"properties":{"scalerank":0,"featureclass":"Coastline"}},
{"type":"Feature","geometry":null,"properties":{"scalerank":0,"featureclass":"Coastline"}},
{"type":"Feature","geometry":{"type":"LineString","coordinates":[[59.356,81.759],[59.262,81.854],[58.135,81.828],[58.295,81.715],[59.356,81.759]]},"properties":{"scalerank":0,"featureclass":"Coastline"}},
{"type":"Feature","geometry":null,"properties":{"scalerank":0,"featureclass":"Coastline"}},
{"type":"Feature","geometry":null,"properties":{"scalerank":0,"featureclass":"Coastline"}},
{"type":"Feature","geometry":null,"properties":{"scalerank":0,"featureclass":"Coastline"}},
{"type":"Feature","geometry":{"type":"LineString","coordinates":[[53.141,71.242],[52.777,71.4],[52.297,71.357],[52.835,71.086],[53.205,71.16],[53.141,71.242]]},"properties":{"scalerank":0,"featureclass":"Coastline"}},
{"type":"Feature","geometry":{"type":"LineString","coordinates":[[74.409,73.13],[74.181,72.975],[74.588,72.881],[74.725,73.108],[74.409,73.13]]},"properties":{"scalerank":0,"featureclass":"Coastline"}},
{"type":"Feature","geometry":null,"properties":{"scalerank":0,"featureclass":"Coastline"}},
{"type":"Feature","geometry":null,"properties":{"scalerank":0,"featureclass":"Coastline"}},
{"type":"Feature","geometry":{"type":"LineString","coordinates":[[77.749,72.631],[77.378,72.565],[76.903,72.366],[77.146,72.282],[77.781,72.309],[78.365,72.482],[78.279,72.553],[77.749,72.631]]},"properties":{"scalerank":0,"featureclass":"Coastline"}},
{"type":"Feature","geometry":{"type":"LineString","coordinates":[[79.413,72.983],[79.164,73.094],[78.657,72.892],[78.881,72.752],[79.431,72.711],[79.541,72.919],[79.413,72.983]]},"properties":{"scalerank":0,"featureclass":"Coastline"}},
{"type":"Feature","geometry":null,"properties":{"scalerank":0,"featureclass":"Coastline"}},
{"type":"Feature","geometry":null,"properties":{"scalerank":0,"featureclass":"Coastline"}},
{"type":"Feature","geometry":null,"properties":{"scalerank":0,"featureclass":"Coastline"}},
{"type":"Feature","geometry":{"type":"LineString","coordinates":[[86.653,74.981],[86.391,74.851],[86.927,74.831],[87.124,74.94],[86.653,74.981]]},"properties":{"scalerank":0,"featureclass":"Coastline"}},
{"type":"Feature","geometry":{"type":"LineString","coordinates":[[82.022,75.513],[81.501,75.368],[81.655,75.289],[82.222,75.351],[82.022,75.513]]},"properties":{"scalerank":0,"featureclass":"Coastline"}},
{"type":"Feature","geometry":{"type":"LineString","coordinates":[[96.271,76.305],[95.311,76.215],[96.109,76.155],[96.271,76.305]]},"properties":{"scalerank":0,"featureclass":"Coastline"}},
{"type":"Feature","geometry":null,"properties":{"scalerank":0,"featureclass":"Coastline"}},
{"type":"Feature","geometry":null,"properties":{"scalerank":0,"featureclass":"Coastline"}},
{"type":"Feature","geometry":null,"properties":{"scalerank":0,"featureclass":"Coastline"}},
{"type":"Feature","geometry":null,"properties":{"scalerank":0,"featureclass":"Coastline"}},
{"type":"Feature","geometry":{"type":"LineString","coordinates":[[79.217,80.96],[79.099,80.812],[80.345,80.868],[79.807,80.975],[79.217,80.96]]},"properties":{"scalerank":0,"featureclass":"Coastline"}},
{"type":"Feature","geometry":{"type":"LineString","coordinates":[[91.478,81.184],[90.07,81.214],[89.976,81.113],[91.223,81.064],[91.478,81.184]]},"properties":{"scalerank":0,"featureclass":"Coastline"}},
{"type":"Feature","geometry":null,"properties":{"scalerank":0,"featureclass":"Coastline"}},
{"type":"Feature","geometry":null,"properties":{"scalerank":0,"featureclass":"Coastline"}},
{"type":"Feature","geometry":null,"properties":{"scalerank":0,"featureclass":"Coastline"}},
{"type":"Feature","geometry":null,"properties":{"scalerank":0,"featureclass":"Coastline"}},
{"type":"Feature","geometry":null,"properties":{"scalerank":0,"featureclass":"Coastline"}},
{"type":"Feature","geometry":null,"properties":{"scalerank":0,"featureclass":"Coastline"}},
{"type":"Feature","geometry":{"type":"LineString","coordinates":[[136.169,75.606],[135.614,75.766],[135.452,75.39],[136.021,75.438],[136.169,75.606]]},"properties":{"scalerank":0,"featureclass":"Coastline"}},
{"type":"Feature","geometry":null,"properties":{"scalerank":0,"featureclass":"Coastline"}},
{"type":"Feature","geometry":null,"properties":{"scalerank":0,"featureclass":"Coastline"}},
{"type":"Feature","geometry":{"type":"LineString","coordinates":[[137.282,71.58],[137.712,71.423],[137.817,71.588],[137.282,71.58]]},"properties":{"scalerank":0,"featureclass":"Coastline"}},
{"type":"Feature","geometry":null,"properties":{"scalerank":0,"featureclass":"Coastline"}},
{"type":"Feature","geometry":{"type":"LineString","coordinates":[[168.358,70.016],[167.789,69.837],[168.348,69.664],[168.916,69.571],[169.201,69.58],[169.375,69.883],[168.358,70.016]]},"properties":{"scalerank":0,"featureclass":"Coastline"}},
{"type":"Feature","geometry":{"type":"LineString","coordinates":[[164.573,59.221],[164.202,59.096],[163.761,59.015],[163.727,58.799],[163.96,58.744],[164.279,58.838],[164.616,58.886],[164.662,58.971],[164.573,59.221]]},"properties":{"scalerank":0,"featureclass":"Coastline"}},
{"type":"Feature","geometry":null,"properties":{"scalerank":0,"featureclass":"Coastline"}},
{"type":"Feature","geometry":{"type":"LineString","coordinates":[[166.577,54.908],[166.248,55.165],[166.276,55.312],[165.931,55.351],[165.992,55.19],[166.325,54.865],[166.577,54.908]]},"properties":{"scalerank":0,"featureclass":"Coastline"}},
{"type":"Feature","geometry":{"type":"LineString","coordinates":[[156.376,50.862],[156.168,50.732],[156.326,50.639],[156.483,50.751],[156.376,50.862]]},"properties":{"scalerank":0,"featureclass":"Coastline"}},
{"type":"Feature","geometry":{"type":"LineString","coordinates":[[156.097,50.772],[155.885,50.684],[155.68,50.401],[155.218,50.298],[155.243,50.095],[155.397,50.041],[155.516,50.146],[155.792,50.202],[156.044,50.452],[156.123,50.671],[156.097,50.772]]},"properties":{"scalerank":0,"featureclass":"Coastline"}},
{"type":"Feature","geometry":null,"properties":{"scalerank":0,"featureclass":"Coastline"}},
{"type":"Feature","geometry":null,"properties":{"scalerank":0,"featureclass":"Coastline"}},
{"type":"Feature","geometry":null,"properties":{"scalerank":0,"featureclass":"Coastline"}},
{"type":"Feature","geometry":null,"properties":{"scalerank":0,"featureclass":"Coastline"}},
{"type":"Feature","geometry":{"type":"LineString","coordinates":[[149.962,46.022],[149.796,45.876],[149.666,45.84],[149.447,45.593],[149.688,45.642],[149.883,45.783],[150.195,45.933],[150.235,46.012],[150.553,46.209],[150.349,46.213],[149.962,46.022]]},"properties":{"scalerank":0,"featureclass":"Coastline"}},
{"type":"Feature","geometry":{"type":"LineString","coordinates":[[148.812,45.51],[148.612,45.485],[148.324,45.282],[148.056,45.262],[147.965,45.378],[147.769,45.191],[147.43,44.945],[147.247,44.856],[147.141,44.663],[147.31,44.678],[147.563,44.836],[147.658,44.977],[147.914,44.99],[148.262,45.217],[148.6,45.318],[148.791,45.324],[148.812,45.51]]},"properties":{"scalerank":0,"featureclass":"Coastline"}},
{"type":"Feature","geometry":null,"properties":{"scalerank":0,"featureclass":"Coastline"}},
{"type":"Feature","geometry":{"type":"LineString","coordinates":[[137.941,55.093],[137.577,55.197],[137.436,55.016],[137.463,54.873],[137.661,54.653],[137.991,54.821],[138.172,55.06],[137.941,55.093]]},"properties":{"scalerank":0,"featureclass":"Coastline"}},
{"type":"Feature","geometry":{"type":"LineString","coordinates":[[137.078,55.092],[136.795,55.009],[137.055,54.927],[137.078,55.092]]},"properties":{"scalerank":0,"featureclass":"Coastline"}},
{"type":"Feature","geometry":null,"properties":{"scalerank":0,"featureclass":"Coastline"}},
{"type":"Feature","geometry":{"type":"LineString","coordinates":[[146.356,44.425],[146.112,44.5],[145.94,44.273],[145.666,43.999],[145.767,43.941],[146.112,44.246],[146.296,44.281],[146.356,44.425]]},"properties":{"scalerank":0,"featureclass":"Coastline"}},
{"type":"Feature","geometry":null,"properties":{"scalerank":0,"featureclass":"Coastline"}},
{"type":"Feature","geometry":null,"properties":{"scalerank":0,"featureclass":"Coastline"}},
{"type":"Feature","geometry":null,"properties":{"scalerank":0,"featureclass":"Coastline"}},
{"type":"Feature","geometry":{"type":"LineString","coordinates":[[128.255,26.882],[128.217,26.797],[127.926,26.556],[128.127,26.552],[128.259,26.653],[128.332,26.812],[128.255,26.882]]},"properties":{"scalerank":0,"featureclass":"Coastline"}},
{"type":"Feature","geometry":null,"properties":{"scalerank":0,"featureclass":"Coastline"}},
{"type":"Feature","geometry":{"type":"LineString","coordinates":[[129.598,28.476],[129.51,28.398],[129.322,28.36],[129.248,28.283],[129.366,28.128],[129.439,28.255],[129.642,28.411],[129.598,28.476]]},"properties":{"scalerank":0,"featureclass":"Coastline"}},
{"type":"Feature","geometry":null,"properties":{"scalerank":0,"featureclass":"Coastline"}},
{"type":"Feature","geometry":{"type":"LineString","coordinates":[[130.497,30.466],[130.388,30.388],[130.446,30.265],[130.623,30.263],[130.673,30.367],[130.497,30.466]]},"properties":{"scalerank":0,"featureclass":"Coastline"}},
{"type":"Feature","geometry":{"type":"LineString","coordinates":[[130.947,30.671],[130.87,30.444],[130.96,30.397],[131.057,30.642],[130.947,30.671]]},"properties":{"scalerank":0,"featureclass":"Coastline"}},
{"type":"Feature","geometry":{"type":"LineString","coordinates":[[128.839,32.763],[128.704,32.757],[128.657,32.628],[128.895,32.652],[128.839,32.763]]},"properties":{"scalerank":0,"featureclass":"Coastline"}},
{"type":"Feature","geometry":{"type":"LineString","coordinates":[[130.01,32.522],[129.979,32.346],[130.083,32.23],[130.2,32.341],[130.168,32.541],[130.01,32.522]]},"properties":{"scalerank":0,"featureclass":"Coastline"}},
{"type":"Feature","geometry":null,"properties":{"scalerank":0,"featureclass":"Coastline"}},
{"type":"Feature","geometry":null,"properties":{"scalerank":0,"featureclass":"Coastline"}},
{"type":"Feature","geometry":{"type":"LineString","coordinates":[[138.51,38.259],[138.25,38.078],[138.344,37.822],[138.497,37.904],[138.454,38.076],[138.51,38.259]]},"properties":{"scalerank":0,"featureclass":"Coastline"}},
{"type":"Feature","geometry":null,"properties":{"scalerank":0,"featureclass":"Coastline"}},
{"type":"Feature","geometry":null,"properties":{"scalerank":0,"featureclass":"Coastline"}},
{"type":"Feature","geometry":null,"properties":{"scalerank":0,"featureclass":"Coastline"}},
{"type":"Feature","geometry":null,"properties":{"scalerank":0,"featureclass":"Coastline"}},
{"type":"Feature","geometry":null,"properties":{"scalerank":0,"featureclass":"Coastline"}},
{"type":"Feature","geometry":{"type":"LineString","coordinates":[[134.834,34.473],[134.668,34.294],[134.824,34.203],[134.933,34.288],[134.834,34.473]]},"properties":{"scalerank":0,"featureclass":"Coastline"}},
{"type":"Feature","geometry":null,"properties":{"scalerank":0,"featureclass":"Coastline"}},
{"type":"Feature","geometry":null,"properties":{"scalerank":0,"featureclass":"Coastline"}},
{"type":"Feature","geometry":null,"properties":{"scalerank":0,"featureclass":"Coastline"}},
{"type":"Feature","geometry":null,"properties":{"scalerank":0,"featureclass":"Coastline"}},
{"type":"Feature","geometry":null,"properties":{"scalerank":0,"featureclass":"Coastline"}},
{"type":"Feature","geometry":null,"properties":{"scalerank":0,"featureclass":"Coastline"}},
{"type":"Feature","geometry":null,"properties":{"scalerank":0,"featureclass":"Coastline"}},
{"type":"Feature","geometry":null,"properties":{"scalerank":0,"featureclass":"Coastline"}},
{"type":"Feature","geometry":null,"properties":{"scalerank":0,"featureclass":"Coastline"}},
{"type":"Feature","geometry":{"type":"LineString","coordinates":[[128.722,35.014],[128.489,34.865],[128.647,34.737],[128.741,34.799],[128.722,35.014]]},"properties":{"scalerank":0,"featureclass":"Coastline"}},
{"type":"Feature","geometry":{"type":"LineString","coordinates":[[127.832,34.875],[127.873,34.735],[128.055,34.708],[128.038,34.879],[127.832,34.875]]},"properties":{"scalerank":0,"featureclass":"Coastline"}},
{"type":"Feature","geometry":null,"properties":{"scalerank":0,"featureclass":"Coastline"}},
{"type":"Feature","geometry":{"type":"LineString","coordinates":[[126.76,33.553],[126.338,33.46],[126.166,33.312],[126.24,33.215],[126.582,33.238],[126.873,33.341],[126.901,33.515],[126.76,33.553]]},"properties":{"scalerank":0,"featureclass":"Coastline"}},
{"type":"Feature","geometry":{"type":"LineString","coordinates":[[126.344,34.545],[126.247,34.563],[126.123,34.444],[126.17,34.355],[126.335,34.426],[126.344,34.545]]},"properties":{"scalerank":0,"featureclass":"Coastline"}},
{"type":"Feature","geometry":null,"properties":{"scalerank":0,"featureclass":"Coastline"}},
{"type":"Feature","geometry":{"type":"LineString","coordinates":[[121.577,31.637],[121.464,31.756],[121.336,31.644],[121.78,31.464],[121.808,31.552],[121.577,31.637]]},"properties":{"scalerank":0,"featureclass":"Coastline"}},
{"type":"Feature","geometry":{"type":"LineString","coordinates":[[122.284,30.068],[122.111,30.14],[122.024,30.013],[122.282,29.944],[122.284,30.068]]},"properties":{"scalerank":0,"featureclass":"Coastline"}},
{"type":"Feature","geometry":null,"properties":{"scalerank":0,"featureclass":"Coastline"}},
{"type":"Feature","geometry":null,"properties":{"scalerank":0,"featureclass":"Coastline"}},
{"type":"Feature","geometry":null,"properties":{"scalerank":0,"featureclass":"Coastline"}},
{"type":"Feature","geometry":null,"properties":{"scalerank":0,"featureclass":"Coastline"}},
{"type":"Feature","geometry":null,"properties":{"scalerank":0,"featureclass":"Coastline"}},
{"type":"Feature","geometry":null,"properties":{"scalerank":0,"featureclass":"Coastline"}},
{"type":"Feature","geometry":null,"properties":{"scalerank":0,"featureclass":"Coastline"}},
{"type":"Feature","geometry":null,"properties":{"scalerank":0,"featureclass":"Coastline"}},
{"type":"Feature","geometry":null,"properties":{"scalerank":0,"featureclass":"Coastline"}},
{"type":"Feature","geometry":{"type":"LineString","coordinates":[[104.028,10.428],[103.868,10.335],[103.952,10.243],[104.083,10.341],[104.028,10.428]]},"properties":{"scalerank":0,"featureclass":"Coastline"}},
{"type":"Feature","geometry":null,"properties":{"scalerank":0,"featureclass":"Coastline"}},
{"type":"Feature","geometry":null,"properties":{"scalerank":0,"featureclass":"Coastline"}},
{"type":"Feature","geometry":null,"properties":{"scalerank":0,"featureclass":"Coastline"}},
{"type":"Feature","geometry":{"type":"LineString","coordinates":[[103.818,1.447],[103.705,1.423],[103.65,1.326],[103.82,1.265],[103.97,1.331],[103.818,1.447]]},"properties":{"scalerank":0,"featureclass":"Coastline"}},
{"type":"Feature","geometry":null,"properties":{"scalerank":0,"featureclass":"Coastline"}},
{"type":"Feature","geometry":null,"properties":{"scalerank":0,"featureclass":"Coastline"}},
{"type":"Feature","geometry":{"type":"LineString","coordinates":[[99.848,6.466],[99.749,6.41],[99.744,6.263],[99.919,6.359],[99.848,6.466]]},"properties":{"scalerank":0,"featureclass":"Coastline"}},
{"type":"Feature","geometry":null,"properties":{"scalerank":0,"featureclass":"Coastline"}},
{"type":"Feature","geometry":null,"properties":{"scalerank":0,"featureclass":"Coastline"}},
{"type":"Feature","geometry":null,"properties":{"scalerank":0,"featureclass":"Coastline"}},
{"type":"Feature","geometry":null,"properties":{"scalerank":0,"featureclass":"Coastline"}},
{"type":"Feature","geometry":{"type":"LineString","coordinates":[[98.399,7.965],[98.435,8.086],[98.301,8.136],[98.262,7.926],[98.296,7.776],[98.398,7.828],[98.399,7.965]]},"properties":{"scalerank":0,"featureclass":"Coastline"}},
{"type":"Feature","geometry":null,"properties":{"scalerank":0,"featureclass":"Coastline"}},
{"type":"Feature","geometry":{"type":"LineString","coordinates":[[93.859,7.207],[93.684,7.184],[93.709,7.001],[93.829,6.749],[93.93,6.973],[93.859,7.207]]},"properties":{"scalerank":0,"featureclass":"Coastline"}},
{"type":"Feature","geometry":null,"properties":{"scalerank":0,"featureclass":"Coastline"}},
{"type":"Feature","geometry":null,"properties":{"scalerank":0,"featureclass":"Coastline"}},
{"type":"Feature","geometry":null,"properties":{"scalerank":0,"featureclass":"Coastline"}},
{"type":"Feature","geometry":null,"properties":{"scalerank":0,"featureclass":"Coastline"}},
{"type":"Feature","geometry":null,"properties":{"scalerank":0,"featureclass":"Coastline"}},
{"type":"Feature","geometry":{"type":"LineString","coordinates":[[92.51,10.897],[92.353,10.751],[92.37,10.547],[92.473,10.521],[92.574,10.704],[92.51,10.897]]},"properties":{"scalerank":0,"featureclass":"Coastline"}},
{"type":"Feature","geometry":null,"properties":{"scalerank":0,"featureclass":"Coastline"}},
{"type":"Feature","geometry":null,"properties":{"scalerank":0,"featureclass":"Coastline"}},
{"type":"Feature","geometry":null,"properties":{"scalerank":0,"featureclass":"Coastline"}},
{"type":"Feature","geometry":{"type":"LineString","coordinates":[[93.016,13.336],[93.077,13.401],[93.062,13.545],[92.925,13.486],[92.857,13.358],[92.807,12.879],[92.74,12.78],[92.695,12.215],[92.608,11.95],[92.534,11.873],[92.668,11.539],[92.765,11.639],[92.798,11.875],[92.748,11.993],[92.879,12.228],[92.864,12.436],[92.99,12.539],[92.965,12.85],[92.886,12.942],[93.005,13.089],[93.074,13.252],[93.016,13.336]]},"properties":{"scalerank":0,"featureclass":"Coastline"}},
{"type":"Feature","geometry":null,"properties":{"scalerank":0,"featureclass":"Coastline"}},
{"type":"Feature","geometry":null,"properties":{"scalerank":0,"featureclass":"Coastline"}},
{"type":"Feature","geometry":null,"properties":{"scalerank":0,"featureclass":"Coastline"}},
{"type":"Feature","geometry":null,"properties":{"scalerank":0,"featureclass":"Coastline"}},
{"type":"Feature","geometry":null,"properties":{"scalerank":0,"featureclass":"Coastline"}},
{"type":"Feature","geometry":null,"properties":{"scalerank":0,"featureclass":"Coastline"}},
{"type":"Feature","geometry":{"type":"LineString","coordinates":[[98.376,11.792],[98.435,11.567],[98.528,11.539],[98.554,11.745],[98.376,11.792]]},"properties":{"scalerank":0,"featureclass":"Coastline"}},
{"type":"Feature","geometry":null,"properties":{"scalerank":0,"featureclass":"Coastline"}},
{"type":"Feature","geometry":null,"properties":{"scalerank":0,"featureclass":"Coastline"}},
{"type":"Feature","geometry":{"type":"LineString","coordinates":[[98.396,12.647],[98.312,12.678],[98.381,12.354],[98.459,12.474],[98.396,12.647]]},"properties":{"scalerank":0,"featureclass":"Coastline"}},
{"type":"Feature","geometry":null,"properties":{"scalerank":0,"featureclass":"Coastline"}},
{"type":"Feature","geometry":{"type":"LineString","coordinates":[[97.579,16.486],[97.469,16.461],[97.48,16.306],[97.575,16.253],[97.579,16.486]]},"properties":{"scalerank":0,"featureclass":"Coastline"}},
{"type":"Feature","geometry":null,"properties":{"scalerank":0,"featureclass":"Coastline"}},
{"type":"Feature","geometry":null,"properties":{"scalerank":0,"featureclass":"Coastline"}},
{"type":"Feature","geometry":null,"properties":{"scalerank":0,"featureclass":"Coastline"}},
{"type":"Feature","geometry":{"type":"LineString","coordinates":[[93.745,18.866],[93.488,18.868],[93.674,18.676],[93.745,18.866]]},"properties":{"scalerank":0,"featureclass":"Coastline"}},
{"type":"Feature","geometry":null,"properties":{"scalerank":0,"featureclass":"Coastline"}},
{"type":"Feature","geometry":null,"properties":{"scalerank":0,"featureclass":"Coastline"}},
{"type":"Feature","geometry":{"type":"LineString","coordinates":[[93.875,19.481],[93.715,19.558],[93.644,19.495],[93.756,19.326],[93.902,19.332],[93.875,19.481]]},"properties":{"scalerank":0,"featureclass":"Coastline"}},
{"type":"Feature","geometry":null,"properties":{"scalerank":0,"featureclass":"Coastline"}},
{"type":"Feature","geometry":null,"properties":{"scalerank":0,"featureclass":"Coastline"}},
{"type":"Feature","geometry":{"type":"LineString","coordinates":[[91.079,22.52],[91.045,22.105],[91.178,22.283],[91.079,22.52]]},"properties":{"scalerank":0,"featureclass":"Coastline"}},
{"type":"Feature","geometry":null,"properties":{"scalerank":0,"featureclass":"Coastline"}},
{"type":"Feature","geometry":null,"properties":{"scalerank":0,"featureclass":"Coastline"}},
{"type":"Feature","geometry":{"type":"LineString","coordinates":[[90.683,22.785],[90.503,22.835],[90.565,22.618],[90.649,22.541],[90.68,22.327],[90.515,22.065],[90.778,22.089],[90.83,22.16],[90.868,22.485],[90.737,22.639],[90.683,22.785]]},"properties":{"scalerank":0,"featureclass":"Coastline"}},
{"type":"Feature","geometry":null,"properties":{"scalerank":0,"featureclass":"Coastline"}},
{"type":"Feature","geometry":null,"properties":{"scalerank":0,"featureclass":"Coastline"}},
{"type":"Feature","geometry":{"type":"LineString","coordinates":[[-8.344,71.14],[-8.635,70.94],[-8.002,71.041],[-8.344,71.14]]},"properties":{"scalerank":0,"featureclass":"Coastline"}},
{"type":"Feature","geometry":{"type":"LineString","coordinates":[[-154.953,19.645],[-155.066,19.748],[-155.086,19.876],[-155.199,19.994],[-155.622,20.163],[-155.832,20.276],[-155.893,20.167],[-155.82,20.014],[-156.049,19.75],[-155.891,19.383],[-155.881,19.071],[-155.626,18.964],[-155.535,19.109],[-155.31,19.26],[-155.053,19.319],[-154.804,19.524],[-154.953,19.645]]},"properties":{"scalerank":0,"featureclass":"Coastline"}},
{"type":"Feature","geometry":{"type":"LineString","coordinates":[[-156.917,21.177],[-157.214,21.215],[-157.29,21.113],[-157.021,21.098],[-156.917,21.177]]},"properties":{"scalerank":0,"featureclass":"Coastline"}},
{"type":"Feature","geometry":{"type":"LineString","coordinates":[[-156.104,20.84],[-156.278,20.951],[-156.461,20.915],[-156.585,21.034],[-156.69,20.901],[-156.48,20.801],[-156.438,20.618],[-156.31,20.599],[-156.107,20.645],[-155.99,20.757],[-156.104,20.84]]},"properties":{"scalerank":0,"featureclass":"Coastline"}},
{"type":"Feature","geometry":null,"properties":{"scalerank":0,"featureclass":"Coastline"}},
{"type":"Feature","geometry":{"type":"LineString","coordinates":[[-157.83,21.471],[-157.962,21.701],[-158.123,21.6],[-158.273,21.585],[-158.11,21.319],[-157.902,21.341],[-157.799,21.269],[-157.635,21.308],[-157.721,21.458],[-157.83,21.471]]},"properties":{"scalerank":0,"featureclass":"Coastline"}},
{"type":"Feature","geometry":{"type":"LineString","coordinates":[[-159.579,22.223],[-159.727,22.14],[-159.789,22.042],[-159.609,21.91],[-159.461,21.876],[-159.344,21.974],[-159.301,22.105],[-159.352,22.22],[-159.579,22.223]]},"properties":{"scalerank":0,"featureclass":"Coastline"}},
{"type":"Feature","geometry":{"type":"LineString","coordinates":[[-156.942,20.93],[-157.051,20.912],[-156.973,20.758],[-156.809,20.831],[-156.942,20.93]]},"properties":{"scalerank":0,"featureclass":"Coastline"}},
{"type":"Feature","geometry":null,"properties":{"scalerank":0,"featureclass":"Coastline"}},
{"type":"Feature","geometry":null,"properties":{"scalerank":0,"featureclass":"Coastline"}},
{"type":"Feature","geometry":{"type":"LineString","coordinates":[[177.564,52.11],[177.521,52.018],[177.25,51.903],[177.329,51.841],[177.594,51.948],[177.564,52.11]]},"properties":{"scalerank":0,"featureclass":"Coastline"}},
{"type":"Feature","geometry":null,"properties":{"scalerank":0,"featureclass":"Coastline"}},
{"type":"Feature","geometry":{"type":"LineString","coordinates":[[173.436,52.852],[173.102,52.996],[172.678,53.008],[172.776,52.797],[173.436,52.852]]},"properties":{"scalerank":0,"featureclass":"Coastline"}},
{"type":"Feature","geometry":null,"properties":{"scalerank":0,"featureclass":"Coastline"}},
{"type":"Feature","geometry":null,"properties":{"scalerank":0,"featureclass":"Coastline"}},
{"type":"Feature","geometry":null,"properties":{"scalerank":0,"featureclass":"Coastline"}},
{"type":"Feature","geometry":{"type":"LineString","coordinates":[[-160.583,55.308],[-160.847,55.311],[-160.825,55.174],[-160.488,55.185],[-160.583,55.308]]},"properties":{"scalerank":0,"featureclass":"Coastline"}},
{"type":"Feature","geometry":null,"properties":{"scalerank":0,"featureclass":"Coastline"}},
{"type":"Feature","geometry":null,"properties":{"scalerank":0,"featureclass":"Coastline"}},
{"type":"Feature","geometry":null,"properties":{"scalerank":0,"featureclass":"Coastline"}},
{"type":"Feature","geometry":{"type":"LineString","coordinates":[[-159.898,55.221],[-160.172,55.123],[-160.038,55.044],[-159.873,55.129],[-159.898,55.221]]},"properties":{"scalerank":0,"featureclass":"Coastline"}},
{"type":"Feature","geometry":null,"properties":{"scalerank":0,"featureclass":"Coastline"}},
{"type":"Feature","geometry":null,"properties":{"scalerank":0,"featureclass":"Coastline"}},
{"type":"Feature","geometry":null,"properties":{"scalerank":0,"featureclass":"Coastline"}},
{"type":"Feature","geometry":{"type":"LineString","coordinates":[[-165.764,54.152],[-166.088,54.169],[-166.036,54.047],[-165.764,54.152]]},"properties":{"scalerank":0,"featureclass":"Coastline"}},
{"type":"Feature","geometry":null,"properties":{"scalerank":0,"featureclass":"Coastline"}},
{"type":"Feature","geometry":{"type":"LineString","coordinates":[[-167.805,53.485],[-167.986,53.558],[-168.288,53.5],[-168.437,53.257],[-168.639,53.256],[-168.796,53.045],[-168.506,53.043],[-168.271,53.238],[-167.865,53.387],[-167.805,53.485]]},"properties":{"scalerank":0,"featureclass":"Coastline"}},
{"type":"Feature","geometry":{"type":"LineString","coordinates":[[-166.522,53.61],[-166.309,53.698],[-166.489,53.785],[-166.231,53.933],[-166.372,53.999],[-166.978,53.963],[-167.118,53.873],[-167.016,53.698],[-167.136,53.526],[-167.809,53.324],[-167.522,53.276],[-167.154,53.408],[-166.77,53.476],[-166.522,53.61]]},"properties":{"scalerank":0,"featureclass":"Coastline"}},
{"type":"Feature","geometry":null,"properties":{"scalerank":0,"featureclass":"Coastline"}},
{"type":"Feature","geometry":null,"properties":{"scalerank":0,"featureclass":"Coastline"}},
{"type":"Feature","geometry":null,"properties":{"scalerank":0,"featureclass":"Coastline"}},
{"type":"Feature","geometry":{"type":"LineString","coordinates":[[-174.169,52.42],[-174.436,52.317],[-174.306,52.216],[-175.118,52.047],[-174.677,52.035],[-174.121,52.135],[-174.018,52.332],[-174.169,52.42]]},"properties":{"scalerank":0,"featureclass":"Coastline"}},
{"type":"Feature","geometry":null,"properties":{"scalerank":0,"featureclass":"Coastline"}},
{"type":"Feature","geometry":null,"properties":{"scalerank":0,"featureclass":"Coastline"}},
{"type":"Feature","geometry":{"type":"LineString","coordinates":[[-176.588,51.833],[-176.874,51.79],[-176.771,51.63],[-176.437,51.754],[-176.588,51.833]]},"properties":{"scalerank":0,"featureclass":"Coastline"}},
{"type":"Feature","geometry":null,"properties":{"scalerank":0,"featureclass":"Coastline"}},
{"type":"Feature","geometry":null,"properties":{"scalerank":0,"featureclass":"Coastline"}},
{"type":"Feature","geometry":{"type":"LineString","coordinates":[[-177.644,51.826],[-177.954,51.918],[-177.986,51.764],[-177.644,51.826]]},"properties":{"scalerank":0,"featureclass":"Coastline"}},
{"type":"Feature","geometry":null,"properties":{"scalerank":0,"featureclass":"Coastline"}},
{"type":"Feature","geometry":{"type":"LineString","coordinates":[[69.221,-49.067],[69.395,-48.951],[69.167,-48.883],[69.221,-49.067]]},"properties":{"scalerank":0,"featureclass":"Coastline"}},
{"type":"Feature","geometry":null,"properties":{"scalerank":0,"featureclass":"Coastline"}},
{"type":"Feature","geometry":null,"properties":{"scalerank":0,"featureclass":"Coastline"}},
{"type":"Feature","geometry":{"type":"LineString","coordinates":[[27.914,36.345],[27.716,36.172],[27.716,35.957],[27.843,35.929],[28.144,36.21],[28.23,36.37],[28.171,36.426],[27.914,36.345]]},"properties":{"scalerank":0,"featureclass":"Coastline"}},
{"type":"Feature","geometry":null,"properties":{"scalerank":0,"featureclass":"Coastline"}},
{"type":"Feature","geometry":null,"properties":{"scalerank":0,"featureclass":"Coastline"}},
{"type":"Feature","geometry":null,"properties":{"scalerank":0,"featureclass":"Coastline"}},
{"type":"Feature","geometry":null,"properties":{"scalerank":0,"featureclass":"Coastline"}},
{"type":"Feature","geometry":{"type":"LineString","coordinates":[[25.362,37.07],[25.546,36.968],[25.588,37.153],[25.362,37.07]]},"properties":{"scalerank":0,"featureclass":"Coastline"}},
{"type":"Feature","geometry":null,"properties":{"scalerank":0,"featureclass":"Coastline"}},
{"type":"Feature","geometry":null,"properties":{"scalerank":0,"featureclass":"Coastline"}},
{"type":"Feature","geometry":null,"properties":{"scalerank":0,"featureclass":"Coastline"}},
{"type":"Feature","geometry":{"type":"LineString","coordinates":[[26.982,37.782],[26.639,37.781],[26.845,37.645],[26.982,37.782]]},"properties":{"scalerank":0,"featureclass":"Coastline"}},
{"type":"Feature","geometry":null,"properties":{"scalerank":0,"featureclass":"Coastline"}},
{"type":"Feature","geometry":null,"properties":{"scalerank":0,"featureclass":"Coastline"}},
{"type":"Feature","geometry":null,"properties":{"scalerank":0,"featureclass":"Coastline"}},
{"type":"Feature","geometry":null,"properties":{"scalerank":0,"featureclass":"Coastline"}},
{"type":"Feature","geometry":null,"properties":{"scalerank":0,"featureclass":"Coastline"}},
{"type":"Feature","geometry":null,"properties":{"scalerank":0,"featureclass":"Coastline"}},
{"type":"Feature","geometry":null,"properties":{"scalerank":0,"featureclass":"Coastline"}},
{"type":"Feature","geometry":{"type":"LineString","coordinates":[[24.948,37.858],[24.79,37.99],[24.714,37.899],[24.884,37.771],[24.948,37.858]]},"properties":{"scalerank":0,"featureclass":"Coastline"}},
{"type":"Feature","geometry":null,"properties":{"scalerank":0,"featureclass":"Coastline"}},
{"type":"Feature","geometry":null,"properties":{"scalerank":0,"featureclass":"Coastline"}},
{"type":"Feature","geometry":{"type":"LineString","coordinates":[[26.013,38.602],[25.851,38.508],[25.991,38.354],[25.874,38.27],[25.999,38.162],[26.157,38.303],[26.15,38.468],[26.013,38.602]]},"properties":{"scalerank":0,"featureclass":"Coastline"}},
{"type":"Feature","geometry":{"type":"LineString","coordinates":[[26.531,39.172],[26.393,39.27],[26.348,39.383],[26.165,39.374],[25.91,39.288],[25.906,39.139],[26.161,39.026],[26.469,38.973],[26.578,39.11],[26.531,39.172]]},"properties":{"scalerank":0,"featureclass":"Coastline"}},
{"type":"Feature","geometry":null,"properties":{"scalerank":0,"featureclass":"Coastline"}},
{"type":"Feature","geometry":null,"properties":{"scalerank":0,"featureclass":"Coastline"}},
{"type":"Feature","geometry":null,"properties":{"scalerank":0,"featureclass":"Coastline"}},
{"type":"Feature","geometry":null,"properties":{"scalerank":0,"featureclass":"Coastline"}},
{"type":"Feature","geometry":{"type":"LineString","coordinates":[[25.374,40.016],[25.058,40],[25.062,39.852],[25.357,39.808],[25.374,40.016]]},"properties":{"scalerank":0,"featureclass":"Coastline"}},
{"type":"Feature","geometry":{"type":"LineString","coordinates":[[24.623,40.793],[24.516,40.647],[24.646,40.579],[24.786,40.704],[24.623,40.793]]},"properties":{"scalerank":0,"featureclass":"Coastline"}},
{"type":"Feature","geometry":{"type":"LineString","coordinates":[[25.741,40.196],[25.74,40.105],[25.97,40.136],[25.918,40.238],[25.741,40.196]]},"properties":{"scalerank":0,"featureclass":"Coastline"}},
{"type":"Feature","geometry":null,"properties":{"scalerank":0,"featureclass":"Coastline"}},
{"type":"Feature","geometry":null,"properties":{"scalerank":0,"featureclass":"Coastline"}},
{"type":"Feature","geometry":{"type":"LineString","coordinates":[[-16.693,32.758],[-16.929,32.841],[-17.171,32.722],[-16.837,32.648],[-16.693,32.758]]},"properties":{"scalerank":0,"featureclass":"Coastline"}},
{"type":"Feature","geometry":null,"properties":{"scalerank":0,"featureclass":"Coastline"}},
{"type":"Feature","geometry":{"type":"LineString","coordinates":[[-16.334,28.38],[-16.119,28.528],[-16.319,28.558],[-16.517,28.413],[-16.905,28.34],[-16.795,28.149],[-16.658,28.007],[-16.543,28.032],[-16.418,28.151],[-16.334,28.38]]},"properties":{"scalerank":0,"featureclass":"Coastline"}},
{"type":"Feature","geometry":{"type":"LineString","coordinates":[[-13.535,29.144],[-13.788,29.056],[-13.86,28.869],[-13.478,29.007],[-13.535,29.144]]},"properties":{"scalerank":0,"featureclass":"Coastline"}},
{"type":"Feature","geometry":{"type":"LineString","coordinates":[[-14.028,28.617],[-14.232,28.216],[-14.197,28.169],[-13.928,28.253],[-13.828,28.585],[-13.857,28.738],[-14.003,28.707],[-14.028,28.617]]},"properties":{"scalerank":0,"featureclass":"Coastline"}},
{"type":"Feature","geometry":{"type":"LineString","coordinates":[[-12.615,7.637],[-12.854,7.622],[-12.607,7.475],[-12.512,7.582],[-12.615,7.637]]},"properties":{"scalerank":0,"featureclass":"Coastline"}},
{"type":"Feature","geometry":{"type":"LineString","coordinates":[[-15.401,28.147],[-15.683,28.154],[-15.809,27.994],[-15.807,27.888],[-15.71,27.784],[-15.559,27.747],[-15.389,27.875],[-15.401,28.147]]},"properties":{"scalerank":0,"featureclass":"Coastline"}},
{"type":"Feature","geometry":null,"properties":{"scalerank":0,"featureclass":"Coastline"}},
{"type":"Feature","geometry":null,"properties":{"scalerank":0,"featureclass":"Coastline"}},
{"type":"Feature","geometry":{"type":"LineString","coordinates":[[-24.98,17.095],[-25.113,17.194],[-25.337,17.091],[-25.308,16.936],[-25.17,16.946],[-24.98,17.095]]},"properties":{"scalerank":0,"featureclass":"Coastline"}},
{"type":"Feature","geometry":null,"properties":{"scalerank":0,"featureclass":"Coastline"}},
{"type":"Feature","geometry":{"type":"LineString","coordinates":[[-17.325,28.118],[-17.185,28.022],[-17.13,28.156],[-17.259,28.203],[-17.325,28.118]]},"properties":{"scalerank":0,"featureclass":"Coastline"}},
{"type":"Feature","geometry":null,"properties":{"scalerank":0,"featureclass":"Coastline"}},
{"type":"Feature","geometry":null,"properties":{"scalerank":0,"featureclass":"Coastline"}},
{"type":"Feature","geometry":null,"properties":{"scalerank":0,"featureclass":"Coastline"}},
{"type":"Feature","geometry":{"type":"LineString","coordinates":[[-22.693,16.169],[-22.918,16.237],[-22.959,16.045],[-22.821,15.986],[-22.71,16.043],[-22.693,16.169]]},"properties":{"scalerank":0,"featureclass":"Coastline"}},
{"type":"Feature","geometry":{"type":"LineString","coordinates":[[-24.329,15.019],[-24.497,14.98],[-24.492,14.874],[-24.308,14.856],[-24.329,15.019]]},"properties":{"scalerank":0,"featureclass":"Coastline"}},
{"type":"Feature","geometry":{"type":"LineString","coordinates":[[-17.929,28.845],[-18.001,28.758],[-17.834,28.493],[-17.758,28.569],[-17.745,28.787],[-17.929,28.845]]},"properties":{"scalerank":0,"featureclass":"Coastline"}},
{"type":"Feature","geometry":null,"properties":{"scalerank":0,"featureclass":"Coastline"}},
{"type":"Feature","geometry":null,"properties":{"scalerank":0,"featureclass":"Coastline"}},
{"type":"Feature","geometry":null,"properties":{"scalerank":0,"featureclass":"Coastline"}},
{"type":"Feature","geometry":{"type":"LineString","coordinates":[[-23.535,15.139],[-23.701,15.272],[-23.785,15.077],[-23.705,14.961],[-23.505,14.916],[-23.444,15.008],[-23.535,15.139]]},"properties":{"scalerank":0,"featureclass":"Coastline"}},
{"type":"Feature","geometry":null,"properties":{"scalerank":0,"featureclass":"Coastline"}},
{"type":"Feature","geometry":null,"properties":{"scalerank":0,"featureclass":"Coastline"}},
{"type":"Feature","geometry":{"type":"LineString","coordinates":[[45.135,-12.709],[45.069,-12.896],[45.18,-12.977],[45.223,-12.752],[45.135,-12.709]]},"properties":{"scalerank":0,"featureclass":"Coastline"}},
{"type":"Feature","geometry":{"type":"LineString","coordinates":[[43.379,-11.614],[43.393,-11.409],[43.256,-11.432],[43.227,-11.752],[43.303,-11.844],[43.492,-11.862],[43.379,-11.614]]},"properties":{"scalerank":0,"featureclass":"Coastline"}},
{"type":"Feature","geometry":{"type":"LineString","coordinates":[[39.847,-7.73],[39.603,-7.936],[39.657,-7.991],[39.824,-7.901],[39.847,-7.73]]},"properties":{"scalerank":0,"featureclass":"Coastline"}},
{"type":"Feature","geometry":null,"properties":{"scalerank":0,"featureclass":"Coastline"}},
{"type":"Feature","geometry":{"type":"LineString","coordinates":[[39.488,-6.166],[39.368,-5.951],[39.357,-5.812],[39.192,-5.931],[39.182,-6.173],[39.243,-6.275],[39.573,-6.387],[39.488,-6.166]]},"properties":{"scalerank":0,"featureclass":"Coastline"}},
{"type":"Feature","geometry":{"type":"LineString","coordinates":[[57.737,-20.098],[57.576,-19.997],[57.386,-20.229],[57.383,-20.504],[57.651,-20.485],[57.781,-20.327],[57.737,-20.098]]},"properties":{"scalerank":0,"featureclass":"Coastline"}},
{"type":"Feature","geometry":{"type":"LineString","coordinates":[[55.662,-20.906],[55.45,-20.865],[55.311,-20.904],[55.233,-21.058],[55.363,-21.274],[55.558,-21.358],[55.797,-21.339],[55.839,-21.139],[55.662,-20.906]]},"properties":{"scalerank":0,"featureclass":"Coastline"}},
{"type":"Feature","geometry":{"type":"LineString","coordinates":[[48.351,-13.31],[48.309,-13.198],[48.191,-13.26],[48.212,-13.385],[48.351,-13.31]]},"properties":{"scalerank":0,"featureclass":"Coastline"}},
{"type":"Feature","geometry":null,"properties":{"scalerank":0,"featureclass":"Coastline"}},
{"type":"Feature","geometry":null,"properties":{"scalerank":0,"featureclass":"Coastline"}},
{"type":"Feature","geometry":{"type":"LineString","coordinates":[[39.749,-5.444],[39.853,-5.255],[39.865,-4.906],[39.673,-4.927],[39.701,-5.114],[39.647,-5.369],[39.749,-5.444]]},"properties":{"scalerank":0,"featureclass":"Coastline"}},
{"type":"Feature","geometry":null,"properties":{"scalerank":0,"featureclass":"Coastline"}},
{"type":"Feature","geometry":{"type":"LineString","coordinates":[[8.76,3.754],[8.676,3.736],[8.577,3.482],[8.465,3.451],[8.475,3.265],[8.704,3.224],[8.946,3.628],[8.91,3.758],[8.76,3.754]]},"properties":{"scalerank":0,"featureclass":"Coastline"}},
{"type":"Feature","geometry":{"type":"LineString","coordinates":[[6.626,0.4],[6.468,0.227],[6.52,0.066],[6.66,0.121],[6.75,0.326],[6.626,0.4]]},"properties":{"scalerank":0,"featureclass":"Coastline"}},
{"type":"Feature","geometry":null,"properties":{"scalerank":0,"featureclass":"Coastline"}},
{"type":"Feature","geometry":null,"properties":{"scalerank":0,"featureclass":"Coastline"}},
{"type":"Feature","geometry":null,"properties":{"scalerank":0,"featureclass":"Coastline"}},
{"type":"Feature","geometry":null,"properties":{"scalerank":0,"featureclass":"Coastline"}},
{"type":"Feature","geometry":null,"properties":{"scalerank":0,"featureclass":"Coastline"}},
{"type":"Feature","geometry":{"type":"LineString","coordinates":[[-45.233,-23.825],[-45.302,-23.728],[-45.451,-23.896],[-45.303,-23.915],[-45.233,-23.825]]},"properties":{"scalerank":0,"featureclass":"Coastline"}},
{"type":"Feature","geometry":null,"properties":{"scalerank":0,"featureclass":"Coastline"}},
{"type":"Feature","geometry":{"type":"LineString","coordinates":[[10.922,33.893],[10.745,33.889],[10.722,33.739],[10.857,33.687],[11.038,33.785],[10.922,33.893]]},"properties":{"scalerank":0,"featureclass":"Coastline"}},
{"type":"Feature","geometry":{"type":"LineString","coordinates":[[-4.412,54.185],[-4.338,54.269],[-4.509,54.377],[-4.746,54.119],[-4.614,54.059],[-4.412,54.185]]},"properties":{"scalerank":0,"featureclass":"Coastline"}},
{"type":"Feature","geometry":null,"properties":{"scalerank":0,"featureclass":"Coastline"}},
{"type":"Feature","geometry":{"type":"LineString","coordinates":[[-5.105,55.574],[-5.393,55.618],[-5.331,55.481],[-5.105,55.574]]},"properties":{"scalerank":0,"featureclass":"Coastline"}},
{"type":"Feature","geometry":{"type":"LineString","coordinates":[[-5.836,56.523],[-6.103,56.646],[-6.176,56.289],[-5.778,56.344],[-5.836,56.523]]},"properties":{"scalerank":0,"featureclass":"Coastline"}},
{"type":"Feature","geometry":{"type":"LineString","coordinates":[[-6.129,55.931],[-6.311,55.856],[-6.253,55.607],[-6.055,55.695],[-6.129,55.931]]},"properties":{"scalerank":0,"featureclass":"Coastline"}},
{"type":"Feature","geometry":null,"properties":{"scalerank":0,"featureclass":"Coastline"}},
{"type":"Feature","geometry":null,"properties":{"scalerank":0,"featureclass":"Coastline"}},
{"type":"Feature","geometry":{"type":"LineString","coordinates":[[-1.236,60.485],[-1.45,60.469],[-1.494,60.292],[-1.179,60.114],[-1.066,60.382],[-1.236,60.485]]},"properties":{"scalerank":0,"featureclass":"Coastline"}},
{"type":"Feature","geometry":null,"properties":{"scalerank":0,"featureclass":"Coastline"}},
{"type":"Feature","geometry":null,"properties":{"scalerank":0,"featureclass":"Coastline"}},
{"type":"Feature","geometry":{"type":"LineString","coordinates":[[-4.315,53.417],[-4.568,53.386],[-4.553,53.26],[-4.373,53.134],[-4.084,53.264],[-4.315,53.417]]},"properties":{"scalerank":0,"featureclass":"Coastline"}},
{"type":"Feature","geometry":null,"properties":{"scalerank":0,"featureclass":"Coastline"}},
{"type":"Feature","geometry":null,"properties":{"scalerank":0,"featureclass":"Coastline"}},
{"type":"Feature","geometry":{"type":"LineString","coordinates":[[-2.818,58.982],[-3.051,59.099],[-3.31,59.131],[-3.347,58.987],[-3.167,58.919],[-2.818,58.982]]},"properties":{"scalerank":0,"featureclass":"Coastline"}},
{"type":"Feature","geometry":null,"properties":{"scalerank":0,"featureclass":"Coastline"}},
{"type":"Feature","geometry":null,"properties":{"scalerank":0,"featureclass":"Coastline"}},
{"type":"Feature","geometry":null,"properties":{"scalerank":0,"featureclass":"Coastline"}},
{"type":"Feature","geometry":{"type":"LineString","coordinates":[[-7.014,62.094],[-6.656,62.094],[-6.631,62.228],[-6.959,62.316],[-7.172,62.286],[-7.014,62.094]]},"properties":{"scalerank":0,"featureclass":"Coastline"}},
{"type":"Feature","geometry":null,"properties":{"scalerank":0,"featureclass":"Coastline"}},
{"type":"Feature","geometry":null,"properties":{"scalerank":0,"featureclass":"Coastline"}},
{"type":"Feature","geometry":{"type":"LineString","coordinates":[[-6.854,57.827],[-6.425,58.021],[-6.437,58.092],[-6.199,58.363],[-6.237,58.503],[-7.085,58.182],[-7.057,58.003],[-6.864,57.933],[-6.854,57.827]]},"properties":{"scalerank":0,"featureclass":"Coastline"}},
{"type":"Feature","geometry":null,"properties":{"scalerank":0,"featureclass":"Coastline"}},
{"type":"Feature","geometry":{"type":"LineString","coordinates":[[-6.362,57.238],[-6.034,57.201],[-5.949,57.045],[-5.669,57.227],[-6.136,57.314],[-6.166,57.585],[-6.247,57.651],[-6.617,57.563],[-6.761,57.442],[-6.442,57.327],[-6.362,57.238]]},"properties":{"scalerank":0,"featureclass":"Coastline"}},
{"type":"Feature","geometry":{"type":"LineString","coordinates":[[-7.206,57.683],[-7.499,57.636],[-7.321,57.534],[-7.206,57.683]]},"properties":{"scalerank":0,"featureclass":"Coastline"}},
{"type":"Feature","geometry":{"type":"LineString","coordinates":[[-7.296,57.384],[-7.411,57.381],[-7.381,57.131],[-7.248,57.126],[-7.296,57.384]]},"properties":{"scalerank":0,"featureclass":"Coastline"}},
{"type":"Feature","geometry":null,"properties":{"scalerank":0,"featureclass":"Coastline"}},
{"type":"Feature","geometry":null,"properties":{"scalerank":0,"featureclass":"Coastline"}},
{"type":"Feature","geometry":null,"properties":{"scalerank":0,"featureclass":"Coastline"}},
{"type":"Feature","geometry":null,"properties":{"scalerank":0,"featureclass":"Coastline"}},
{"type":"Feature","geometry":{"type":"LineString","coordinates":[[20.073,60.193],[20.087,60.353],[19.687,60.268],[19.746,60.099],[20.034,60.094],[20.073,60.193]]},"properties":{"scalerank":0,"featureclass":"Coastline"}},
{"type":"Feature","geometry":null,"properties":{"scalerank":0,"featureclass":"Coastline"}},
{"type":"Feature","geometry":null,"properties":{"scalerank":0,"featureclass":"Coastline"}},
{"type":"Feature","geometry":{"type":"LineString","coordinates":[[16.961,57.25],[16.728,56.902],[16.63,56.877],[16.412,56.569],[16.401,56.311],[16.529,56.291],[16.778,56.805],[17.054,57.208],[16.961,57.25]]},"properties":{"scalerank":0,"featureclass":"Coastline"}},
{"type":"Feature","geometry":{"type":"LineString","coordinates":[[14.765,55.297],[14.684,55.102],[15.051,55.005],[15.133,55.145],[14.765,55.297]]},"properties":{"scalerank":0,"featureclass":"Coastline"}},
{"type":"Feature","geometry":{"type":"LineString","coordinates":[[13.602,54.425],[13.671,54.535],[13.423,54.699],[13.177,54.544],[13.19,54.326],[13.364,54.246],[13.602,54.425]]},"properties":{"scalerank":0,"featureclass":"Coastline"}},
{"type":"Feature","geometry":null,"properties":{"scalerank":0,"featureclass":"Coastline"}},
{"type":"Feature","geometry":null,"properties":{"scalerank":0,"featureclass":"Coastline"}},
{"type":"Feature","geometry":{"type":"LineString","coordinates":[[11.658,54.833],[11.538,54.83],[11.258,54.952],[11.059,54.941],[11.036,54.773],[11.457,54.629],[11.766,54.679],[11.658,54.833]]},"properties":{"scalerank":0,"featureclass":"Coastline"}},
{"type":"Feature","geometry":null,"properties":{"scalerank":0,"featureclass":"Coastline"}},
{"type":"Feature","geometry":null,"properties":{"scalerank":0,"featureclass":"Coastline"}},
{"type":"Feature","geometry":null,"properties":{"scalerank":0,"featureclass":"Coastline"}},
{"type":"Feature","geometry":null,"properties":{"scalerank":0,"featureclass":"Coastline"}},
{"type":"Feature","geometry":null,"properties":{"scalerank":0,"featureclass":"Coastline"}},
{"type":"Feature","geometry":null,"properties":{"scalerank":0,"featureclass":"Coastline"}},
{"type":"Feature","geometry":null,"properties":{"scalerank":0,"featureclass":"Coastline"}},
{"type":"Feature","geometry":null,"properties":{"scalerank":0,"featureclass":"Coastline"}},
{"type":"Feature","geometry":{"type":"LineString","coordinates":[[-1.313,50.773],[-1.515,50.67],[-1.306,50.589],[-1.066,50.69],[-1.313,50.773]]},"properties":{"scalerank":0,"featureclass":"Coastline"}},
{"type":"Feature","geometry":null,"properties":{"scalerank":0,"featureclass":"Coastline"}},
{"type":"Feature","geometry":null,"properties":{"scalerank":0,"featureclass":"Coastline"}},
{"type":"Feature","geometry":null,"properties":{"scalerank":0,"featureclass":"Coastline"}},
{"type":"Feature","geometry":null,"properties":{"scalerank":0,"featureclass":"Coastline"}},
{"type":"Feature","geometry":{"type":"LineString","coordinates":[[4.059,40.075],[3.853,40.063],[3.843,39.976],[4.275,39.83],[4.226,40.032],[4.059,40.075]]},"properties":{"scalerank":0,"featureclass":"Coastline"}},
{"type":"Feature","geometry":null,"properties":{"scalerank":0,"featureclass":"Coastline"}},
{"type":"Feature","geometry":{"type":"LineString","coordinates":[[1.349,39.081],[1.257,38.879],[1.409,38.857],[1.624,39.039],[1.564,39.121],[1.349,39.081]]},"properties":{"scalerank":0,"featureclass":"Coastline"}},
{"type":"Feature","geometry":null,"properties":{"scalerank":0,"featureclass":"Coastline"}},
{"type":"Feature","geometry":{"type":"LineString","coordinates":[[-27.127,38.79],[-27.386,38.766],[-27.303,38.661],[-27.095,38.634],[-27.127,38.79]]},"properties":{"scalerank":0,"featureclass":"Coastline"}},
{"type":"Feature","geometry":null,"properties":{"scalerank":0,"featureclass":"Coastline"}},
{"type":"Feature","geometry":null,"properties":{"scalerank":0,"featureclass":"Coastline"}},
{"type":"Feature","geometry":{"type":"LineString","coordinates":[[-28.402,38.553],[-28.454,38.409],[-28.231,38.385],[-28.147,38.453],[-28.402,38.553]]},"properties":{"scalerank":0,"featureclass":"Coastline"}},
{"type":"Feature","geometry":{"type":"LineString","coordinates":[[-25.585,37.834],[-25.439,37.715],[-25.251,37.735],[-25.267,37.849],[-25.585,37.834]]},"properties":{"scalerank":0,"featureclass":"Coastline"}},
{"type":"Feature","geometry":null,"properties":{"scalerank":0,"featureclass":"Coastline"}},
{"type":"Feature","geometry":null,"properties":{"scalerank":0,"featureclass":"Coastline"}},
{"type":"Feature","geometry":{"type":"LineString","coordinates":[[14.739,45.065],[14.571,45.225],[14.438,45.099],[14.613,45.025],[14.739,45.065]]},"properties":{"scalerank":0,"featureclass":"Coastline"}},
{"type":"Feature","geometry":null,"properties":{"scalerank":0,"featureclass":"Coastline"}},
{"type":"Feature","geometry":null,"properties":{"scalerank":0,"featureclass":"Coastline"}},
{"type":"Feature","geometry":null,"properties":{"scalerank":0,"featureclass":"Coastline"}},
{"type":"Feature","geometry":null,"properties":{"scalerank":0,"featureclass":"Coastline"}},
{"type":"Feature","geometry":{"type":"LineString","coordinates":[[14.468,44.725],[14.467,44.97],[14.303,44.94],[14.468,44.725]]},"properties":{"scalerank":0,"featureclass":"Coastline"}},
{"type":"Feature","geometry":null,"properties":{"scalerank":0,"featureclass":"Coastline"}},
{"type":"Feature","geometry":{"type":"LineString","coordinates":[[20.789,38.142],[20.695,38.246],[20.409,38.337],[20.524,38.107],[20.761,38.071],[20.789,38.142]]},"properties":{"scalerank":0,"featureclass":"Coastline"}},
{"type":"Feature","geometry":{"type":"LineString","coordinates":[[20.84,37.841],[20.692,37.93],[20.62,37.855],[20.819,37.665],[20.909,37.732],[20.84,37.841]]},"properties":{"scalerank":0,"featureclass":"Coastline"}},
{"type":"Feature","geometry":null,"properties":{"scalerank":0,"featureclass":"Coastline"}},
{"type":"Feature","geometry":null,"properties":{"scalerank":0,"featureclass":"Coastline"}},
{"type":"Feature","geometry":{"type":"LineString","coordinates":[[19.955,39.47],[19.904,39.619],[19.937,39.747],[19.839,39.82],[19.649,39.726],[19.955,39.47]]},"properties":{"scalerank":0,"featureclass":"Coastline"}},
{"type":"Feature","geometry":null,"properties":{"scalerank":0,"featureclass":"Coastline"}},
{"type":"Feature","geometry":{"type":"LineString","coordinates":[[22.95,36.384],[22.939,36.176],[23.097,36.247],[22.95,36.384]]},"properties":{"scalerank":0,"featureclass":"Coastline"}},
{"type":"Feature","geometry":null,"properties":{"scalerank":0,"featureclass":"Coastline"}},
{"type":"Feature","geometry":{"type":"LineString","coordinates":[[-51.35,69.855],[-51.234,69.552],[-50.97,69.583],[-50.94,69.909],[-51.35,69.855]]},"properties":{"scalerank":0,"featureclass":"Coastline"}},
{"type":"Feature","geometry":null,"properties":{"scalerank":0,"featureclass":"Coastline"}},
{"type":"Feature","geometry":{"type":"LineString","coordinates":[[-53.629,71.034],[-53.441,71.186],[-53.701,71.283],[-53.947,71.156],[-53.629,71.034]]},"properties":{"scalerank":0,"featureclass":"Coastline"}},
{"type":"Feature","geometry":{"type":"LineString","coordinates":[[-55.524,72.568],[-55.017,72.791],[-55.994,72.782],[-56.215,72.719],[-55.524,72.568]]},"properties":{"scalerank":0,"featureclass":"Coastline"}},
{"type":"Feature","geometry":null,"properties":{"scalerank":0,"featureclass":"Coastline"}},
{"type":"Feature","geometry":{"type":"LineString","coordinates":[[-46.394,60.909],[-46.79,60.78],[-46.382,60.66],[-46.267,60.781],[-46.394,60.909]]},"properties":{"scalerank":0,"featureclass":"Coastline"}},
{"type":"Feature","geometry":null,"properties":{"scalerank":0,"featureclass":"Coastline"}},
{"type":"Feature","geometry":null,"properties":{"scalerank":0,"featureclass":"Coastline"}},
{"type":"Feature","geometry":null,"properties":{"scalerank":0,"featureclass":"Coastline"}},
{"type":"Feature","geometry":null,"properties":{"scalerank":0,"featureclass":"Coastline"}},
{"type":"Feature","geometry":null,"properties":{"scalerank":0,"featureclass":"Coastline"}},
{"type":"Feature","geometry":null,"properties":{"scalerank":0,"featureclass":"Coastline"}},
{"type":"Feature","geometry":null,"properties":{"scalerank":0,"featureclass":"Coastline"}},
{"type":"Feature","geometry":null,"properties":{"scalerank":0,"featureclass":"Coastline"}},
{"type":"Feature","geometry":null,"properties":{"scalerank":0,"featureclass":"Coastline"}},
{"type":"Feature","geometry":null,"properties":{"scalerank":0,"featureclass":"Coastline"}},
{"type":"Feature","geometry":null,"properties":{"scalerank":0,"featureclass":"Coastline"}},
{"type":"Feature","geometry":{"type":"LineString","coordinates":[[-126.738,49.844],[-126.926,49.838],[-126.939,49.718],[-126.626,49.627],[-126.738,49.844]]},"properties":{"scalerank":0,"featureclass":"Coastline"}},
{"type":"Feature","geometry":{"type":"LineString","coordinates":[[-125.126,50.32],[-125.358,50.312],[-125.26,50.13],[-125.074,50.221],[-125.126,50.32]]},"properties":{"scalerank":0,"featureclass":"Coastline"}},
{"type":"Feature","geometry":null,"properties":{"scalerank":0,"featureclass":"Coastline"}},
{"type":"Feature","geometry":null,"properties":{"scalerank":0,"featureclass":"Coastline"}},
{"type":"Feature","geometry":null,"properties":{"scalerank":0,"featureclass":"Coastline"}},
{"type":"Feature","geometry":null,"properties":{"scalerank":0,"featureclass":"Coastline"}},
{"type":"Feature","geometry":null,"properties":{"scalerank":0,"featureclass":"Coastline"}},
{"type":"Feature","geometry":null,"properties":{"scalerank":0,"featureclass":"Coastline"}},
{"type":"Feature","geometry":null,"properties":{"scalerank":0,"featureclass":"Coastline"}},
{"type":"Feature","geometry":null,"properties":{"scalerank":0,"featureclass":"Coastline"}},
{"type":"Feature","geometry":null,"properties":{"scalerank":0,"featureclass":"Coastline"}},
{"type":"Feature","geometry":null,"properties":{"scalerank":0,"featureclass":"Coastline"}},
{"type":"Feature","geometry":null,"properties":{"scalerank":0,"featureclass":"Coastline"}},
{"type":"Feature","geometry":null,"properties":{"scalerank":0,"featureclass":"Coastline"}},
{"type":"Feature","geometry":null,"properties":{"scalerank":0,"featureclass":"Coastline"}},
{"type":"Feature","geometry":null,"properties":{"scalerank":0,"featureclass":"Coastline"}},
{"type":"Feature","geometry":null,"properties":{"scalerank":0,"featureclass":"Coastline"}},
{"type":"Feature","geometry":null,"properties":{"scalerank":0,"featureclass":"Coastline"}},
{"type":"Feature","geometry":null,"properties":{"scalerank":0,"featureclass":"Coastline"}},
{"type":"Feature","geometry":null,"properties":{"scalerank":0,"featureclass":"Coastline"}},
{"type":"Feature","geometry":null,"properties":{"scalerank":0,"featureclass":"Coastline"}},
{"type":"Feature","geometry":null,"properties":{"scalerank":0,"featureclass":"Coastline"}},
{"type":"Feature","geometry":null,"properties":{"scalerank":0,"featureclass":"Coastline"}},
{"type":"Feature","geometry":null,"properties":{"scalerank":0,"featureclass":"Coastline"}},
{"type":"Feature","geometry":null,"properties":{"scalerank":0,"featureclass":"Coastline"}},
{"type":"Feature","geometry":null,"properties":{"scalerank":0,"featureclass":"Coastline"}},
{"type":"Feature","geometry":null,"properties":{"scalerank":0,"featureclass":"Coastline"}},
{"type":"Feature","geometry":null,"properties":{"scalerank":0,"featureclass":"Coastline"}},
{"type":"Feature","geometry":{"type":"LineString","coordinates":[[-77.532,23.939],[-77.562,24.137],[-77.701,24.288],[-78,24.22],[-77.852,24.04],[-77.771,23.753],[-77.574,23.739],[-77.532,23.939]]},"properties":{"scalerank":0,"featureclass":"Coastline"}},
{"type":"Feature","geometry":null,"properties":{"scalerank":0,"featureclass":"Coastline"}},
{"type":"Feature","geometry":null,"properties":{"scalerank":0,"featureclass":"Coastline"}},
{"type":"Feature","geometry":null,"properties":{"scalerank":0,"featureclass":"Coastline"}},
{"type":"Feature","geometry":{"type":"LineString","coordinates":[[-77.511,26.846],[-77.206,26.489],[-77.247,26.156],[-77.333,25.996],[-77.191,25.955],[-77.167,26.24],[-77.038,26.333],[-77.066,26.53],[-77.257,26.639],[-77.449,26.836],[-77.511,26.846]]},"properties":{"scalerank":0,"featureclass":"Coastline"}},
{"type":"Feature","geometry":null,"properties":{"scalerank":0,"featureclass":"Coastline"}},
{"type":"Feature","geometry":null,"properties":{"scalerank":0,"featureclass":"Coastline"}},
{"type":"Feature","geometry":{"type":"LineString","coordinates":[[-73.661,20.937],[-73.165,20.979],[-73.059,21.119],[-73.012,21.3],[-73.235,21.154],[-73.523,21.191],[-73.68,21.103],[-73.661,20.937]]},"properties":{"scalerank":0,"featureclass":"Coastline"}},
{"type":"Feature","geometry":null,"properties":{"scalerank":0,"featureclass":"Coastline"}},
{"type":"Feature","geometry":null,"properties":{"scalerank":0,"featureclass":"Coastline"}},
{"type":"Feature","geometry":null,"properties":{"scalerank":0,"featureclass":"Coastline"}},
{"type":"Feature","geometry":null,"properties":{"scalerank":0,"featureclass":"Coastline"}},
{"type":"Feature","geometry":null,"properties":{"scalerank":0,"featureclass":"Coastline"}},
{"type":"Feature","geometry":null,"properties":{"scalerank":0,"featureclass":"Coastline"}},
{"type":"Feature","geometry":null,"properties":{"scalerank":0,"featureclass":"Coastline"}},
{"type":"Feature","geometry":{"type":"LineString","coordinates":[[-78.367,24.544],[-78.192,24.466],[-78.045,24.287],[-77.745,24.463],[-77.744,24.707],[-77.84,24.794],[-78.033,25.143],[-78.211,25.191],[-78.159,25.022],[-78.299,24.754],[-78.243,24.654],[-78.367,24.544]]},"properties":{"scalerank":0,"featureclass":"Coastline"}},
{"type":"Feature","geometry":null,"properties":{"scalerank":0,"featureclass":"Coastline"}},
{"type":"Feature","geometry":null,"properties":{"scalerank":0,"featureclass":"Coastline"}},
{"type":"Feature","geometry":{"type":"LineString","coordinates":[[-82.682,21.821],[-82.756,21.91],[-82.991,21.943],[-83.083,21.791],[-82.974,21.592],[-83.067,21.469],[-82.853,21.444],[-82.562,21.572],[-82.682,21.821]]},"properties":{"scalerank":0,"featureclass":"Coastline"}},
{"type":"Feature","geometry":null,"properties":{"scalerank":0,"featureclass":"Coastline"}},
{"type":"Feature","geometry":null,"properties":{"scalerank":0,"featureclass":"Coastline"}},
{"type":"Feature","geometry":{"type":"LineString","coordinates":[[-78.234,26.637],[-77.926,26.663],[-77.944,26.744],[-78.372,26.698],[-78.597,26.798],[-78.671,26.507],[-78.234,26.637]]},"properties":{"scalerank":0,"featureclass":"Coastline"}},
{"type":"Feature","geometry":null,"properties":{"scalerank":0,"featureclass":"Coastline"}},
{"type":"Feature","geometry":null,"properties":{"scalerank":0,"featureclass":"Coastline"}},
{"type":"Feature","geometry":null,"properties":{"scalerank":0,"featureclass":"Coastline"}},
{"type":"Feature","geometry":null,"properties":{"scalerank":0,"featureclass":"Coastline"}},
{"type":"Feature","geometry":null,"properties":{"scalerank":0,"featureclass":"Coastline"}},
{"type":"Feature","geometry":null,"properties":{"scalerank":0,"featureclass":"Coastline"}},
{"type":"Feature","geometry":{"type":"LineString","coordinates":[[-86.928,20.552],[-87.019,20.382],[-86.94,20.303],[-86.755,20.552],[-86.928,20.552]]},"properties":{"scalerank":0,"featureclass":"Coastline"}},
{"type":"Feature","geometry":null,"properties":{"scalerank":0,"featureclass":"Coastline"}},
{"type":"Feature","geometry":{"type":"LineString","coordinates":[[-60.908,14.093],[-61.064,13.916],[-61.061,13.783],[-60.951,13.718],[-60.895,13.822],[-60.908,14.093]]},"properties":{"scalerank":0,"featureclass":"Coastline"}},
{"type":"Feature","geometry":{"type":"LineString","coordinates":[[-60.934,14.686],[-60.919,14.735],[-61.127,14.875],[-61.22,14.804],[-61.141,14.652],[-61.011,14.602],[-61.064,14.467],[-60.826,14.494],[-60.934,14.686]]},"properties":{"scalerank":0,"featureclass":"Coastline"}},
{"type":"Feature","geometry":{"type":"LineString","coordinates":[[-60.918,10.84],[-61.37,10.797],[-61.592,10.748],[-61.465,10.539],[-61.499,10.269],[-61.633,10.243],[-61.772,10.085],[-61.597,10.065],[-61.174,10.078],[-61.012,10.134],[-60.968,10.323],[-61.037,10.482],[-61.034,10.67],[-60.918,10.84]]},"properties":{"scalerank":0,"featureclass":"Coastline"}},
{"type":"Feature","geometry":null,"properties":{"scalerank":0,"featureclass":"Coastline"}},
{"type":"Feature","geometry":null,"properties":{"scalerank":0,"featureclass":"Coastline"}},
{"type":"Feature","geometry":null,"properties":{"scalerank":0,"featureclass":"Coastline"}},
{"type":"Feature","geometry":{"type":"LineString","coordinates":[[-59.592,13.318],[-59.643,13.15],[-59.522,13.062],[-59.428,13.153],[-59.592,13.318]]},"properties":{"scalerank":0,"featureclass":"Coastline"}},
{"type":"Feature","geometry":{"type":"LineString","coordinates":[[-64.007,11.068],[-64.113,11.006],[-64.214,11.086],[-64.349,11.052],[-64.362,10.962],[-64.161,10.959],[-64.055,10.884],[-63.918,10.888],[-63.817,11],[-63.893,11.167],[-64.007,11.068]]},"properties":{"scalerank":0,"featureclass":"Coastline"}},
{"type":"Feature","geometry":null,"properties":{"scalerank":0,"featureclass":"Coastline"}},
{"type":"Feature","geometry":{"type":"LineString","coordinates":[[-61.66,12.237],[-61.756,12.046],[-61.627,12.054],[-61.66,12.237]]},"properties":{"scalerank":0,"featureclass":"Coastline"}},
{"type":"Feature","geometry":null,"properties":{"scalerank":0,"featureclass":"Coastline"}},
{"type":"Feature","geometry":null,"properties":{"scalerank":0,"featureclass":"Coastline"}},
{"type":"Feature","geometry":{"type":"LineString","coordinates":[[-61.86,17.013],[-61.748,16.997],[-61.686,17.098],[-61.817,17.169],[-61.86,17.013]]},"properties":{"scalerank":0,"featureclass":"Coastline"}},
{"type":"Feature","geometry":{"type":"LineString","coordinates":[[-61.251,15.373],[-61.32,15.585],[-61.458,15.633],[-61.481,15.525],[-61.375,15.227],[-61.282,15.249],[-61.251,15.373]]},"properties":{"scalerank":0,"featureclass":"Coastline"}},
{"type":"Feature","geometry":{"type":"LineString","coordinates":[[-61.173,16.256],[-61.355,16.363],[-61.406,16.468],[-61.529,16.434],[-61.522,16.228],[-61.173,16.256]]},"properties":{"scalerank":0,"featureclass":"Coastline"}},
{"type":"Feature","geometry":{"type":"LineString","coordinates":[[-61.642,16.326],[-61.794,16.301],[-61.759,16.062],[-61.67,15.962],[-61.564,16.048],[-61.575,16.227],[-61.642,16.326]]},"properties":{"scalerank":0,"featureclass":"Coastline"}},
{"type":"Feature","geometry":null,"properties":{"scalerank":0,"featureclass":"Coastline"}},
{"type":"Feature","geometry":null,"properties":{"scalerank":0,"featureclass":"Coastline"}},
{"type":"Feature","geometry":null,"properties":{"scalerank":0,"featureclass":"Coastline"}},
{"type":"Feature","geometry":null,"properties":{"scalerank":0,"featureclass":"Coastline"}},
{"type":"Feature","geometry":null,"properties":{"scalerank":0,"featureclass":"Coastline"}},
{"type":"Feature","geometry":null,"properties":{"scalerank":0,"featureclass":"Coastline"}},
{"type":"Feature","geometry":null,"properties":{"scalerank":0,"featureclass":"Coastline"}},
{"type":"Feature","geometry":null,"properties":{"scalerank":0,"featureclass":"Coastline"}},
{"type":"Feature","geometry":null,"properties":{"scalerank":0,"featureclass":"Coastline"}},
{"type":"Feature","geometry":null,"properties":{"scalerank":0,"featureclass":"Coastline"}},
{"type":"Feature","geometry":null,"properties":{"scalerank":0,"featureclass":"Coastline"}},
{"type":"Feature","geometry":null,"properties":{"scalerank":0,"featureclass":"Coastline"}},
{"type":"Feature","geometry":null,"properties":{"scalerank":0,"featureclass":"Coastline"}},
{"type":"Feature","geometry":null,"properties":{"scalerank":0,"featureclass":"Coastline"}},
{"type":"Feature","geometry":null,"properties":{"scalerank":0,"featureclass":"Coastline"}},
{"type":"Feature","geometry":{"type":"LineString","coordinates":[[-146.372,60.422],[-146.703,60.409],[-146.618,60.274],[-146.372,60.422]]},"properties":{"scalerank":0,"featureclass":"Coastline"}},
{"type":"Feature","geometry":null,"properties":{"scalerank":0,"featureclass":"Coastline"}},
{"type":"Feature","geometry":null,"properties":{"scalerank":0,"featureclass":"Coastline"}},
{"type":"Feature","geometry":{"type":"LineString","coordinates":[[-147.02,60.332],[-147.12,60.363],[-147.466,60.097],[-147.814,59.902],[-147.499,59.89],[-147.318,60.075],[-146.987,60.254],[-147.02,60.332]]},"properties":{"scalerank":0,"featureclass":"Coastline"}},
{"type":"Feature","geometry":null,"properties":{"scalerank":0,"featureclass":"Coastline"}},
{"type":"Feature","geometry":null,"properties":{"scalerank":0,"featureclass":"Coastline"}},
{"type":"Feature","geometry":null,"properties":{"scalerank":0,"featureclass":"Coastline"}},
{"type":"Feature","geometry":{"type":"LineString","coordinates":[[-132.677,54.726],[-132.617,54.892],[-132.862,54.894],[-133.097,55.214],[-133.251,55.175],[-133.123,54.97],[-132.807,54.709],[-132.677,54.726]]},"properties":{"scalerank":0,"featureclass":"Coastline"}},
{"type":"Feature","geometry":{"type":"LineString","coordinates":[[-133.855,56.582],[-133.738,56.65],[-133.831,56.781],[-134.143,56.932],[-134.374,56.839],[-134.195,56.414],[-134.245,56.203],[-134.19,56.077],[-133.95,56.128],[-133.855,56.582]]},"properties":{"scalerank":0,"featureclass":"Coastline"}},
{"type":"Feature","geometry":{"type":"LineString","coordinates":[[-133.634,55.539],[-133.65,55.269],[-133.282,55.498],[-133.634,55.539]]},"properties":{"scalerank":0,"featureclass":"Coastline"}},
{"type":"Feature","geometry":null,"properties":{"scalerank":0,"featureclass":"Coastline"}},
{"type":"Feature","geometry":{"type":"LineString","coordinates":[[-132.907,56.637],[-132.758,56.511],[-132.568,56.576],[-132.843,56.795],[-132.907,56.637]]},"properties":{"scalerank":0,"featureclass":"Coastline"}},
{"type":"Feature","geometry":{"type":"LineString","coordinates":[[-132.38,56.499],[-132.599,56.242],[-132.66,56.078],[-132.451,56.056],[-132.287,55.929],[-132.133,55.943],[-132.067,56.244],[-132.38,56.499]]},"properties":{"scalerank":0,"featureclass":"Coastline"}},
{"type":"Feature","geometry":{"type":"LineString","coordinates":[[-132.935,56.442],[-133.035,56.341],[-132.891,56.259],[-132.669,56.287],[-132.706,56.448],[-132.935,56.442]]},"properties":{"scalerank":0,"featureclass":"Coastline"}},
{"type":"Feature","geometry":null,"properties":{"scalerank":0,"featureclass":"Coastline"}},
{"type":"Feature","geometry":null,"properties":{"scalerank":0,"featureclass":"Coastline"}},
{"type":"Feature","geometry":null,"properties":{"scalerank":0,"featureclass":"Coastline"}},
{"type":"Feature","geometry":null,"properties":{"scalerank":0,"featureclass":"Coastline"}},
{"type":"Feature","geometry":{"type":"LineString","coordinates":[[-130.316,54.047],[-130.495,54.074],[-130.696,53.951],[-130.384,53.844],[-130.236,53.959],[-130.316,54.047]]},"properties":{"scalerank":0,"featureclass":"Coastline"}},
{"type":"Feature","geometry":{"type":"LineString","coordinates":[[-130.035,53.481],[-130.452,53.631],[-130.518,53.544],[-130.151,53.346],[-129.934,53.177],[-129.755,53.245],[-130.035,53.481]]},"properties":{"scalerank":0,"featureclass":"Coastline"}},
{"type":"Feature","geometry":null,"properties":{"scalerank":0,"featureclass":"Coastline"}},
{"type":"Feature","geometry":null,"properties":{"scalerank":0,"featureclass":"Coastline"}},
{"type":"Feature","geometry":null,"properties":{"scalerank":0,"featureclass":"Coastline"}},
{"type":"Feature","geometry":null,"properties":{"scalerank":0,"featureclass":"Coastline"}},
{"type":"Feature","geometry":null,"properties":{"scalerank":0,"featureclass":"Coastline"}},
{"type":"Feature","geometry":{"type":"LineString","coordinates":[[-60.998,8.867],[-60.849,8.996],[-60.916,9.07],[-61.069,8.947],[-60.998,8.867]]},"properties":{"scalerank":0,"featureclass":"Coastline"}},
{"type":"Feature","geometry":{"type":"LineString","coordinates":[[-80.224,-2.753],[-80.273,-2.996],[-80.151,-3.012],[-80.093,-2.846],[-79.909,-2.726],[-80.081,-2.669],[-80.224,-2.753]]},"properties":{"scalerank":0,"featureclass":"Coastline"}},
{"type":"Feature","geometry":{"type":"LineString","coordinates":[[-51.254,-0.541],[-51.424,-0.566],[-51.546,-0.65],[-51.678,-0.855],[-51.68,-1.086],[-51.802,-1.203],[-51.938,-1.453],[-51.638,-1.342],[-51.276,-1.022],[-51.161,-0.667],[-51.254,-0.541]]},"properties":{"scalerank":0,"featureclass":"Coastline"}},
{"type":"Feature","geometry":null,"properties":{"scalerank":0,"featureclass":"Coastline"}},
{"type":"Feature","geometry":null,"properties":{"scalerank":0,"featureclass":"Coastline"}},
{"type":"Feature","geometry":null,"properties":{"scalerank":0,"featureclass":"Coastline"}},
{"type":"Feature","geometry":null,"properties":{"scalerank":0,"featureclass":"Coastline"}},
{"type":"Feature","geometry":null,"properties":{"scalerank":0,"featureclass":"Coastline"}},
{"type":"Feature","geometry":null,"properties":{"scalerank":0,"featureclass":"Coastline"}},
{"type":"Feature","geometry":null,"properties":{"scalerank":0,"featureclass":"Coastline"}},
{"type":"Feature","geometry":null,"properties":{"scalerank":0,"featureclass":"Coastline"}},
{"type":"Feature","geometry":{"type":"LineString","coordinates":[[-50.128,0.227],[-50.273,0.232],[-50.339,0.043],[-50.113,0.033],[-50.002,-0.029],[-49.839,0.007],[-49.697,0.216],[-49.879,0.305],[-50.128,0.227]]},"properties":{"scalerank":0,"featureclass":"Coastline"}},
{"type":"Feature","geometry":{"type":"LineString","coordinates":[[-50.491,2.129],[-50.456,1.91],[-50.299,1.939],[-50.342,2.142],[-50.491,2.129]]},"properties":{"scalerank":0,"featureclass":"Coastline"}},
{"type":"Feature","geometry":{"type":"LineString","coordinates":[[-50.653,-0.132],[-50.667,-0.058],[-50.842,-0.05],[-50.995,-0.105],[-51.038,-0.226],[-50.926,-0.327],[-50.653,-0.132]]},"properties":{"scalerank":0,"featureclass":"Coastline"}},
{"type":"Feature","geometry":{"type":"LineString","coordinates":[[-49.709,-0.144],[-49.444,-0.112],[-49.4,0.057],[-49.503,0.084],[-49.712,0.015],[-49.709,-0.144]]},"properties":{"scalerank":0,"featureclass":"Coastline"}},
{"type":"Feature","geometry":{"type":"LineString","coordinates":[[-50.343,0.382],[-50.61,0.205],[-50.624,0.054],[-50.444,-0.008],[-50.426,0.139],[-50.332,0.259],[-50.343,0.382]]},"properties":{"scalerank":0,"featureclass":"Coastline"}},
{"type":"Feature","geometry":{"type":"LineString","coordinates":[[-50.261,0.359],[-50.153,0.393],[-50.04,0.523],[-50.113,0.605],[-50.251,0.585],[-50.261,0.359]]},"properties":{"scalerank":0,"featureclass":"Coastline"}},
{"type":"Feature","geometry":{"type":"LineString","coordinates":[[-90.269,-0.485],[-90.47,-0.517],[-90.542,-0.676],[-90.387,-0.773],[-90.261,-0.742],[-90.185,-0.545],[-90.269,-0.485]]},"properties":{"scalerank":0,"featureclass":"Coastline"}},
{"type":"Feature","geometry":{"type":"LineString","coordinates":[[-89.423,-0.722],[-89.609,-0.889],[-89.537,-0.952],[-89.419,-0.911],[-89.259,-0.728],[-89.423,-0.722]]},"properties":{"scalerank":0,"featureclass":"Coastline"}},
{"type":"Feature","geometry":null,"properties":{"scalerank":0,"featureclass":"Coastline"}},
{"type":"Feature","geometry":{"type":"LineString","coordinates":[[-91.399,-0.322],[-91.46,-0.256],[-91.647,-0.284],[-91.647,-0.391],[-91.526,-0.478],[-91.426,-0.461],[-91.399,-0.322]]},"properties":{"scalerank":0,"featureclass":"Coastline"}},
{"type":"Feature","geometry":null,"properties":{"scalerank":0,"featureclass":"Coastline"}},
{"type":"Feature","geometry":{"type":"LineString","coordinates":[[-90.959,-0.595],[-90.976,-0.417],[-91.176,-0.223],[-91.21,-0.039],[-91.361,0.126],[-91.491,0.105],[-91.429,-0.023],[-91.369,-0.287],[-91.25,-0.374],[-91.145,-0.623],[-91.458,-0.8],[-91.484,-0.925],[-91.372,-1.017],[-91.131,-1.02],[-90.906,-0.941],[-90.8,-0.752],[-90.959,-0.595]]},"properties":{"scalerank":0,"featureclass":"Coastline"}},
{"type":"Feature","geometry":{"type":"LineString","coordinates":[[-90.668,-0.19],[-90.78,-0.16],[-90.809,-0.329],[-90.62,-0.364],[-90.553,-0.278],[-90.668,-0.19]]},"properties":{"scalerank":0,"featureclass":"Coastline"}},
{"type":"Feature","geometry":null,"properties":{"scalerank":0,"featureclass":"Coastline"}},
{"type":"Feature","geometry":null,"properties":{"scalerank":0,"featureclass":"Coastline"}},
{"type":"Feature","geometry":null,"properties":{"scalerank":0,"featureclass":"Coastline"}},
{"type":"Feature","geometry":null,"properties":{"scalerank":0,"featureclass":"Coastline"}},
{"type":"Feature","geometry":null,"properties":{"scalerank":0,"featureclass":"Coastline"}},
{"type":"Feature","geometry":{"type":"LineString","coordinates":[[-113.202,29.302],[-113.374,29.339],[-113.416,29.486],[-113.587,29.573],[-113.581,29.413],[-113.265,29.097],[-113.202,29.302]]},"properties":{"scalerank":0,"featureclass":"Coastline"}},
{"type":"Feature","geometry":null,"properties":{"scalerank":0,"featureclass":"Coastline"}},
{"type":"Feature","geometry":{"type":"LineString","coordinates":[[-115.234,28.368],[-115.26,28.221],[-115.353,28.104],[-115.184,28.037],[-115.149,28.172],[-115.234,28.368]]},"properties":{"scalerank":0,"featureclass":"Coastline"}},
{"type":"Feature","geometry":null,"properties":{"scalerank":0,"featureclass":"Coastline"}},
{"type":"Feature","geometry":null,"properties":{"scalerank":0,"featureclass":"Coastline"}},
{"type":"Feature","geometry":{"type":"LineString","coordinates":[[-112.203,29.005],[-112.285,29.24],[-112.47,29.168],[-112.514,28.848],[-112.278,28.769],[-112.203,29.005]]},"properties":{"scalerank":0,"featureclass":"Coastline"}},
{"type":"Feature","geometry":null,"properties":{"scalerank":0,"featureclass":"Coastline"}},
{"type":"Feature","geometry":null,"properties":{"scalerank":0,"featureclass":"Coastline"}},
{"type":"Feature","geometry":null,"properties":{"scalerank":0,"featureclass":"Coastline"}},
{"type":"Feature","geometry":null,"properties":{"scalerank":0,"featureclass":"Coastline"}},
{"type":"Feature","geometry":null,"properties":{"scalerank":0,"featureclass":"Coastline"}},
{"type":"Feature","geometry":null,"properties":{"scalerank":0,"featureclass":"Coastline"}},
{"type":"Feature","geometry":null,"properties":{"scalerank":0,"featureclass":"Coastline"}},
{"type":"Feature","geometry":{"type":"LineString","coordinates":[[124.565,11.64],[124.36,11.666],[124.483,11.486],[124.608,11.492],[124.565,11.64]]},"properties":{"scalerank":0,"featureclass":"Coastline"}},
{"type":"Feature","geometry":null,"properties":{"scalerank":0,"featureclass":"Coastline"}},
{"type":"Feature","geometry":null,"properties":{"scalerank":0,"featureclass":"Coastline"}},
{"type":"Feature","geometry":null,"properties":{"scalerank":0,"featureclass":"Coastline"}},
{"type":"Feature","geometry":null,"properties":{"scalerank":0,"featureclass":"Coastline"}},
{"type":"Feature","geometry":null,"properties":{"scalerank":0,"featureclass":"Coastline"}},
{"type":"Feature","geometry":null,"properties":{"scalerank":0,"featureclass":"Coastline"}},
{"type":"Feature","geometry":null,"properties":{"scalerank":0,"featureclass":"Coastline"}},
{"type":"Feature","geometry":null,"properties":{"scalerank":0,"featureclass":"Coastline"}},
{"type":"Feature","geometry":null,"properties":{"scalerank":0,"featureclass":"Coastline"}},
{"type":"Feature","geometry":{"type":"LineString","coordinates":[[117.546,-8.152],[117.491,-8.183],[117.556,-8.367],[117.669,-8.189],[117.546,-8.152]]},"properties":{"scalerank":0,"featureclass":"Coastline"}},
{"type":"Feature","geometry":{"type":"LineString","coordinates":[[70.057,66.599],[70.077,66.696],[69.469,66.716],[69.845,66.49],[70.057,66.599]]},"properties":{"scalerank":0,"featureclass":"Coastline"}},
{"type":"Feature","geometry":null,"properties":{"scalerank":0,"featureclass":"Coastline"}},
{"type":"Feature","geometry":null,"properties":{"scalerank":0,"featureclass":"Coastline"}},
{"type":"Feature","geometry":{"type":"LineString","coordinates":[[161.521,69.634],[161.111,69.47],[161.183,69.082],[161.394,69.106],[161.351,69.369],[161.54,69.437],[161.521,69.634]]},"properties":{"scalerank":0,"featureclass":"Coastline"}},
{"type":"Feature","geometry":null,"properties":{"scalerank":0,"featureclass":"Coastline"}},
{"type":"Feature","geometry":null,"properties":{"scalerank":0,"featureclass":"Coastline"}},
{"type":"Feature","geometry":null,"properties":{"scalerank":0,"featureclass":"Coastline"}},
{"type":"Feature","geometry":null,"properties":{"scalerank":0,"featureclass":"Coastline"}},
{"type":"Feature","geometry":null,"properties":{"scalerank":0,"featureclass":"Coastline"}},
{"type":"Feature","geometry":null,"properties":{"scalerank":0,"featureclass":"Coastline"}},
{"type":"Feature","geometry":null,"properties":{"scalerank":0,"featureclass":"Coastline"}},
{"type":"Feature","geometry":null,"properties":{"scalerank":0,"featureclass":"Coastline"}},
{"type":"Feature","geometry":null,"properties":{"scalerank":0,"featureclass":"Coastline"}},
{"type":"Feature","geometry":null,"properties":{"scalerank":0,"featureclass":"Coastline"}},
{"type":"Feature","geometry":null,"properties":{"scalerank":0,"featureclass":"Coastline"}},
{"type":"Feature","geometry":null,"properties":{"scalerank":0,"featureclass":"Coastline"}},
{"type":"Feature","geometry":{"type":"LineString","coordinates":[[-62.624,66.016],[-62.382,65.833],[-62.659,65.64],[-62.969,65.622],[-63.421,65.709],[-63.364,65.543],[-63.402,65.118],[-63.607,64.928],[-63.896,65.109],[-64.152,65.066],[-64.47,65.253],[-64.665,65.169],[-65.108,65.464],[-65.402,65.764],[-65.305,66.008],[-65.826,65.997],[-65.857,66.086],[-66.477,66.28],[-66.787,66.556],[-67.318,66.52],[-67.192,66.433],[-67.311,66.304],[-67.883,66.467],[-67.704,66.269],[-67.183,66.034],[-67.551,65.922],[-67.828,65.965],[-68.147,66.13],[-68.257,65.939],[-67.866,65.774],[-67.906,65.563],[-67.57,65.644],[-67.303,65.483],[-67.326,65.357],[-66.861,65.092],[-66.224,64.854],[-65.768,64.854],[-65.275,64.632],[-65.075,64.437],[-65.213,64.303],[-65.507,64.318],[-65.011,64.009],[-64.678,64.028],[-64.411,63.706],[-64.562,63.68],[-64.514,63.264],[-64.696,63.269],[-64.886,63.549],[-65.069,63.263],[-64.672,62.922],[-65.163,62.933],[-65.047,62.701],[-65.266,62.715],[-65.74,62.932],[-65.979,63.001],[-66.636,63.08],[-66.975,63.256],[-67.18,63.305],[-67.709,63.634],[-67.838,63.449],[-68.494,63.725],[-68.911,63.703],[-68.671,63.514],[-68.141,63.172],[-67.676,63.094],[-67.468,62.948],[-66.98,62.701],[-66.645,62.602],[-66.281,62.303],[-65.98,62.209],[-66.133,62.102],[-66.059,61.914],[-66.257,61.868],[-67.44,62.151],[-68.379,62.235],[-69.082,62.405],[-69.366,62.572],[-69.545,62.745],[-69.8,62.79],[-70.236,62.763],[-71.254,63.043],[-71.617,63.187],[-71.973,63.43],[-71.697,63.43],[-71.456,63.512],[-71.725,63.706],[-72.223,63.709],[-72.586,63.901],[-73.444,64.423],[-73.278,64.56],[-73.627,64.603],[-73.91,64.578],[-74.512,64.67],[-74.634,64.824],[-74.919,64.766],[-74.64,64.557],[-75.067,64.457],[-75.488,64.541],[-75.715,64.524],[-75.767,64.392],[-76.118,64.376],[-76.724,64.242],[-77.283,64.28],[-77.791,64.367],[-78.175,64.618],[-78.096,64.939],[-77.876,65.073],[-77.447,65.162],[-77.461,65.328],[-77.327,65.453],[-76.482,65.37],[-75.828,65.227],[-75.709,65.316],[-75.166,65.284],[-74.982,65.381],[-74.391,65.398],[-74.237,65.484],[-73.561,65.543],[-73.746,65.767],[-74.033,65.877],[-74.434,66.139],[-74.375,66.208],[-73.934,66.358],[-73.281,66.675],[-73.033,66.728],[-72.789,67.031],[-72.365,67.133],[-72.22,67.254],[-72.353,67.342],[-72.576,67.659],[-73.063,68.107],[-73.328,68.267],[-73.644,68.295],[-73.879,68.429],[-73.783,68.578],[-74.27,68.541],[-74.648,68.708],[-74.917,68.983],[-75.213,68.909],[-75.623,68.888],[-76.403,68.692],[-76.619,68.721],[-76.557,69.009],[-75.954,69.031],[-75.668,69.159],[-75.787,69.319],[-76.408,69.441],[-76.52,69.517],[-77.129,69.653],[-76.962,69.825],[-77.494,69.836],[-77.635,69.9],[-77.722,70.171],[-77.843,70.247],[-78.283,70.229],[-78.621,70.353],[-79.066,70.604],[-79.397,70.437],[-79.018,70.325],[-78.81,70.179],[-78.89,69.977],[-79.303,69.895],[-79.616,69.895],[-80.162,69.996],[-81.098,70.091],[-81.197,69.983],[-82.139,69.841],[-82.488,69.866],[-83.091,70.004],[-83.859,69.963],[-84.522,70.005],[-84.909,70.078],[-85.432,70.111],[-85.78,70.037],[-86.322,70.145],[-86.624,70.401],[-87.122,70.412],[-87.901,70.252],[-88.402,70.442],[-88.848,70.523],[-89.208,70.76],[-89.366,71.067],[-88.517,71.031],[-87.845,70.944],[-87.182,70.988],[-87.872,71.209],[-89.079,71.288],[-89.846,71.492],[-90.025,71.949],[-89.664,72.158],[-89.823,72.208],[-89.862,72.412],[-89.358,72.804],[-89.263,73.069],[-88.705,73.403],[-87.72,73.723],[-86.769,73.834],[-85.951,73.85],[-85.11,73.808],[-84.975,73.695],[-85.682,73.461],[-86.086,73.26],[-86.629,72.871],[-86.595,72.661],[-86.323,72.461],[-86.341,72.123],[-86.036,71.771],[-85.023,71.353],[-85.644,71.152],[-85.095,71.152],[-84.79,71.093],[-84.66,71.586],[-85.25,71.675],[-85.912,71.987],[-85.406,72.215],[-84.643,72.19],[-84.849,72.406],[-85.341,72.422],[-85.638,72.633],[-85.645,72.774],[-85.262,72.954],[-85.455,73.105],[-85.018,73.335],[-84.416,73.456],[-84.089,73.459],[-83.73,73.576],[-82.66,73.73],[-81.946,73.73],[-81.406,73.635],[-81.152,73.314],[-80.603,73.121],[-80.592,72.928],[-80.275,72.746],[-80.675,72.559],[-80.605,72.426],[-80.941,72.21],[-80.802,71.929],[-80.386,72.149],[-80.116,72.214],[-80.042,72.394],[-79.654,72.332],[-79.323,72.391],[-79,72.272],[-78.699,72.351],[-78.287,72.36],[-78.479,72.509],[-78.001,72.688],[-77.567,72.737],[-76.894,72.721],[-76.189,72.572],[-75.704,72.572],[-75.186,72.434],[-74.903,72.1],[-74.266,72.038],[-74.316,71.843],[-74.701,71.676],[-73.714,71.72],[-73.713,71.588],[-73.482,71.479],[-72.902,71.678],[-72.581,71.607],[-71.875,71.561],[-71.46,71.464],[-71.219,71.239],[-71.743,71.047],[-71.186,70.978],[-70.792,71.103],[-70.655,70.871],[-71.022,70.674],[-71.586,70.566],[-71.276,70.5],[-70.561,70.738],[-69.95,70.845],[-69.696,70.786],[-69.169,70.764],[-68.496,70.61],[-68.364,70.481],[-68.794,70.324],[-69.299,70.277],[-70.061,70.071],[-69.796,70.047],[-69.483,70.16],[-68.919,70.207],[-68.723,70.146],[-69.008,69.979],[-68.744,69.941],[-68.319,70.161],[-68.204,70.281],[-67.855,70.282],[-67.364,70.034],[-67.173,69.799],[-67.259,69.721],[-67.806,69.777],[-68.114,69.754],[-68.513,69.577],[-68.058,69.476],[-67.361,69.473],[-66.771,69.337],[-66.803,69.153],[-67.484,69.167],[-67.938,69.248],[-68.304,69.166],[-67.752,69.039],[-67.883,68.784],[-68.324,68.844],[-68.038,68.551],[-66.762,68.425],[-67.033,68.326],[-66.729,68.129],[-66.531,68.25],[-66.212,68.28],[-66.225,67.959],[-65.864,67.923],[-65.702,67.987],[-65.3,67.94],[-64.977,68.043],[-65.021,67.788],[-64.528,67.813],[-64.156,67.623],[-64.008,67.347],[-63.592,67.378],[-63.04,67.235],[-63.258,67.025],[-62.962,66.949],[-62.38,66.905],[-61.969,67.019],[-61.3,66.649],[-61.528,66.558],[-61.904,66.678],[-62.089,66.626],[-61.653,66.503],[-61.571,66.373],[-61.863,66.313],[-62.406,66.316],[-62.534,66.227],[-61.992,66.035],[-62.624,66.016]]},"properties":{"scalerank":0,"featureclass":"Coastline"}},
{"type":"Feature","geometry":{"type":"LineString","coordinates":[[-68.721,81.261],[-66.914,81.485],[-66.626,81.616],[-64.574,81.734],[-62.177,82.043],[-61.274,82.28],[-61.392,82.442],[-63.085,82.565],[-63.473,82.771],[-64.777,82.876],[-66.836,82.818],[-66.592,82.944],[-68.107,82.961],[-69.489,83.017],[-69.97,83.116],[-72.812,83.081],[-73.331,82.999],[-75.745,83.047],[-77.125,83.009],[-77.48,82.883],[-79.886,82.939],[-79.207,82.733],[-80.657,82.769],[-82.123,82.602],[-81.681,82.519],[-82.451,82.427],[-81.998,82.278],[-80.13,82.028],[-80.55,82.005],[-82.537,82.247],[-84.897,82.449],[-86.581,82.187],[-85.311,82.044],[-85.646,81.953],[-86.627,82.051],[-88.567,82.061],[-89.381,81.917],[-90.49,81.877],[-91.648,81.684],[-89.845,81.612],[-90.554,81.464],[-90.304,81.401],[-88.978,81.542],[-89.947,81.173],[-89.623,81.032],[-87.275,81.081],[-87.389,80.988],[-88.413,81],[-89.263,80.914],[-88.921,80.806],[-87.712,80.656],[-87.33,80.67],[-85.781,81.035],[-85.246,80.988],[-86.252,80.79],[-86.603,80.664],[-86.25,80.566],[-85.307,80.526],[-84.076,80.556],[-83.401,80.714],[-82.337,80.729],[-82.368,80.561],[-81.007,80.655],[-79.607,80.882],[-79.198,81.118],[-78.629,81.043],[-78.551,80.921],[-76.85,80.878],[-78.386,80.784],[-79.629,80.648],[-80.051,80.529],[-80.98,80.445],[-82.536,80.376],[-82.961,80.278],[-82.332,80.066],[-81.01,79.693],[-81.856,79.723],[-82.377,79.908],[-83.724,80.229],[-86.307,80.319],[-86.615,80.124],[-86.421,79.845],[-86.031,79.722],[-85.09,79.612],[-84.197,79.225],[-84.53,79.101],[-84.316,78.975],[-83.059,78.94],[-83.271,78.77],[-83.908,78.839],[-85.23,78.902],[-86.808,78.774],[-87.491,78.417],[-87.552,78.177],[-86.218,78.081],[-85.586,78.11],[-84.91,78.24],[-84.615,78.196],[-85.548,77.928],[-85.292,77.764],[-85.289,77.559],[-83.779,77.533],[-83.974,77.391],[-84.739,77.361],[-85.588,77.461],[-86.173,77.746],[-87.018,77.892],[-87.497,77.872],[-88.095,77.719],[-87.78,77.493],[-86.874,77.2],[-87.362,77.136],[-88.398,77.104],[-89.5,76.827],[-89.57,76.492],[-88.396,76.405],[-86.68,76.377],[-86.296,76.492],[-85.681,76.349],[-85.141,76.305],[-84.275,76.357],[-83.886,76.453],[-82.233,76.466],[-81.171,76.513],[-80.835,76.369],[-80.997,76.215],[-80.69,76.176],[-79.511,76.31],[-78.284,76.571],[-77.983,76.755],[-78.289,76.978],[-78.792,76.884],[-79.221,76.936],[-79.341,77.158],[-80.274,77.151],[-80.573,77.315],[-79.906,77.3],[-78.87,77.333],[-78.284,77.413],[-78.076,77.519],[-78.013,77.946],[-76.974,77.927],[-75.866,78.01],[-75.551,78.221],[-75.193,78.328],[-76.373,78.521],[-74.879,78.545],[-74.433,78.724],[-75.099,78.858],[-75.795,78.89],[-76.256,79.007],[-75.912,79.118],[-75.233,79.036],[-74.532,79.053],[-74.481,79.229],[-75.094,79.204],[-76.116,79.326],[-75.259,79.421],[-73.466,79.495],[-73.229,79.644],[-71.388,79.762],[-71.356,79.911],[-70.568,80.094],[-70.144,80.398],[-69.4,80.423],[-68.63,80.679],[-66.727,81.041],[-65.484,81.285],[-64.78,81.493],[-65.736,81.494],[-68.318,81.261],[-68.721,81.261]]},"properties":{"scalerank":0,"featureclass":"Coastline"}},
{"type":"Feature","geometry":{"type":"LineString","coordinates":[[-120.682,69.567],[-121.531,69.776],[-122.07,69.816],[-123.026,69.81],[-123.214,69.542],[-123.609,69.377],[-124.426,69.379],[-124.481,69.425],[-124.138,69.653],[-124.407,69.767],[-124.444,70.111],[-124.768,69.99],[-125.357,69.626],[-125.167,69.48],[-125.387,69.349],[-126.064,69.467],[-126.612,69.73],[-127.138,70.239],[-127.753,70.517],[-128.17,70.418],[-127.765,70.222],[-128.279,70.108],[-128.387,69.96],[-128.971,69.712],[-129.265,69.855],[-129.572,69.827],[-130.354,69.656],[-130.982,69.253],[-131.013,69.429],[-131.788,69.432],[-131.92,69.291],[-132.719,69.079],[-132.706,68.815],[-133.379,68.887],[-132.687,69.26],[-132.331,69.308],[-131.863,69.549],[-130.96,69.632],[-129.648,69.998],[-129.945,70.091],[-130.498,70.143],[-130.926,70.052],[-131.136,69.907],[-131.441,69.918],[-131.934,69.753],[-132.334,69.752],[-132.84,69.651],[-133.163,69.434],[-134.165,69.281],[-133.88,69.508],[-134.242,69.669],[-134.451,69.665],[-134.494,69.468],[-135.141,69.468],[-135.255,69.324],[-135.691,69.311],[-135.91,69.111],[-135.876,68.917],[-135.407,68.829],[-135.362,68.696],[-136.122,68.882],[-136.444,68.895]]},"properties":{"scalerank":0,"featureclass":"Coastline"}},
{"type":"Feature","geometry":{"type":"LineString","coordinates":[[-136.444,68.895],[-136.717,68.889],[-137.26,68.964],[-138.128,69.152],[-138.69,69.317],[-139.182,69.516],[-139.977,69.622],[-140.405,69.602],[-141.408,69.653],[-141.699,69.77],[-142.297,69.87],[-142.708,70.034],[-143.218,70.116],[-144.417,70.039],[-144.619,69.982],[-145.197,70.009],[-145.823,70.16],[-146.745,70.192],[-147.063,70.17],[-147.705,70.217],[-147.87,70.303],[-149.269,70.501],[-149.87,70.51],[-150.152,70.444],[-150.663,70.51],[-151.225,70.419],[-151.945,70.452],[-152.471,70.654],[-152.233,70.81],[-152.491,70.881],[-153.233,70.933],[-153.918,70.877],[-154.195,70.801],[-154.785,70.894],[-154.674,70.987],[-155.167,71.099],[-155.579,70.894],[-155.872,70.835],[-156.147,70.928],[-155.804,70.995],[-155.579,71.121],[-155.811,71.188],[-156.783,71.319],[-157.195,71.093],[-157.998,70.845],[-158.996,70.802],[-159.315,70.879],[-159.681,70.787],[-159.962,70.634],[-159.746,70.53],[-159.855,70.324],[-160.095,70.333],[-159.963,70.568],[-160.117,70.591],[-160.996,70.305],[-161.639,70.235],[-161.881,70.332],[-162.952,69.758],[-163.161,69.388],[-163.536,69.17],[-163.868,69.037],[-164.302,68.936],[-165.509,68.868],[-166.209,68.885],[-166.182,68.797],[-166.381,68.425],[-166.236,68.278],[-165.96,68.156],[-165.386,68.046],[-164.125,67.607],[-163.943,67.478],[-163.721,67.196],[-163.532,67.103],[-163.002,67.027],[-162.392,67.02],[-161.965,67.05],[-161.622,66.979],[-161.879,66.804],[-161.857,66.7],[-161.398,66.552],[-160.864,66.671],[-160.263,66.572],[-160.232,66.42],[-160.651,66.373],[-161.048,66.474],[-161.591,66.46],[-161.91,66.56],[-162.131,66.801],[-162.362,66.947],[-162.607,66.894],[-162.467,66.736],[-162.191,66.693],[-161.888,66.493],[-161.12,66.334],[-161.201,66.219],[-161.557,66.251],[-161.816,66.054],[-162.587,66.051],[-162.886,66.099],[-163.695,66.084],[-164.034,66.216],[-163.775,66.531],[-164.058,66.611],[-164.674,66.555],[-165.064,66.438],[-165.449,66.41],[-165.776,66.319],[-165.724,66.113],[-166.215,66.17],[-166.748,66.052],[-167.074,65.877],[-167.405,65.859],[-167.58,65.758],[-168.088,65.658],[-167.987,65.568],[-167.404,65.422],[-166.665,65.338],[-166.452,65.247],[-166.531,65.155],[-166.827,65.096],[-166.415,64.927],[-166.481,64.728],[-166.143,64.583],[-164.9,64.461],[-164.304,64.584],[-163.713,64.588],[-163.144,64.424],[-162.807,64.374],[-162.172,64.678],[-161.759,64.816],[-161.466,64.795],[-161.187,64.924],[-160.887,64.796],[-160.932,64.579],[-161.386,64.44],[-160.988,64.251],[-160.779,63.819],[-161.1,63.558],[-161.505,63.468],[-161.974,63.453],[-162.283,63.529],[-162.621,63.266],[-163.062,63.08],[-163.359,63.046],[-163.736,63.193],[-164.108,63.262],[-164.409,63.215],[-164.677,63.02],[-164.845,62.801],[-164.793,62.623],[-165.195,62.474],[-165.707,62.1],[-165.613,61.869],[-166.079,61.803],[-166.1,61.645],[-165.797,61.491],[-165.906,61.404],[-165.691,61.3],[-165.566,61.102],[-165.077,61.094],[-165.175,60.966],[-164.442,60.87],[-163.995,60.865],[-163.749,60.97],[-163.421,60.757],[-163.73,60.59],[-163.895,60.745],[-164.266,60.725],[-164.37,60.796],[-164.805,60.892],[-165.354,60.541],[-165.027,60.501],[-165.061,60.413],[-164.662,60.304],[-164.471,60.149],[-164.132,59.994],[-164.143,59.897],[-163.907,59.807],[-163.219,59.846],[-162.571,59.99],[-162.421,60.284],[-162.242,60.178],[-162.138,59.98],[-161.829,59.589],[-162.023,59.284],[-161.981,59.146],[-161.794,59.109],[-161.724,58.794],[-161.856,58.717],[-161.755,58.612],[-161.361,58.67],[-161.216,58.801],[-160.817,58.872],[-160.363,59.051],[-160.153,58.906],[-159.92,58.82],[-159.67,58.911],[-159.358,58.721],[-159.083,58.47],[-158.772,58.52],[-158.861,58.719],[-158.761,58.95],[-158.426,58.999],[-158.503,58.85],[-158.303,58.642],[-158.022,58.64],[-157.142,58.878],[-156.975,58.736],[-157.229,58.641],[-157.524,58.421],[-157.443,58.172],[-157.611,58.051],[-157.684,57.744],[-157.608,57.601],[-157.894,57.511],[-158.321,57.298],[-158.661,57.039],[-158.675,56.795],[-158.99,56.86],[-159.283,56.689],[-159.785,56.562],[-160.302,56.314],[-160.539,56.006],[-160.308,55.864],[-160.758,55.855],[-160.851,55.772],[-161.216,56.021],[-161.697,55.907],[-162.157,55.719],[-162.513,55.45],[-162.962,55.184],[-163.279,55.122],[-162.865,54.955],[-162.674,54.997],[-162.644,55.218],[-162.542,55.243],[-162.333,55.05],[-162.074,55.139],[-161.742,55.391],[-161.684,55.53],[-161.382,55.371],[-161.1,55.406],[-160.897,55.514],[-160.463,55.558],[-159.962,55.795],[-159.743,55.844],[-159.523,55.81],[-158.79,55.987],[-158.276,56.196],[-158.414,56.436],[-157.978,56.543],[-157.869,56.645],[-157.578,56.634],[-157.39,56.81],[-157.139,56.827],[-156.78,57.006],[-156.475,57.105],[-156.398,57.241],[-156.478,57.328],[-156,57.545],[-155.778,57.568],[-155.59,57.734],[-155.313,57.807],[-155.007,58.016],[-154.585,58.056],[-154.247,58.159],[-154.208,58.289],[-154.02,58.493],[-153.617,58.655],[-153.334,58.858],[-153.418,58.96],[-153.656,59.039],[-154.13,59.12],[-154.088,59.363],[-153.814,59.474],[-153.414,59.74],[-153.048,59.73],[-153.106,59.875],[-152.759,59.921],[-152.629,60.041],[-152.654,60.238],[-152.26,60.409],[-152.271,60.528],[-151.996,60.682],[-151.75,60.755],[-151.734,60.911],[-151.15,61.086],[-150.612,61.301],[-150.472,61.26],[-149.945,61.294],[-149.968,61.122],[-149.592,60.994],[-149.998,60.935],[-150.441,61.024],[-150.954,60.841],[-151.322,60.743],[-151.313,60.466],[-151.451,60.203],[-151.735,59.988],[-151.853,59.782],[-151.764,59.7],[-151.189,59.638],[-151.4,59.516],[-151.85,59.406],[-151.964,59.285],[-151.738,59.189],[-151.366,59.246],[-150.961,59.244],[-150.677,59.427],[-150.582,59.565],[-150.198,59.567],[-149.782,59.75],[-149.795,59.856],[-149.549,59.894],[-149.432,60.001],[-149.122,60.033],[-148.843,59.951],[-148.431,59.989],[-148.198,60.168],[-148.182,60.393],[-148.296,60.532],[-148.268,60.7],[-148.344,60.854],[-148.209,61.03],[-147.891,60.89],[-147.593,60.979],[-146.874,61.005],[-146.583,61.128],[-146.638,60.897],[-146.251,60.749],[-146.149,60.661],[-145.675,60.651],[-145.899,60.478],[-145.248,60.38],[-144.984,60.537],[-144.824,60.534],[-144.901,60.335],[-144.643,60.225],[-144.333,60.191],[-143.805,60.013],[-142.946,60.097],[-142.549,60.086],[-141.67,59.97],[-140.843,59.749],[-140.217,59.727],[-139.85,59.831],[-139.582,59.848],[-139.506,59.726],[-139.799,59.546],[-139.341,59.376],[-138.352,59.087],[-138.027,58.941],[-137.544,58.581],[-137.072,58.395],[-136.583,58.245],[-136.462,58.328],[-136.13,58.35],[-136.103,58.506],[-136.568,58.786],[-136.879,58.882],[-136.831,58.984],[-136.566,58.941],[-136.226,58.765],[-136.046,58.789],[-135.862,58.577],[-135.873,58.394],[-135.572,58.412],[-135.303,58.256],[-135.05,58.307],[-135.334,58.91],[-135.502,59.202],[-135.358,59.325],[-135.132,58.843],[-134.965,58.742],[-134.776,58.454],[-134.063,58.211],[-134.031,58.072],[-133.554,57.695],[-133.437,57.337],[-133.466,57.172],[-132.814,57.041],[-132.802,56.895],[-132.487,56.766],[-132.182,56.421],[-132.022,56.38],[-131.844,56.16],[-132.006,55.93],[-132.223,55.721],[-132.119,55.57],[-131.869,55.647],[-131.784,55.877],[-131.288,56.012],[-131.128,55.96],[-130.919,55.736],[-130.856,55.355],[-131.048,55.158],[-130.85,54.808],[-130.535,54.749],[-130.349,54.815],[-130.204,54.947],[-130.219,55.06],[-129.985,55.111],[-130.219,54.73],[-130.37,54.62],[-130.43,54.421],[-130.29,54.27],[-130.043,54.134],[-130.086,53.976],[-130.335,53.724],[-130.074,53.576],[-129.912,53.551],[-129.822,53.413],[-129.564,53.251],[-129.284,53.393],[-129.208,53.642],[-128.959,53.841],[-128.705,53.919],[-128.751,53.661],[-128.936,53.715],[-129.114,53.641],[-129.172,53.534],[-129.081,53.367],[-128.652,53.244],[-128.525,53.141],[-128.452,52.877],[-128.109,52.858],[-128.275,52.435],[-128.06,52.428],[-128.037,52.318],[-128.358,52.159],[-128.194,51.998],[-128.102,51.788],[-127.859,51.99],[-127.819,51.604],[-127.645,51.478],[-127.708,51.151],[-127.441,50.989],[-127.058,50.868],[-126.632,50.915],[-126.397,50.807],[-126.404,50.53],[-125.698,50.465],[-125.476,50.497],[-125.057,50.419],[-124.784,50.073],[-124.782,50.02],[-124.483,49.808],[-124.142,49.793],[-123.972,49.892],[-123.874,49.737],[-124.054,49.662],[-123.859,49.483],[-123.531,49.397],[-123.336,49.459],[-123.196,49.148],[-123.049,48.993],[-122.924,49.075],[-122.789,48.993],[-122.653,48.764],[-122.562,48.778],[-122.497,48.506],[-122.669,48.465],[-122.409,48.294],[-122.52,48.229],[-122.242,48.011],[-122.393,47.821],[-122.354,47.372],[-122.542,47.276],[-122.702,47.111],[-122.988,47.173],[-122.813,47.329],[-122.578,47.293],[-122.554,47.405],[-122.63,47.693],[-122.821,47.793],[-122.657,47.881],[-122.861,48.09],[-123.124,48.151],[-123.294,48.12],[-123.976,48.168],[-124.633,48.375],[-124.702,48.152],[-124.621,47.904],[-124.376,47.659],[-124.309,47.405],[-124.199,47.209],[-124.164,47.015],[-123.843,46.963],[-124.113,46.863],[-124.072,46.745],[-123.889,46.66],[-123.946,46.433],[-124.073,46.279],[-123.688,46.3],[-123.674,46.183],[-123.947,46.141],[-123.961,45.843],[-123.929,45.577],[-124.059,44.778],[-124.047,44.425],[-124.099,44.334],[-124.149,43.692],[-124.347,43.342],[-124.54,42.813],[-124.406,42.584],[-124.421,42.381],[-124.355,42.123],[-124.212,41.985],[-124.245,41.788],[-124.118,41.622],[-124.069,41.384],[-124.14,41.156],[-124.133,40.97],[-124.372,40.491],[-124.324,40.252],[-124.108,40.095],[-123.884,39.861],[-123.783,39.619],[-123.82,39.368],[-123.72,39.111],[-123.701,38.907],[-123.29,38.536],[-123.121,38.449],[-122.987,38.277],[-122.968,38.097],[-122.76,37.946],[-122.467,37.838],[-122.484,38.109],[-122.393,38.145],[-122.154,38.066],[-122.385,37.961],[-122.384,37.789],[-122.514,37.772],[-122.499,37.543],[-122.408,37.373],[-122.395,37.208],[-122.164,36.991],[-121.881,36.939],[-121.79,36.732],[-121.919,36.572],[-121.877,36.331],[-121.664,36.154],[-121.344,35.792],[-121.284,35.676],[-121.138,35.607],[-120.86,35.365],[-120.857,35.21],[-120.634,35.076],[-120.645,34.58],[-120.481,34.472],[-120.053,34.469],[-119.853,34.412],[-119.606,34.418],[-119.268,34.257],[-119.144,34.112],[-118.832,34.024],[-118.506,34.017],[-118.393,33.858],[-118.41,33.744],[-118.081,33.722],[-117.789,33.538],[-117.467,33.296],[-117.319,33.1],[-117.263,32.939],[-117.243,32.664],[-117.137,32.649],[-117.063,32.344],[-116.914,32.199],[-116.848,31.997],[-116.621,31.851],[-116.662,31.565],[-116.333,31.203],[-116.296,30.971],[-116.062,30.804],[-115.996,30.414],[-115.816,30.304],[-115.79,30.084],[-115.674,29.756],[-115.166,29.427],[-114.994,29.384],[-114.664,29.095],[-114.309,28.73],[-114.146,28.605],[-114.048,28.426],[-114.093,28.221],[-114.185,28.013],[-114.175,27.831],[-114.301,27.873],[-114.57,27.784],[-115.036,27.842],[-114.994,27.736],[-114.54,27.431],[-114.445,27.218],[-114.11,27.106],[-113.996,26.988],[-113.841,26.967],[-113.599,26.721],[-113.206,26.857],[-113.021,26.583],[-112.658,26.317],[-112.377,26.214],[-112.174,25.913],[-112.056,25.488],[-112.129,25.043],[-112.073,24.84],[-111.848,24.67],[-111.802,24.543],[-111.683,24.556],[-111.419,24.329],[-111.036,24.105],[-110.63,23.737],[-110.363,23.605],[-110.181,23.342],[-110.086,23.005],[-109.923,22.886],[-109.728,22.982],[-109.458,23.215],[-109.421,23.48],[-109.51,23.598],[-109.677,23.662],[-109.711,23.804],[-110.023,24.175],[-110.263,24.345],[-110.297,24.195],[-110.547,24.214],[-110.659,24.341],[-110.735,24.59],[-110.677,24.789],[-110.756,24.995],[-110.894,25.144],[-111.034,25.527],[-111.15,25.573],[-111.292,25.79],[-111.332,26.125],[-111.546,26.579],[-111.57,26.708],[-111.795,26.88],[-112.009,26.967],[-112.004,27.079],[-112.191,27.187],[-112.329,27.523],[-112.553,27.657],[-112.734,27.826],[-112.796,28.207],[-112.871,28.424],[-113.094,28.512],[-113.206,28.799],[-113.321,28.813],[-113.382,28.947],[-113.5,28.927],[-113.545,29.102],[-113.755,29.367],[-114.062,29.61],[-114.179,29.734],[-114.373,29.83],[-114.55,30.022],[-114.65,30.238],[-114.633,30.507],[-114.761,30.959],[-114.882,31.156],[-114.848,31.538],[-114.79,31.647],[-114.84,31.799],[-114.549,31.734],[-114.149,31.507],[-114.003,31.525],[-113.948,31.629],[-113.633,31.468],[-113.623,31.346],[-113.231,31.256],[-113.047,31.179],[-113.108,31.077],[-113.11,30.793],[-113.058,30.651],[-112.825,30.3],[-112.738,29.985],[-112.573,29.72],[-112.415,29.536],[-112.378,29.348],[-112.223,29.269],[-112.162,29.019],[-111.941,28.823],[-111.68,28.471],[-111.472,28.384],[-111.282,28.115],[-111.121,27.967],[-110.921,27.889],[-110.759,27.915],[-110.53,27.864],[-110.615,27.654],[-110.561,27.45],[-110.478,27.323],[-110.277,27.162],[-109.944,27.079],[-109.891,26.883],[-109.755,26.703],[-109.483,26.71],[-109.276,26.534],[-109.2,26.305],[-109.426,26.033],[-109.385,25.727],[-109.304,25.633],[-109.068,25.552],[-109.029,25.48],[-108.787,25.538],[-108.751,25.424],[-108.374,25.194],[-108.093,25.094],[-108.208,24.975],[-108.015,24.783],[-107.951,24.615],[-107.817,24.539],[-107.512,24.489],[-107.527,24.36],[-106.935,23.881],[-106.729,23.611],[-106.567,23.449],[-106.402,23.196],[-106.235,23.061],[-106.022,22.829],[-105.792,22.627],[-105.646,22.327],[-105.649,21.988],[-105.431,21.618],[-105.209,21.491],[-105.237,21.119],[-105.492,20.777],[-105.327,20.753],[-105.26,20.579],[-105.377,20.512],[-105.543,20.498],[-105.669,20.386],[-105.57,20.228],[-105.482,19.976],[-105.286,19.706],[-105.108,19.562],[-104.938,19.309],[-104.603,19.153],[-104.405,19.091],[-103.912,18.828],[-103.699,18.633],[-103.442,18.325],[-102.7,18.063],[-102.217,17.957],[-101.996,17.973],[-101.847,17.922],[-101.6,17.652],[-101.148,17.393],[-100.848,17.2],[-100.025,16.921],[-99.691,16.72],[-99.348,16.665],[-98.762,16.535],[-98.52,16.305],[-98.139,16.206],[-97.755,15.967],[-97.185,15.909],[-96.808,15.726],[-96.511,15.652],[-96.214,15.693],[-95.772,15.888],[-95.464,15.975],[-95.134,16.177],[-94.9,16.417],[-94.662,16.202],[-94.471,16.187],[-94.374,16.285],[-93.916,16.054],[-93.734,15.888],[-93.167,15.448],[-92.809,15.139],[-92.265,14.568],[-91.819,14.228],[-91.377,13.99],[-91.146,13.926],[-90.607,13.929],[-90.479,13.901],[-89.97,13.683],[-89.804,13.56],[-89.278,13.478],[-88.867,13.283],[-88.512,13.184],[-88.417,13.214],[-88.181,13.164],[-87.931,13.181],[-87.708,13.36],[-87.489,13.353],[-87.413,13.127],[-87.333,13.085],[-87.339,12.95],[-87.424,12.921],[-87.543,13.04],[-87.668,12.904],[-87.46,12.758],[-87.125,12.434],[-86.756,12.157],[-86.656,11.982],[-86.469,11.738],[-85.961,11.331],[-85.745,11.089],[-85.752,10.985],[-85.908,10.898],[-85.667,10.745],[-85.663,10.635],[-85.831,10.398],[-85.85,10.292],[-85.796,10.133],[-85.625,9.902],[-85.315,9.811],[-85.115,9.582],[-84.886,9.821],[-84.963,9.933],[-85.161,10.017],[-85.198,10.195],[-85.025,10.116],[-84.715,9.899],[-84.643,9.789],[-84.659,9.647],[-84.483,9.526],[-84.222,9.463],[-83.896,9.276],[-83.637,9.035],[-83.614,8.804],[-83.734,8.614],[-83.544,8.446],[-83.292,8.406],[-83.298,8.507],[-83.422,8.619],[-83.391,8.718],[-83.162,8.588],[-83.123,8.353],[-82.854,8.1],[-82.866,8.246],[-82.68,8.322],[-82.224,8.23],[-81.973,8.215],[-81.728,8.138],[-81.504,7.721],[-81.268,7.625],[-81.195,7.668],[-81.158,7.854],[-81.064,7.9],[-81.035,7.711],[-80.846,7.22],[-80.439,7.275],[-80.287,7.426],[-80.111,7.433],[-80.011,7.5],[-80.075,7.667],[-80.458,8.077],[-80.459,8.214],[-80.369,8.289],[-80.126,8.35],[-79.75,8.596],[-79.816,8.639],[-79.687,8.851],[-79.442,9.006],[-79.086,8.997],[-78.621,8.714],[-78.514,8.628],[-78.469,8.447],[-78.35,8.46],[-78.114,8.38],[-78.281,8.248],[-78.255,8.139],[-78.422,8.061],[-78.378,7.9],[-78.17,7.544],[-77.804,7.137],[-77.526,6.693],[-77.439,6.69],[-77.36,6.504],[-77.398,6.275],[-77.469,6.177],[-77.345,5.995],[-77.249,5.78],[-77.325,5.676],[-77.534,5.537],[-77.402,5.416],[-77.359,5.215],[-77.339,4.839],[-77.286,4.722],[-77.427,4.06],[-77.358,3.945],[-77.167,3.862],[-77.243,3.585],[-77.417,3.342],[-77.559,3.076],[-77.694,3.04],[-77.67,2.879],[-77.875,2.726],[-77.932,2.629],[-78.12,2.488],[-78.296,2.51],[-78.535,2.424],[-78.617,2.307],[-78.629,2.056],[-78.55,1.924],[-78.577,1.774],[-78.793,1.849],[-78.958,1.752],[-79.025,1.624],[-78.888,1.524],[-78.827,1.296],[-78.9,1.206],[-79.229,1.105],[-79.465,1.06],[-79.613,0.971],[-79.741,0.98],[-79.904,0.86],[-80.088,0.785],[-80.025,0.41],[-80.046,0.155],[-80.133,-0.006],[-80.321,-0.166],[-80.482,-0.368],[-80.455,-0.585],[-80.554,-0.848],[-80.841,-0.975],[-80.902,-1.079],[-80.801,-1.383],[-80.835,-1.632],[-80.763,-1.823],[-80.77,-2.077],[-80.963,-2.189],[-80.839,-2.349],[-80.685,-2.397],[-80.45,-2.626],[-80.285,-2.707],[-80.127,-2.528],[-79.926,-2.549],[-79.822,-2.357],[-79.73,-2.579],[-79.823,-2.777],[-79.922,-3.09],[-80.027,-3.228],[-80.504,-3.496],[-80.799,-3.731],[-80.892,-3.882],[-81.232,-4.234],[-81.283,-4.322],[-81.337,-4.67],[-81.108,-5.028],[-81.168,-5.167],[-80.943,-5.475],[-80.883,-5.759],[-80.992,-5.861],[-81.092,-5.812],[-81.181,-5.942],[-81.142,-6.057],[-80.812,-6.282],[-80.11,-6.65],[-79.762,-7.067],[-79.618,-7.296],[-79.589,-7.419],[-79.377,-7.836],[-79.012,-8.21],[-78.925,-8.405],[-78.762,-8.617],[-78.755,-8.74],[-78.58,-9.157],[-78.446,-9.371],[-78.356,-9.652],[-78.276,-9.81],[-78.186,-10.089],[-78.095,-10.261],[-77.736,-10.837],[-77.664,-11.022],[-77.633,-11.288],[-77.31,-11.532],[-77.22,-11.663],[-77.153,-12.06],[-76.832,-12.349],[-76.758,-12.527],[-76.555,-12.823],[-76.427,-13.11],[-76.224,-13.371],[-76.184,-13.515],[-76.297,-13.948],[-76.289,-14.133],[-76.136,-14.32],[-75.934,-14.634],[-75.738,-14.785],[-75.534,-14.899],[-75.397,-15.094],[-75.275,-15.178],[-75.104,-15.412],[-74.555,-15.699],[-74.373,-15.834],[-74.147,-15.912],[-73.825,-16.153],[-73.4,-16.304],[-73.264,-16.389],[-72.794,-16.615],[-72.468,-16.708],[-72.111,-17.003],[-71.868,-17.151],[-71.532,-17.294],[-71.399,-17.422],[-71.337,-17.683],[-70.942,-17.932],[-70.817,-18.053],[-70.492,-18.278],[-70.362,-18.398],[-70.335,-18.828],[-70.276,-19.268],[-70.148,-19.805],[-70.147,-20.23],[-70.197,-20.725],[-70.088,-21.253],[-70.088,-21.493],[-70.229,-22.193],[-70.26,-22.556],[-70.332,-22.849],[-70.45,-23.034],[-70.563,-23.057],[-70.588,-23.368],[-70.392,-23.566],[-70.488,-23.782],[-70.507,-24.13],[-70.574,-24.644],[-70.559,-24.779],[-70.445,-25.173],[-70.49,-25.376],[-70.633,-25.546],[-70.714,-25.784],[-70.635,-25.993],[-70.647,-26.329],[-70.708,-26.597],[-70.803,-26.841],[-70.898,-27.187],[-70.926,-27.589],[-71.053,-27.727],[-71.154,-28.064],[-71.186,-28.378],[-71.307,-28.672],[-71.519,-28.926],[-71.486,-29.198],[-71.353,-29.35],[-71.316,-29.65],[-71.4,-30.143],[-71.669,-30.33],[-71.709,-30.628],[-71.654,-30.987],[-71.662,-31.17],[-71.577,-31.496],[-71.526,-31.806],[-71.513,-32.208],[-71.421,-32.387],[-71.452,-32.66],[-71.592,-32.97],[-71.743,-33.095],[-71.664,-33.653],[-71.831,-33.82],[-72.003,-34.165],[-71.992,-34.288],[-72.056,-34.616],[-72.224,-35.096],[-72.387,-35.24],[-72.624,-35.586],[-72.587,-35.76],[-72.778,-35.979],[-72.875,-36.39],[-73.007,-36.643],[-73.118,-36.688],[-73.216,-37.167],[-73.375,-37.224],[-73.602,-37.188],[-73.662,-37.341],[-73.603,-37.479],[-73.662,-37.699],[-73.465,-38.04],[-73.533,-38.367],[-73.481,-38.624],[-73.226,-39.224],[-73.25,-39.422],[-73.41,-39.789],[-73.671,-39.963],[-73.669,-40.082],[-73.92,-40.872],[-73.966,-41.118],[-73.811,-41.517],[-73.688,-41.639],[-73.735,-41.742],[-73.521,-41.797],[-73.242,-41.781],[-73.015,-41.544],[-72.805,-41.544],[-72.67,-41.659],[-72.824,-41.909],[-72.738,-41.995],[-72.499,-41.981],[-72.412,-42.388],[-72.631,-42.2],[-72.785,-42.301],[-72.632,-42.51],[-72.774,-42.505],[-72.845,-42.808],[-72.758,-43.039],[-72.878,-43.048],[-72.94,-43.211],[-73.076,-43.324],[-73.101,-43.455],[-72.997,-43.632],[-73.069,-43.862],[-73.224,-43.898],[-73.265,-44.169],[-72.828,-44.395],[-72.664,-44.436],[-72.739,-44.734],[-73.078,-44.92],[-73.362,-44.978],[-73.445,-45.238],[-73.226,-45.255],[-73.55,-45.484],[-73.731,-45.48],[-73.757,-45.703],[-73.695,-45.86],[-73.96,-45.835],[-73.825,-45.447],[-74.038,-45.418],[-74.123,-45.496],[-74.083,-45.645],[-74.158,-45.767],[-74.463,-45.841],[-74.763,-45.824],[-75.067,-45.875],[-75.075,-46.004],[-74.924,-46.16],[-75.657,-46.61],[-75.708,-46.775],[-75.497,-46.94],[-75.386,-46.863],[-75.478,-46.662],[-75.146,-46.6],[-75.006,-46.741],[-74.691,-46.864],[-74.512,-46.885],[-74.314,-46.788],[-74.152,-46.974],[-74.158,-47.183],[-74.403,-47.328],[-74.483,-47.43],[-74.134,-47.591],[-74.243,-47.679],[-74.534,-47.568],[-74.655,-47.702],[-74.376,-47.83],[-74.227,-47.969],[-73.941,-47.929],[-73.716,-47.655],[-73.528,-48.198],[-73.854,-48.042],[-74.25,-48.045],[-74.585,-47.999],[-74.577,-48.274],[-74.341,-48.596],[-74.382,-48.794],[-74.367,-49.4],[-74.221,-49.501],[-74.094,-49.43],[-73.892,-49.523],[-74.291,-49.604],[-74.324,-49.783],[-74.019,-50.023],[-74.334,-49.975],[-74.63,-50.194],[-74.186,-50.485],[-74.366,-50.488],[-74.644,-50.361],[-74.776,-50.47],[-74.686,-50.662],[-75.095,-50.681],[-75.055,-50.786],[-74.815,-51.063],[-74.332,-51.195],[-74.121,-51.195],[-73.896,-51.331],[-73.93,-51.618],[-74.07,-51.579],[-74.197,-51.681],[-73.973,-51.784],[-73.753,-51.796],[-73.518,-52.041],[-73.383,-52.07],[-72.928,-51.86],[-72.6,-51.799],[-72.523,-51.891],[-72.695,-51.985],[-72.843,-51.961],[-73.137,-52.13],[-73.532,-52.153],[-73.834,-52.234],[-74.296,-52.118],[-74.151,-52.383],[-74.037,-52.403],[-74.014,-52.639],[-73.915,-52.688],[-73.586,-52.686],[-73.382,-52.595],[-73.241,-52.707],[-73.645,-52.837],[-73.338,-53.055],[-73.122,-53.074],[-73.02,-52.892],[-72.802,-52.712],[-72.777,-52.577],[-72.645,-52.529],[-72.438,-52.626],[-72.226,-52.521],[-71.812,-52.537],[-71.797,-52.683],[-72.118,-52.65],[-72.453,-52.814],[-72.728,-52.762],[-72.889,-52.872],[-72.916,-53.122],[-73.053,-53.243],[-72.727,-53.42],[-72.549,-53.461],[-72.458,-53.254],[-72.129,-53.064],[-71.898,-53.002],[-71.388,-52.764],[-71.155,-52.846],[-71.4,-53.107],[-71.853,-53.286],[-71.942,-53.234],[-72.306,-53.254],[-72.413,-53.35],[-72.377,-53.471],[-72.174,-53.632],[-71.694,-53.803],[-71.298,-53.883],[-70.996,-53.779],[-70.948,-53.57],[-70.952,-53.227],[-70.821,-52.963],[-70.795,-52.769],[-69.561,-52.422],[-69.447,-52.269],[-69.241,-52.205],[-68.443,-52.357],[-68.394,-52.307],[-68.691,-52.013],[-68.917,-51.715],[-69.033,-51.636],[-69.03,-51.446],[-69.144,-51.097],[-69.235,-50.951],[-69.155,-50.864],[-69.045,-50.499],[-68.939,-50.382],[-68.422,-50.158],[-68.662,-49.936],[-68.569,-49.867],[-68.405,-50.043],[-68.146,-50.091],[-67.914,-49.984],[-67.783,-49.859],[-67.662,-49.342],[-67.685,-49.247],[-67.466,-48.952],[-67.033,-48.628],[-66.393,-48.342],[-65.81,-47.941],[-65.934,-47.827],[-65.775,-47.568],[-65.738,-47.345],[-65.854,-47.157],[-65.999,-47.094],[-66.65,-47.045],[-66.777,-47.006],[-67.387,-46.554],[-67.563,-46.345],[-67.609,-46.167],[-67.557,-45.97],[-67.258,-45.577],[-66.941,-45.257],[-66.585,-45.183],[-66.19,-44.965],[-65.639,-45.008],[-65.599,-44.876],[-65.698,-44.796],[-65.648,-44.661],[-65.361,-44.477],[-65.266,-44.28],[-65.308,-44.158],[-65.239,-44.049],[-65.305,-43.787],[-65.284,-43.63],[-64.986,-43.294],[-64.715,-43.136],[-64.432,-43.059],[-64.319,-42.969],[-64.629,-42.909],[-65.027,-42.759],[-64.971,-42.666],[-64.65,-42.531],[-64.488,-42.513],[-64.324,-42.572],[-64.131,-42.861],[-64.035,-42.881],[-63.692,-42.805],[-63.617,-42.696],[-63.596,-42.407],[-63.685,-42.189],[-63.796,-42.114],[-64.061,-42.266],[-64.101,-42.395],[-64.42,-42.434],[-64.524,-42.299],[-64.898,-42.162],[-65.059,-41.97],[-65.007,-41.745],[-65.018,-41.567],[-65.155,-41.106],[-65.133,-40.881],[-64.917,-40.731],[-64.853,-40.814],[-64.621,-40.854],[-64.123,-41.008],[-63.773,-41.15],[-63.213,-41.152],[-62.959,-41.11],[-62.395,-40.891],[-62.246,-40.675],[-62.394,-40.459],[-62.402,-40.197],[-62.287,-39.895],[-62.132,-39.825],[-62.054,-39.374],[-62.338,-39.151],[-62.304,-38.988],[-62.374,-38.853],[-62.189,-38.813],[-62.067,-38.919],[-61.603,-38.999],[-61.112,-38.993],[-59.828,-38.838],[-59.007,-38.673],[-58.179,-38.436],[-57.646,-38.17],[-57.547,-38.086],[-57.507,-37.909],[-57.396,-37.745],[-57.088,-37.446],[-56.727,-36.958],[-56.672,-36.851],[-56.698,-36.426],[-56.749,-36.346],[-56.937,-36.353],[-57.076,-36.297],[-57.265,-36.144],[-57.375,-35.9],[-57.354,-35.72],[-57.159,-35.506],[-57.171,-35.362],[-57.304,-35.188],[-57.764,-34.895],[-58.283,-34.683],[-58.466,-34.457],[-58.525,-34.296],[-58.392,-34.193],[-58.457,-33.898],[-58.547,-33.663],[-58.424,-33.112],[-58.25,-33.078],[-58.171,-32.959],[-58.22,-32.564],[-58.162,-32.567],[-58.082,-32.894],[-58.222,-33.129],[-58.353,-33.26],[-58.438,-33.719],[-58.4,-33.912],[-58.207,-34.109],[-57.961,-34.307],[-57.829,-34.477],[-57.543,-34.448],[-57.171,-34.452],[-56.855,-34.677],[-56.463,-34.775],[-56.388,-34.861],[-56.118,-34.908],[-55.673,-34.776],[-55.371,-34.808],[-55.238,-34.896],[-54.902,-34.933],[-54.169,-34.671],[-54.01,-34.517],[-53.785,-34.38],[-53.743,-34.25],[-53.535,-34.017],[-53.42,-33.779],[-52.921,-33.402],[-52.652,-33.138],[-52.508,-32.875],[-52.342,-32.44],[-52.127,-32.168],[-52.194,-31.886],[-52.12,-31.695],[-52.027,-31.599],[-51.972,-31.384],[-51.717,-31.244],[-51.464,-31.053],[-51.459,-30.913],[-51.376,-30.847],[-51.359,-30.675],[-51.157,-30.364],[-51.04,-30.261],[-50.932,-30.374],[-50.646,-30.237],[-50.547,-30.317],[-50.582,-30.439],[-50.716,-30.426],[-50.689,-30.704],[-50.77,-30.813],[-50.941,-30.904],[-50.98,-31.094],[-51.161,-31.119],[-51.174,-31.34],[-51.272,-31.477],[-51.446,-31.557],[-51.681,-31.775],[-51.893,-31.868],[-52.063,-31.83],[-52.039,-32.115],[-51.798,-31.9],[-51.46,-31.702],[-51.152,-31.48],[-50.921,-31.258],[-50.62,-30.898],[-50.3,-30.426],[-50.033,-29.801],[-49.746,-29.363],[-49.5,-29.075],[-49.271,-28.871],[-48.8,-28.575],[-48.797,-28.443],[-48.693,-28.31],[-48.621,-28.076],[-48.606,-27.825],[-48.643,-27.558],[-48.572,-27.373],[-48.554,-27.196],[-48.678,-26.703],[-48.652,-26.406],[-48.748,-26.269],[-48.619,-26.179],[-48.545,-25.816],[-48.401,-25.597],[-48.476,-25.443],[-48.402,-25.272],[-48.186,-25.31],[-47.929,-25.168],[-47.877,-24.997],[-47.592,-24.781],[-47.137,-24.493],[-46.867,-24.236],[-46.631,-24.11],[-45.972,-23.796],[-45.665,-23.765],[-45.464,-23.803],[-45.423,-23.685],[-45.215,-23.576],[-44.952,-23.381],[-44.667,-23.335],[-44.637,-23.055],[-44.368,-23.005],[-44.148,-23.011],[-43.866,-22.911],[-43.533,-23.046],[-43.224,-22.991],[-43.229,-22.748],[-43.086,-22.723],[-43.081,-22.903],[-42.958,-22.967],[-42.581,-22.941],[-42.042,-22.947],[-41.941,-22.788],[-41.98,-22.581],[-41.706,-22.31],[-41.583,-22.244],[-41.123,-22.084],[-40.988,-21.92],[-41.047,-21.506],[-40.955,-21.238],[-40.789,-20.906],[-40.597,-20.784],[-40.396,-20.569],[-40.299,-20.293],[-40.203,-20.206],[-40.142,-19.968],[-40.001,-19.742],[-39.845,-19.649],[-39.731,-19.454],[-39.7,-19.278],[-39.742,-18.846],[-39.74,-18.64],[-39.651,-18.252],[-39.487,-17.99],[-39.278,-17.849],[-39.154,-17.704],[-39.215,-17.316],[-39.125,-16.764],[-38.881,-15.864],[-38.996,-15.254],[-39.013,-14.936],[-39.06,-14.655],[-38.942,-14.031],[-39.035,-13.991],[-39.041,-13.758],[-38.989,-13.615],[-39.089,-13.588],[-39.031,-13.365],[-38.835,-13.147],[-38.764,-12.907],[-38.788,-12.783],[-38.691,-12.624],[-38.525,-12.762],[-38.499,-12.957],[-38.402,-12.966],[-38.24,-12.844],[-38.019,-12.591],[-37.689,-12.1],[-37.469,-11.654],[-37.412,-11.497],[-36.938,-10.82],[-36.768,-10.672],[-36.398,-10.484],[-36.224,-10.225],[-36.055,-10.076],[-35.764,-9.703],[-35.597,-9.541],[-35.341,-9.231],[-35.158,-8.931],[-34.967,-8.408],[-34.891,-8.092],[-34.835,-7.971],[-34.879,-7.747],[-34.805,-7.288],[-34.834,-7.024],[-34.93,-6.785],[-34.988,-6.394],[-35.095,-6.185],[-35.142,-5.917],[-35.235,-5.567],[-35.393,-5.251],[-35.549,-5.129],[-35.98,-5.054],[-36.162,-5.094],[-36.591,-5.098],[-36.861,-4.967],[-37.175,-4.912],[-37.301,-4.713],[-37.626,-4.592],[-37.796,-4.404],[-38.049,-4.216],[-38.476,-3.717],[-38.686,-3.654],[-39.014,-3.39],[-39.965,-2.862],[-40.475,-2.796],[-40.876,-2.87],[-41.195,-2.886],[-41.318,-2.936],[-41.64,-2.879],[-41.876,-2.747],[-42,-2.806],[-42.25,-2.792],[-42.594,-2.661],[-42.676,-2.59],[-42.937,-2.465],[-43.23,-2.386],[-43.38,-2.376],[-43.455,-2.502],[-43.729,-2.518],[-43.933,-2.583],[-44.193,-2.81],[-44.225,-2.755],[-44.113,-2.599],[-44.106,-2.493],[-44.229,-2.471],[-44.308,-2.535],[-44.438,-2.944],[-44.623,-3.138],[-44.721,-3.142],[-44.589,-2.573],[-44.52,-2.405],[-44.382,-2.366],[-44.435,-2.168],[-44.659,-2.228],[-44.538,-2.053],[-44.547,-1.946],[-44.651,-1.746],[-44.79,-1.725],[-45.076,-1.466],[-45.182,-1.507],[-45.282,-1.697],[-45.459,-1.356],[-45.645,-1.348],[-45.779,-1.251],[-45.972,-1.187],[-46.045,-1.103],[-46.219,-1.031],[-46.422,-1.03],[-46.617,-0.971],[-46.811,-0.78],[-47.127,-0.745],[-47.269,-0.645],[-47.398,-0.627],[-47.651,-0.719],[-47.808,-0.663],[-47.961,-0.77],[-48.115,-0.737],[-48.318,-0.961],[-48.306,-1.04],[-48.45,-1.146],[-48.478,-1.324],[-48.446,-1.52],[-48.71,-1.488],[-48.991,-1.83],[-49.211,-1.917],[-49.408,-2.344],[-49.458,-2.505],[-49.553,-2.52],[-49.314,-1.732],[-49.72,-1.926],[-49.999,-1.832],[-50.26,-1.923],[-50.403,-2.016],[-50.69,-1.762],[-50.679,-1.644],[-50.786,-1.49],[-50.845,-1.226],[-50.918,-1.115],[-50.838,-1.039],[-50.895,-0.938],[-51.297,-1.224],[-51.646,-1.394],[-51.948,-1.587],[-52.197,-1.64],[-52.31,-1.56],[-52.553,-1.514],[-52.229,-1.362],[-52.02,-1.399],[-51.934,-1.32],[-51.922,-1.181],[-51.721,-1.018],[-51.703,-0.762],[-51.555,-0.549],[-51.404,-0.393],[-51.283,-0.085],[-51.102,-0.031],[-50.967,0.13],[-50.816,0.173],[-50.582,0.421],[-50.463,0.637],[-50.294,0.836],[-49.899,1.163],[-49.882,1.42],[-49.957,1.66],[-50.188,1.786],[-50.459,1.83],[-50.659,2.131],[-50.79,2.478],[-50.827,2.652],[-50.994,3.078],[-51.052,3.282],[-51.076,3.672],[-51.22,4.094],[-51.462,4.314],[-51.666,4.229],[-51.786,4.571],[-51.92,4.524],[-52.058,4.717],[-52.291,4.942],[-52.454,5.021],[-52.765,5.273],[-52.899,5.425],[-53.27,5.543],[-53.454,5.563],[-53.847,5.782],[-53.92,5.769],[-54.356,5.91],[-54.834,5.988],[-55.148,5.993],[-55.379,5.953],[-55.648,5.986],[-55.828,5.962],[-55.94,5.795],[-56.466,5.938],[-56.97,5.993],[-57.057,5.939],[-57.136,5.737],[-57.19,6.097],[-57.344,6.272],[-57.54,6.332],[-57.608,6.45],[-57.983,6.786],[-58.298,6.879],[-58.415,6.851],[-58.569,6.627],[-58.583,6.844],[-58.481,7.038],[-58.477,7.326],[-58.627,7.546],[-58.812,7.736],[-59.2,8.075],[-59.666,8.363],[-59.837,8.374],[-59.981,8.533],[-60.167,8.617],[-60.34,8.629],[-60.481,8.547],[-60.801,8.592],[-61.036,8.493],[-61.194,8.488],[-61.304,8.41],[-61.619,8.597],[-61.247,8.6],[-61.122,8.843],[-61.053,9.095],[-60.971,9.215],[-60.841,9.264],[-60.792,9.361],[-61.013,9.556],[-61.309,9.633],[-61.512,9.848],[-61.766,9.814],[-62.12,9.985],[-62.19,9.842],[-62.32,9.783],[-62.515,10.176],[-62.662,10.199],[-62.706,10.333],[-62.843,10.418],[-62.843,10.507],[-62.694,10.563],[-62.38,10.547],[-62.242,10.7],[-62.702,10.75],[-62.947,10.707],[-63.19,10.709],[-63.497,10.643],[-63.873,10.664],[-63.834,10.449],[-64.188,10.458],[-64.85,10.098],[-65.129,10.07],[-65.489,10.159],[-65.656,10.228],[-65.852,10.258],[-66.09,10.473],[-66.106,10.575],[-66.247,10.632],[-66.989,10.611],[-67.133,10.57],[-67.581,10.524],[-67.872,10.472],[-68.14,10.493],[-68.234,10.569],[-68.325,10.809],[-68.325,10.949],[-68.399,11.161],[-68.828,11.432],[-69.233,11.518],[-69.632,11.48],[-69.712,11.564],[-69.811,11.837],[-69.831,11.996],[-70.004,12.178],[-70.203,12.098],[-70.287,11.886],[-70.193,11.625],[-69.817,11.672],[-69.773,11.541],[-69.885,11.444],[-70.049,11.53],[-70.233,11.373],[-70.546,11.261],[-70.821,11.208],[-71.264,11],[-71.47,10.964],[-71.461,10.836],[-71.545,10.779],[-71.518,10.622],[-71.387,10.264],[-71.262,10.144],[-71.082,9.833],[-71.053,9.706],[-71.086,9.348],[-71.298,9.126],[-71.537,9.048],[-71.687,9.073],[-71.781,9.25],[-71.761,9.336],[-71.976,9.553],[-72.113,9.816],[-71.956,10.108],[-71.665,10.444],[-71.594,10.657],[-71.731,10.995],[-71.947,11.414],[-71.957,11.57],[-71.869,11.627],[-71.488,11.719],[-71.349,11.815],[-71.137,12.046],[-71.155,12.164],[-71.262,12.335],[-71.494,12.432],[-71.715,12.42],[-71.919,12.309],[-71.97,12.238],[-72.136,12.189],[-72.165,12.06],[-72.275,11.889],[-72.447,11.802],[-72.722,11.712],[-73.313,11.296],[-73.796,11.276],[-74.059,11.341],[-74.2,11.266],[-74.219,11.105],[-74.35,10.814],[-74.516,10.863],[-74.454,10.989],[-74.845,11.11],[-75.281,10.727],[-75.446,10.611],[-75.554,10.328],[-75.671,10.196],[-75.596,10.126],[-75.593,9.993],[-75.68,9.73],[-75.604,9.538],[-75.639,9.45],[-75.905,9.431],[-76.135,9.266],[-76.277,8.989],[-76.689,8.695],[-76.888,8.62],[-76.772,8.311],[-76.742,8.002],[-76.852,8.09],[-77.13,8.401],[-77.262,8.494],[-77.344,8.637],[-77.697,8.889],[-77.831,9.068],[-78.083,9.236],[-78.504,9.406],[-78.932,9.428],[-79.017,9.51],[-79.577,9.598],[-79.855,9.378],[-79.978,9.344],[-80.127,9.21],[-80.547,9.082],[-80.839,8.887],[-81.063,8.813],[-81.355,8.781],[-81.546,8.827],[-81.712,9.019],[-81.78,8.957],[-82.078,8.935],[-82.244,9.031],[-82.235,9.142],[-82.34,9.209],[-82.371,9.429],[-82.61,9.616],[-82.778,9.67],[-83.029,9.991],[-83.125,10.042],[-83.448,10.466],[-83.642,10.917],[-83.714,10.934],[-83.832,11.131],[-83.868,11.3],[-83.745,11.567],[-83.652,11.642],[-83.769,11.932],[-83.68,12.024],[-83.651,12.287],[-83.754,12.502],[-83.511,12.412],[-83.541,12.596],[-83.514,12.944],[-83.567,13.32],[-83.494,13.739],[-83.412,13.996],[-83.347,14.057],[-83.188,14.34],[-83.299,14.749],[-83.158,14.993],[-83.291,15.079],[-83.369,15.24],[-83.551,15.294],[-83.76,15.22],[-83.927,15.394],[-83.973,15.52],[-84.261,15.823],[-84.646,15.884],[-84.974,15.99],[-85.164,15.918],[-85.484,15.9],[-85.784,16.003],[-86.181,15.885],[-86.357,15.783],[-86.757,15.794],[-86.907,15.762],[-87.286,15.834],[-87.487,15.79],[-87.618,15.91],[-87.875,15.879],[-88.131,15.701],[-88.536,15.85],[-88.603,15.764],[-88.894,15.891],[-88.879,16.017],[-88.695,16.248],[-88.562,16.29],[-88.313,16.633],[-88.262,16.963],[-88.294,17.192],[-88.267,17.393],[-88.203,17.517],[-88.272,17.61],[-88.097,18.122],[-88.13,18.351],[-88.349,18.359],[-88.074,18.834],[-88.011,18.727],[-88.056,18.524],[-87.853,18.269],[-87.762,18.446],[-87.734,18.655],[-87.653,18.799],[-87.594,19.046],[-87.501,19.288],[-87.659,19.352],[-87.483,19.444],[-87.425,19.583],[-87.645,19.554],[-87.688,19.637],[-87.586,19.779],[-87.432,19.898],[-87.467,20.102],[-87.421,20.231],[-87.221,20.507],[-87.06,20.631],[-86.865,20.885],[-86.772,21.151],[-86.824,21.422],[-87.035,21.592],[-87.216,21.582],[-87.251,21.447],[-87.48,21.472],[-87.689,21.536],[-88.132,21.616],[-88.251,21.567],[-88.467,21.569],[-88.879,21.414],[-89.82,21.275],[-90.183,21.121],[-90.353,21.009],[-90.458,20.714],[-90.484,20.556],[-90.482,20.026],[-90.507,19.912],[-90.693,19.73],[-90.739,19.352],[-90.955,19.152],[-91.343,18.901],[-91.368,18.806],[-91.275,18.624],[-91.534,18.457],[-91.803,18.471],[-91.914,18.529],[-91.88,18.638],[-91.974,18.716],[-92.441,18.675],[-92.71,18.612],[-92.885,18.469],[-93.127,18.423],[-93.552,18.43],[-94.189,18.195],[-94.546,18.175],[-94.798,18.515],[-95.015,18.571],[-95.182,18.701],[-95.561,18.719],[-95.627,18.691],[-95.821,18.755],[-95.985,19.054],[-96.29,19.344],[-96.456,19.87],[-96.709,20.188],[-97.121,20.615],[-97.195,20.8],[-97.501,21.398],[-97.638,21.604],[-97.754,22.027],[-97.782,22.279],[-97.858,22.625],[-97.745,22.942],[-97.766,23.306],[-97.717,23.981],[-97.668,24.39],[-97.507,25.015],[-97.424,25.233],[-97.225,25.585],[-97.164,25.755],[-97.14,26.03],[-97.214,26.068],[-97.402,26.397],[-97.555,26.967],[-97.476,27.118],[-97.524,27.314],[-97.38,27.419],[-97.289,27.671],[-97.431,27.837],[-97.171,27.88],[-97.073,27.986],[-97.156,28.144],[-96.807,28.22],[-96.676,28.341],[-96.562,28.367],[-96.449,28.594],[-96.275,28.655],[-96.02,28.587],[-95.853,28.64],[-95.273,28.964],[-95.139,29.168],[-94.888,29.371],[-94.993,29.531],[-95.023,29.702],[-94.89,29.677],[-94.778,29.548],[-94.75,29.418],[-94.1,29.67],[-93.89,29.689],[-93.695,29.77],[-93.176,29.779],[-92.671,29.597],[-92.261,29.557],[-92.084,29.593],[-92.135,29.699],[-91.893,29.836],[-91.824,29.751],[-91.672,29.746],[-91.514,29.555],[-91.331,29.514],[-91.155,29.351],[-91.29,29.289],[-90.751,29.131],[-90.586,29.272],[-90.379,29.295],[-90.213,29.105],[-90.101,29.182],[-90.052,29.431],[-89.877,29.458],[-89.792,29.333],[-89.62,29.302],[-89.443,29.194],[-89.354,29.07],[-89.156,29.017],[-89.016,29.203],[-89.246,29.333],[-89.514,29.42],[-89.721,29.619],[-89.531,29.772],[-89.354,29.82],[-89.358,29.921],[-89.494,30.058],[-89.59,29.915],[-89.744,29.93],[-89.815,30.007],[-89.737,30.172],[-89.994,30.059],[-90.175,30.029],[-90.413,30.14],[-90.225,30.379],[-90.045,30.351],[-89.954,30.269],[-89.588,30.166],[-89.444,30.223],[-89.321,30.345],[-89.224,30.332],[-88.905,30.415],[-88.692,30.355],[-88.135,30.367],[-88.032,30.681],[-87.949,30.627],[-87.924,30.45],[-87.79,30.292],[-87.622,30.265],[-87.281,30.339],[-87.171,30.539],[-86.986,30.431],[-86.68,30.403],[-86.448,30.496],[-86.257,30.493],[-86.175,30.333],[-85.756,30.167],[-85.354,29.876],[-85.319,29.68],[-84.801,29.773],[-84.55,29.898],[-84.383,29.907],[-84.31,30.065],[-84.044,30.104],[-83.694,29.926],[-83.29,29.452],[-82.769,29.052],[-82.651,28.888],[-82.661,28.486],[-82.749,28.237],[-82.844,27.846],[-82.743,27.709],[-82.661,27.718],[-82.521,27.878],[-82.401,27.835],[-82.636,27.525],[-82.62,27.401],[-82.441,27.06],[-82.29,26.871],[-82.181,26.84],[-82.078,26.704],[-82.04,26.552],[-81.867,26.435],[-81.811,26.146],[-81.715,25.983],[-81.568,25.892],[-81.365,25.831],[-81.098,25.319],[-81.11,25.138],[-80.862,25.176],[-80.737,25.156],[-80.485,25.23],[-80.367,25.331],[-80.301,25.619],[-80.126,25.833],[-80.111,26.132],[-80.041,26.569],[-80.05,26.808],[-80.126,27.083],[-80.226,27.207],[-80.65,28.181],[-80.524,28.486],[-80.9,29.05],[-81.105,29.457],[-81.25,29.794],[-81.386,30.27],[-81.52,30.875],[-81.453,31.088],[-81.288,31.264],[-81.295,31.371],[-81.175,31.531],[-81.198,31.704],[-80.923,31.945],[-80.849,32.114],[-80.474,32.423],[-80.23,32.577],[-80.022,32.62],[-79.615,32.909],[-79.587,33.001],[-79.276,33.135],[-79.138,33.406],[-78.92,33.659],[-78.578,33.873],[-78.406,33.918],[-78.013,33.912],[-77.751,34.285],[-77.134,34.708],[-76.733,34.707],[-76.517,34.777],[-76.362,34.937],[-76.457,34.989],[-76.745,34.941],[-76.513,35.27],[-76.741,35.431],[-76.532,35.508],[-76.49,35.397],[-76.174,35.354],[-75.774,35.647],[-75.772,35.9],[-75.979,35.896],[-76.07,35.97],[-76.726,35.958],[-76.679,36.075],[-76.479,36.028],[-76.384,36.134],[-76.15,36.146],[-76.148,36.279],[-75.883,36.176],[-75.867,36.268],[-75.993,36.474],[-75.89,36.657],[-75.999,36.913],[-76.401,36.991],[-76.283,37.053],[-76.401,37.213],[-76.401,37.386],[-76.263,37.357],[-76.306,37.571],[-76.264,37.894],[-76.55,38.094],[-76.906,38.197],[-76.89,38.292],[-76.333,38.141],[-76.501,38.532],[-76.52,38.898],[-76.42,39.074],[-76.406,39.304],[-76.276,39.323],[-76.168,38.853],[-76.3,38.818],[-76.057,38.621],[-76.264,38.6],[-76.295,38.495],[-76.212,38.361],[-75.795,38.087],[-75.851,37.972],[-75.659,37.954],[-75.719,37.821],[-75.888,37.619],[-75.997,37.264],[-75.812,37.425],[-75.587,37.559],[-75.596,37.631],[-75.354,38.065],[-75.036,38.503],[-75.128,38.632],[-75.089,38.778],[-75.185,38.819],[-75.392,39.093],[-75.413,39.281],[-75.353,39.34],[-75.136,39.208],[-74.897,39.145],[-74.794,39.002],[-74.603,39.293],[-74.429,39.387],[-74.39,39.487],[-74.176,39.727],[-74.118,39.938],[-74.028,40.073],[-73.958,40.328],[-74.05,40.43],[-74.242,40.456],[-74.227,40.608],[-73.949,40.839],[-73.851,40.831],[-73.583,41.022],[-73.182,41.176],[-72.847,41.266],[-72.265,41.292],[-71.523,41.379],[-71.444,41.454],[-71.427,41.633],[-71.331,41.762],[-71.204,41.641],[-71.188,41.516],[-70.974,41.549],[-70.701,41.715],[-70.657,41.534],[-70.405,41.627],[-69.949,41.677],[-70.001,41.826],[-70.295,41.729],[-70.515,41.803],[-70.549,41.939],[-70.738,42.229],[-71.046,42.331],[-70.736,42.669],[-70.829,42.825],[-70.733,43.07],[-70.642,43.134],[-70.521,43.349],[-70.203,43.626],[-70.179,43.766],[-69.965,43.855],[-69.792,43.805],[-69.226,43.986],[-69.068,44.098],[-68.961,44.434],[-68.612,44.311],[-68.277,44.507],[-67.907,44.454],[-67.839,44.576],[-67.653,44.562],[-67.364,44.697],[-67.191,44.676],[-66.987,44.828],[-67.107,44.885],[-67.13,45.139],[-66.919,45.146],[-66.872,45.067],[-66.511,45.143],[-66.44,45.096],[-66.107,45.257],[-65.884,45.223],[-65.545,45.337],[-65.282,45.473],[-64.898,45.626],[-64.779,45.638],[-64.536,45.867],[-64.482,45.806],[-64.56,45.625],[-64.827,45.476],[-64.747,45.324],[-64.6,45.41],[-64.087,45.411],[-63.748,45.311],[-64.093,45.217],[-64.235,45.114],[-64.449,45.256],[-64.903,45.121],[-65.657,44.76],[-65.682,44.651],[-65.868,44.569],[-66.1,44.367],[-66.193,44.144],[-66.126,43.814],[-65.887,43.795],[-65.738,43.561],[-65.482,43.518],[-65.344,43.55],[-65.33,43.668],[-65.087,43.727],[-64.862,43.868],[-64.378,44.304],[-64.286,44.55],[-64,44.645],[-63.761,44.486],[-63.61,44.48],[-63.544,44.655],[-63.306,44.643],[-62.514,44.844],[-61.284,45.235],[-61.101,45.233],[-61.107,45.349],[-61.282,45.441],[-61.492,45.687],[-61.657,45.642],[-61.877,45.714],[-61.956,45.868],[-62.483,45.622],[-62.701,45.741],[-63.108,45.782],[-63.293,45.752],[-63.509,45.875],[-63.703,45.858],[-64.056,46.021],[-63.916,46.166],[-64.212,46.22],[-64.542,46.24],[-64.648,46.356],[-64.726,46.671],[-64.817,46.699],[-64.906,46.888],[-64.831,47.061],[-65.319,47.101],[-64.912,47.369],[-64.852,47.57],[-64.703,47.725],[-64.874,47.797],[-65.228,47.811],[-65.483,47.687],[-65.666,47.696],[-65.849,47.911],[-66.21,47.989],[-65.927,48.189],[-65.476,48.031],[-65.259,48.021],[-64.765,48.228],[-64.633,48.36],[-64.349,48.423],[-64.254,48.55],[-64.209,48.806],[-64.262,48.922],[-64.568,49.105],[-64.836,49.192],[-65.523,49.266],[-66.178,49.213],[-66.598,49.126],[-67.117,48.964],[-67.561,48.856],[-68.238,48.626],[-68.552,48.457],[-68.987,48.275],[-69.306,48.047],[-69.471,47.967],[-69.581,47.824],[-70.519,47.033],[-71.261,46.756],[-71.671,46.654],[-71.901,46.632],[-72.187,46.512],[-72.24,46.442],[-72.496,46.353],[-72.733,46.182],[-73.16,46.01],[-73.465,45.632],[-73.558,45.425],[-73.974,45.345],[-74.038,45.502],[-73.712,45.711],[-73.477,45.738],[-72.981,46.21],[-72.68,46.287],[-72.257,46.485],[-72.205,46.559],[-71.88,46.687],[-71.757,46.674],[-71.268,46.796],[-71.116,46.925],[-70.706,47.14],[-70.448,47.423],[-70.3,47.503],[-69.906,47.832],[-69.775,48.098],[-69.375,48.386],[-69.231,48.574],[-68.929,48.829],[-68.282,49.197],[-68.056,49.257],[-67.372,49.348],[-67.262,49.451],[-67.234,49.602],[-66.941,49.994],[-66.496,50.212],[-66.126,50.201],[-65.955,50.294],[-65.762,50.259],[-65.269,50.32],[-64.868,50.275],[-64.509,50.309],[-64.17,50.269],[-63.734,50.305],[-63.587,50.258],[-63.239,50.243],[-63.136,50.294],[-62.715,50.302],[-61.92,50.233],[-61.725,50.104],[-61.29,50.202],[-60.956,50.205],[-60.08,50.255],[-59.886,50.316],[-59.815,50.418],[-59.612,50.492],[-59.378,50.675],[-59.165,50.78],[-58.638,51.172],[-58.51,51.295],[-58.023,51.322],[-57.77,51.426],[-57.299,51.478],[-56.976,51.458],[-56.017,51.929],[-55.695,52.138],[-55.834,52.31],[-55.706,52.428],[-55.84,52.508],[-55.83,52.878],[-55.892,53],[-55.798,53.212],[-55.859,53.344],[-56.11,53.588],[-56.354,53.624],[-56.465,53.765],[-56.841,53.739],[-57.332,53.469],[-57.489,53.633],[-57.157,53.757],[-57.149,53.848],[-57.416,54.163],[-58.192,54.228],[-58.327,54.052],[-58.92,53.875],[-59.322,53.644],[-59.829,53.505],[-60.148,53.307],[-60.29,53.391],[-60.1,53.487],[-60.145,53.596],[-60.014,53.762],[-59.823,53.834],[-59.497,53.834],[-58.841,54.044],[-58.633,54.05],[-58.435,54.228],[-58.151,54.35],[-57.699,54.387],[-57.404,54.57],[-57.929,54.773],[-57.962,54.876],[-58.195,54.866],[-58.398,54.774],[-58.78,54.838],[-58.997,55.149],[-59.93,55.259],[-60.45,55.2],[-60.361,55.366],[-60.192,55.481],[-60.408,55.65],[-60.341,55.785],[-60.593,55.815],[-60.832,55.958],[-61.089,55.866],[-61.301,56.047],[-61.515,56.39],[-61.94,56.424],[-61.855,56.584],[-61.372,56.681],[-61.334,57.011],[-61.629,57.183],[-61.977,57.248],[-61.851,57.381],[-62.339,57.485],[-61.968,57.612],[-61.995,57.769],[-61.899,57.861],[-62.117,57.964],[-62.306,57.972],[-62.486,58.154],[-62.981,58.093],[-62.674,58.319],[-62.594,58.474],[-63.102,58.546],[-62.874,58.672],[-63.05,58.878],[-63.185,58.858],[-63.54,59.333],[-63.945,59.38],[-63.75,59.513],[-63.929,59.645],[-64.283,60.064],[-64.499,60.268],[-64.706,60.336],[-64.931,60.252],[-65.172,59.908],[-65.433,59.777],[-65.489,59.448],[-65.606,59.111],[-66.043,58.821],[-65.928,58.611],[-66.362,58.791],[-66.608,58.549],[-67.019,58.433],[-67.57,58.213],[-67.856,58.273],[-67.981,58.461],[-68.326,58.595],[-68.414,58.783],[-68.698,58.905],[-69.173,58.897],[-69.651,58.728],[-69.879,58.697],[-70.16,58.789],[-69.868,58.856],[-69.532,58.869],[-69.414,59.087],[-69.4,59.338],[-69.682,59.342],[-69.692,59.488],[-69.579,59.675],[-69.63,59.822],[-69.963,60.018],[-69.674,60.076],[-69.633,60.22],[-69.756,60.389],[-69.64,60.69],[-69.433,60.814],[-69.472,61.011],[-69.909,60.86],[-70.095,60.88],[-70.279,61.069],[-70.723,61.055],[-71.423,61.159],[-71.743,61.337],[-71.841,61.466],[-71.638,61.617],[-72.081,61.728],[-72.506,61.923],[-72.671,62.114],[-72.882,62.125],[-73.63,62.454],[-73.764,62.469],[-74.69,62.183],[-75.341,62.312],[-75.676,62.25],[-75.817,62.316],[-76.879,62.525],[-77.372,62.573],[-77.604,62.531],[-78.068,62.355],[-78.137,62.107],[-77.948,61.762],[-77.514,61.556],[-77.736,61.437],[-77.727,61.231],[-77.83,61.084],[-78.16,60.852],[-77.872,60.786],[-77.791,60.64],[-77.516,60.563],[-77.681,60.427],[-77.453,60.146],[-77.312,60.042],[-77.332,59.797],[-77.485,59.685],[-77.726,59.676],[-77.859,59.476],[-77.761,59.38],[-77.988,59.246],[-78.431,58.902],[-78.515,58.682],[-78.014,58.399],[-77.684,58.291],[-77.157,58.019],[-76.891,57.758],[-76.655,57.381],[-76.573,57.181],[-76.52,56.707],[-76.546,56.359],[-76.65,56.107],[-77.325,55.556],[-77.891,55.236],[-78.304,55.069],[-78.909,54.881],[-79.666,54.697],[-79.242,54.099],[-78.996,54.002],[-79.003,53.837],[-79.113,53.717],[-78.992,53.41],[-78.898,53.043],[-78.722,52.856],[-78.724,52.628],[-78.557,52.492],[-78.492,52.252],[-78.828,51.963],[-78.978,51.734],[-78.731,51.497],[-78.898,51.272],[-79.091,51.502],[-79.339,51.628],[-79.498,51.57],[-79.836,51.173],[-80.104,51.283],[-80.368,51.33],[-80.658,51.758],[-80.969,51.972],[-81.285,52.089],[-81.661,52.294],[-81.599,52.433],[-82.02,52.812],[-82.26,52.961],[-82.292,53.066],[-82.159,53.264],[-82.191,53.611],[-82.141,53.818],[-82.24,54.045],[-82.394,54.18],[-82.418,54.356],[-82.219,54.813],[-82.308,54.998],[-82.577,55.149],[-82.868,55.161],[-82.986,55.231],[-83.214,55.215],[-83.911,55.315],[-84.706,55.259],[-85.061,55.286],[-85.407,55.431],[-85.677,55.601],[-86.919,55.915],[-87.561,56.056],[-87.878,56.342],[-88.075,56.467],[-88.447,56.609],[-88.948,56.851],[-89.791,56.981],[-90.592,57.224],[-91.111,57.241],[-92.249,57.009],[-92.614,57.039],[-92.44,57.275],[-92.49,57.469],[-92.702,57.778],[-92.842,58.076],[-93.1,58.49],[-93.155,58.695],[-93.278,58.756],[-93.78,58.773],[-94.287,58.716],[-94.713,58.903],[-94.87,59.088],[-94.788,59.268],[-94.786,59.953],[-94.647,60.416],[-94.068,61.139],[-94.061,61.318],[-93.71,61.603],[-93.421,61.706],[-93.372,61.929],[-93.016,62.093],[-92.866,62.306],[-92.551,62.547],[-92.207,62.585],[-92.361,62.819],[-92.034,62.863],[-91.449,62.804],[-91.115,62.922],[-90.871,62.946],[-90.691,63.111],[-90.747,63.352],[-91.33,63.507],[-91.842,63.698],[-92.157,63.692],[-93.379,63.948],[-92.97,63.938],[-92.195,63.776],[-91.539,63.726],[-90.946,63.588],[-90.596,63.661],[-90.245,63.642],[-90.013,63.804],[-90.142,63.982],[-89.861,63.979],[-89.404,64.04],[-88.653,64.009],[-88.106,64.183],[-87.885,64.4],[-87.281,64.826],[-87.029,65.064],[-87.028,65.198],[-87.392,65.261],[-88.198,65.28],[-88.974,65.348],[-89.242,65.446],[-90.117,65.882],[-89.749,65.936],[-88.672,65.612],[-87.97,65.349],[-87.291,65.355],[-86.043,66.023],[-86.001,66.187],[-86.585,66.322],[-86.747,66.417],[-86.633,66.531],[-85.442,66.537],[-85.096,66.325],[-84.478,66.179],[-84.293,66.292],[-83.905,66.212],[-83.826,66.29],[-84.223,66.682],[-84.738,66.934],[-84.538,66.973],[-84.324,66.782],[-83.92,66.679],[-83.523,66.369],[-83.298,66.392],[-82.949,66.551],[-82.642,66.588],[-82.198,66.765],[-81.874,66.988],[-81.468,67.07],[-81.27,67.46],[-81.412,67.595],[-81.976,67.862],[-82.553,68.446],[-82.21,68.506],[-82.006,68.463],[-81.527,68.556],[-81.282,68.657],[-81.381,68.85],[-81.952,68.909],[-81.329,69.12],[-81.412,69.198],[-81.952,69.276],[-82.31,69.41],[-82.642,69.458],[-82.374,69.642],[-82.618,69.691],[-83.665,69.7],[-84.242,69.835],[-85.02,69.805],[-85.507,69.845],[-85.387,69.232],[-84.862,69.074],[-84.916,68.962],[-85.275,68.741],[-85.518,68.77],[-85.734,68.63],[-85.731,68.445],[-85.953,68.072],[-86.37,67.825],[-86.536,67.516],[-87.266,67.184],[-88.196,67.766],[-88.314,67.95],[-88.347,68.288],[-87.853,68.267],[-87.81,68.404],[-88.041,68.812],[-88.638,69.059],[-89.057,69.266],[-89.352,69.227],[-89.667,69.015],[-89.879,68.522],[-90.248,68.267],[-90.574,68.475],[-90.468,68.864],[-90.745,69.106],[-91.237,69.286],[-90.822,69.29],[-90.555,69.504],[-91.288,69.543],[-91.384,69.649],[-91.912,69.531],[-92.312,69.673],[-92.751,69.714],[-91.977,70.039],[-92.512,70.104],[-92.29,70.24],[-91.995,70.143],[-91.564,70.178],[-92.049,70.39],[-92.388,70.65],[-92.981,70.852],[-92.883,71.069],[-92.949,71.262],[-93.256,71.461],[-93.763,71.638],[-93.81,71.766],[-94.308,71.765],[-94.557,71.979],[-95.201,71.904],[-95.838,71.598],[-95.406,71.492],[-95.564,71.337],[-96.14,71.396],[-96.406,71.274],[-96.549,70.809],[-96.226,70.542],[-96.546,70.327],[-96.492,70.125],[-96.119,69.872],[-95.292,69.667],[-94.823,69.578],[-94.634,69.65],[-94.271,69.455],[-93.613,69.403],[-94.255,69.314],[-94.084,69.123],[-94.563,68.912],[-94.478,68.743],[-93.681,68.887],[-93.652,68.543],[-93.928,68.474],[-94.744,68.071],[-95.126,68.083],[-95.461,68.021],[-95.65,67.737],[-95.463,67.61],[-95.259,67.263],[-95.783,67.194],[-96.013,67.271],[-96.371,67.554],[-96.199,67.718],[-96.036,68.158],[-96.439,68.151],[-96.48,68.243],[-96.977,68.255],[-97.266,68.453],[-97.939,68.51],[-97.794,68.388],[-98.219,68.317],[-98.633,68.331],[-98.381,68.132],[-98.438,68.065],[-98.11,67.903],[-97.739,67.978],[-97.207,67.855],[-97.155,67.726],[-97.455,67.617],[-98.417,67.826],[-99.147,67.724],[-99.773,67.815],[-100.456,67.839],[-101.555,67.693],[-102.21,67.733],[-102.692,67.812],[-103.474,68.115],[-104.194,68.031],[-104.487,68.063],[-104.636,68.214],[-105.195,68.33],[-105.429,68.458],[-105.54,68.719],[-105.798,68.865],[-106.164,68.92],[-107.436,68.689],[-108.313,68.611],[-108.687,68.277],[-108.261,68.15],[-107.734,68.174],[-107.619,68.331],[-107.146,68.304],[-106.946,68.374],[-106.608,68.357],[-106.458,68.516],[-105.932,68.637],[-105.781,68.527],[-106.404,68.319],[-106.836,68.129],[-107.761,68.032],[-107.763,67.907],[-107.972,67.732],[-107.65,67.511],[-107.644,67.385],[-107.156,66.882],[-107.626,67.003],[-107.746,66.961],[-107.761,66.684],[-108.455,67.063],[-108.088,67.07],[-107.989,67.256],[-108.347,67.403],[-108.593,67.591],[-108.95,67.494],[-109.081,67.711],[-109.63,67.733],[-110.042,67.977],[-110.372,67.954],[-110.99,67.791],[-111.192,67.823],[-111.576,67.757],[-112.237,67.731],[-112.435,67.685],[-113.893,67.707],[-114.663,67.795],[-115.133,67.819],[-115.427,67.924],[-115.167,68.019],[-115.127,68.132],[-114.765,68.27],[-114.096,68.267],[-113.964,68.399],[-114.414,68.66],[-114.994,68.85],[-115.631,68.973],[-116.252,68.958],[-116.065,68.855],[-117.132,68.907],[-118.095,69.043],[-118.869,69.257],[-119.853,69.342],[-120.293,69.421],[-120.682,69.567]]},"properties":{"scalerank":0,"featureclass":"Coastline"}},
{"type":"Feature","geometry":{"type":"LineString","coordinates":[[-81.136,53.206],[-81.335,53.224],[-81.847,53.186],[-82.039,53.05],[-81.839,52.958],[-81.01,52.761],[-80.802,52.734],[-80.765,52.923],[-81.136,53.206]]},"properties":{"scalerank":0,"featureclass":"Coastline"}},
{"type":"Feature","geometry":{"type":"LineString","coordinates":[[-73.584,68.015],[-74.379,68.093],[-74.707,68.067],[-74.573,67.829],[-74.374,67.79],[-73.407,67.793],[-73.435,67.97],[-73.584,68.015]]},"properties":{"scalerank":0,"featureclass":"Coastline"}},
{"type":"Feature","geometry":{"type":"LineString","coordinates":[[-77.792,63.428],[-78.235,63.49],[-78.469,63.358],[-77.942,63.114],[-77.594,63.188],[-77.538,63.287],[-77.792,63.428]]},"properties":{"scalerank":0,"featureclass":"Coastline"}},
{"type":"Feature","geometry":{"type":"LineString","coordinates":[[-82.706,62.945],[-82.966,62.874],[-83.376,62.905],[-83.739,62.569],[-83.899,62.476],[-83.699,62.16],[-83.377,62.238],[-83.016,62.21],[-82.568,62.403],[-82.114,62.652],[-81.961,62.926],[-82.235,62.977],[-82.706,62.945]]},"properties":{"scalerank":0,"featureclass":"Coastline"}},
{"type":"Feature","geometry":{"type":"LineString","coordinates":[[-79.466,62.385],[-79.868,62.404],[-80.235,62.153],[-80.276,61.859],[-79.816,61.595],[-79.714,61.613],[-79.324,62.026],[-79.286,62.248],[-79.466,62.385]]},"properties":{"scalerank":0,"featureclass":"Coastline"}},
{"type":"Feature","geometry":{"type":"LineString","coordinates":[[-104.77,77.413],[-105.588,77.736],[-106.066,77.725],[-105.556,77.353],[-105.215,77.182],[-104.493,77.162],[-104.77,77.413]]},"properties":{"scalerank":0,"featureclass":"Coastline"}},
{"type":"Feature","geometry":{"type":"LineString","coordinates":[[-93.129,77.66],[-93.583,77.771],[-95.233,77.754],[-96.143,77.714],[-96.264,77.595],[-95.987,77.484],[-93.52,77.474],[-93.129,77.66]]},"properties":{"scalerank":0,"featureclass":"Coastline"}},
{"type":"Feature","geometry":{"type":"LineString","coordinates":[[-99.516,79.887],[-98.769,79.851],[-98.895,80.082],[-99.731,80.144],[-100.053,80.093],[-100.092,79.919],[-99.516,79.887]]},"properties":{"scalerank":0,"featureclass":"Coastline"}},
{"type":"Feature","geometry":{"type":"LineString","coordinates":[[-90.172,77.595],[-90.843,77.655],[-91.149,77.608],[-91.147,77.387],[-90.228,77.212],[-89.712,77.31],[-89.719,77.442],[-90.172,77.595]]},"properties":{"scalerank":0,"featureclass":"Coastline"}},
{"type":"Feature","geometry":{"type":"LineString","coordinates":[[-93.498,75.137],[-93.751,75.349],[-94.427,75.593],[-95.05,75.622],[-95.671,75.529],[-96.125,75.358],[-96.18,75.24],[-96.566,75.099],[-96.27,74.92],[-95.865,74.83],[-95.286,74.794],[-94.697,74.642],[-93.985,74.644],[-93.547,74.691],[-93.498,75.137]]},"properties":{"scalerank":0,"featureclass":"Coastline"}},
{"type":"Feature","geometry":{"type":"LineString","coordinates":[[-110.004,78.687],[-110.408,78.757],[-111.071,78.708],[-111.709,78.575],[-112.641,78.5],[-113.15,78.408],[-113.173,78.284],[-112.131,78.366],[-111.435,78.287],[-110.004,78.322]]},"properties":{"scalerank":0,"featureclass":"Coastline"}},
{"type":"Feature","geometry":{"type":"LineString","coordinates":[[-110.004,78.322],[-109.391,78.337],[-109.504,78.582],[-110.004,78.687]]},"properties":{"scalerank":0,"featureclass":"Coastline"}},
{"type":"Feature","geometry":{"type":"LineString","coordinates":[[-117.626,75.966],[-118.137,75.994],[-118.626,75.906],[-119.395,75.617],[-118.614,75.515],[-118.227,75.611],[-117.626,75.966]]},"properties":{"scalerank":0,"featureclass":"Coastline"}},
{"type":"Feature","geometry":{"type":"LineString","coordinates":[[-104.835,73.647],[-105.114,73.744],[-105.512,73.766],[-106.614,73.696],[-106.922,73.48],[-106.18,73.304],[-106.071,73.196],[-105.339,72.915],[-105.003,73.038],[-104.583,73.354],[-104.555,73.541],[-104.835,73.647]]},"properties":{"scalerank":0,"featureclass":"Coastline"}},
{"type":"Feature","geometry":{"type":"LineString","coordinates":[[-96.869,72.687],[-97.378,72.865],[-97.725,73.037],[-98.437,73],[-97.796,73.285],[-97.273,73.387],[-97.395,73.564],[-97.002,73.667],[-97.225,73.844],[-97.582,73.888],[-99.158,73.732],[-100.002,73.946],[-100.915,73.805],[-100.976,73.6],[-101.323,73.572],[-101.451,73.431],[-100.889,73.275],[-100.439,73.255],[-100.283,73.12],[-100.485,72.773],[-101.088,72.713],[-101.351,72.746],[-101.922,73.057],[-102.504,73.006],[-102.714,72.783],[-102.402,72.595],[-101.974,72.486],[-101.724,72.315],[-101.209,72.317],[-100.984,72.21],[-100.594,72.152],[-99.735,71.757],[-99.167,71.367],[-98.663,71.302],[-98.199,71.441],[-98.181,71.662],[-97.582,71.63],[-97.222,71.673],[-96.946,71.792],[-96.613,71.834],[-96.766,72.046],[-96.593,72.204],[-96.796,72.314],[-96.44,72.487],[-96.542,72.699],[-96.869,72.687]]},"properties":{"scalerank":0,"featureclass":"Coastline"}},
{"type":"Feature","geometry":{"type":"LineString","coordinates":[[-80.668,63.901],[-80.829,64.09],[-81.005,64.033],[-81.336,64.076],[-81.716,64.022],[-81.676,64.213],[-81.787,64.426],[-82.05,64.644],[-82.668,64.78],[-83.222,64.968],[-83.407,65.104],[-84.085,65.218],[-84.266,65.367],[-84.612,65.447],[-84.842,65.256],[-85.24,65.51],[-85.105,65.623],[-85.241,65.796],[-85.555,65.919],[-85.962,65.704],[-86.114,65.417],[-86.188,65.01],[-86.374,64.566],[-86.252,64.137],[-86.886,63.924],[-87.189,63.672],[-86.847,63.575],[-86.576,63.662],[-85.805,63.707],[-85.714,63.658],[-85.496,63.139],[-84.962,63.197],[-84.633,63.309],[-84.308,63.586],[-84.022,63.66],[-83.728,63.813],[-83.494,64.099],[-83.065,64.159],[-83.034,64.023],[-82.467,63.927],[-82.378,63.707],[-81.963,63.664],[-81.046,63.462],[-80.302,63.762],[-80.668,63.901]]},"properties":{"scalerank":0,"featureclass":"Coastline"}},
{"type":"Feature","geometry":{"type":"LineString","coordinates":[[-75.676,68.323],[-76.364,68.319],[-76.74,68.231],[-77.229,67.85],[-77.306,67.706],[-77.157,67.408],[-77.005,67.267],[-76.694,67.236],[-75.78,67.284],[-75.4,67.367],[-75.127,67.537],[-75.154,68.234],[-75.676,68.323]]},"properties":{"scalerank":0,"featureclass":"Coastline"}},
{"type":"Feature","geometry":{"type":"LineString","coordinates":[[-80.736,73.483],[-80.618,73.271],[-80.183,73.225],[-79.937,72.864],[-79.501,72.756],[-79.134,72.772],[-78.314,72.882],[-77.836,72.897],[-76.401,72.821],[-76.09,72.881],[-76.29,73.081],[-77.207,73.5],[-78.287,73.666],[-79.367,73.641],[-80.763,73.758],[-80.858,73.591],[-80.736,73.483]]},"properties":{"scalerank":0,"featureclass":"Coastline"}},
{"type":"Feature","geometry":{"type":"LineString","coordinates":[[-97.863,75.738],[-97.602,75.851],[-97.531,76.182],[-97.726,76.496],[-98.711,76.694],[-99.024,76.615],[-100.388,76.614],[-100.83,76.524],[-99.978,76.029],[-101.056,76.246],[-101.34,76.41],[-101.858,76.439],[-102.138,76.285],[-101.529,76.217],[-101.872,76.083],[-101.431,75.992],[-101.6,75.833],[-102.145,75.875],[-102.252,75.778],[-102.798,75.6],[-102.541,75.514],[-101.461,75.608],[-101.207,75.59],[-99.915,75.681],[-99.591,75.655],[-100.28,75.461],[-100.712,75.406],[-100.234,75.008],[-99.627,74.984],[-99.421,75.044],[-98.569,75.009],[-97.799,75.117],[-97.878,75.416],[-97.41,75.552],[-97.408,75.673],[-97.863,75.738]]},"properties":{"scalerank":0,"featureclass":"Coastline"}},
{"type":"Feature","geometry":{"type":"LineString","coordinates":[[-104.901,79.051],[-103.876,78.903],[-103.518,78.769],[-103.483,78.594],[-103.764,78.52],[-104.727,78.579],[-104.996,78.519],[-104.764,78.352],[-104.324,78.269],[-102.731,78.371],[-102.607,78.249],[-102.057,78.28],[-101.074,78.194],[-100.586,77.892],[-99.956,77.794],[-99.166,77.857],[-99.132,78.118],[-99.751,78.303],[-99.848,78.438],[-99.609,78.583],[-100.435,78.82],[-101.873,79.088],[-102.652,79.095],[-102.914,79.231],[-103.706,79.352],[-105.388,79.324],[-105.536,79.033],[-104.901,79.051]]},"properties":{"scalerank":0,"featureclass":"Coastline"}},
{"type":"Feature","geometry":{"type":"LineString","coordinates":[[-91.755,81.049],[-92.413,81.278],[-93.333,81.364],[-94.06,81.349],[-94.194,81.241],[-93.236,81.129],[-95.27,81.001],[-95.515,80.838],[-94.788,80.751],[-96.133,80.691],[-96.152,80.553],[-95.614,80.396],[-96.368,80.293],[-95.405,80.135],[-94.59,80.202],[-94.646,80.049],[-95.782,80.066],[-96.773,80.136],[-96.463,79.848],[-95.858,79.674],[-95.297,79.653],[-95.733,79.418],[-95.103,79.29],[-94.405,79.391],[-93.933,79.291],[-92.822,79.45],[-92.547,79.283],[-92.684,79.186],[-93.294,79.14],[-94.163,78.994],[-93.267,78.608],[-92.726,78.487],[-92.678,78.389],[-91.899,78.237],[-90.614,78.15],[-90.327,78.185],[-88.791,78.192],[-88.606,78.392],[-87.983,78.537],[-87.016,78.899],[-86.092,79.1],[-85.29,79.208],[-85.064,79.328],[-85.501,79.53],[-87.144,79.663],[-86.977,79.894],[-87.625,80.187],[-87.675,80.372],[-88.644,80.387],[-89.167,80.48],[-89.862,80.498],[-90.643,80.594],[-90.683,80.688],[-91.755,81.049]]},"properties":{"scalerank":0,"featureclass":"Coastline"}},
{"type":"Feature","geometry":{"type":"LineString","coordinates":[[-87.593,74.47],[-86.666,74.489],[-86.11,74.54],[-84.426,74.508],[-83.532,74.586],[-83.341,74.765],[-82.931,74.566],[-81.809,74.477],[-81.226,74.567],[-80.278,74.582],[-80.213,74.749],[-79.508,74.88],[-79.525,74.99],[-80.358,75.052],[-79.634,75.199],[-79.508,75.295],[-79.66,75.45],[-80.1,75.467],[-80.322,75.629],[-81.001,75.643],[-81.151,75.736],[-82.154,75.831],[-83.237,75.751],[-83.932,75.819],[-84.605,75.653],[-84.987,75.645],[-86.069,75.502],[-86.236,75.406],[-86.814,75.491],[-87.257,75.618],[-88.201,75.512],[-88.569,75.645],[-89.28,75.564],[-89.205,75.762],[-90.251,76.053],[-90.312,76.158],[-89.407,76.189],[-89.285,76.302],[-90.855,76.437],[-90.738,76.581],[-91.305,76.681],[-92.716,76.603],[-93.811,76.914],[-94.295,76.912],[-95.638,77.064],[-96.758,76.972],[-96.433,76.811],[-96.64,76.703],[-95.789,76.537],[-95.274,76.264],[-94.737,76.293],[-93.665,76.273],[-93.092,76.354],[-92.185,75.847],[-92.069,75.658],[-92.427,75.346],[-92.076,75.124],[-92.174,75.051],[-91.962,74.793],[-91.508,74.651],[-90.784,74.696],[-90.553,74.613],[-89.844,74.549],[-88.778,74.715],[-88.423,74.494],[-87.593,74.47]]},"properties":{"scalerank":0,"featureclass":"Coastline"}},
{"type":"Feature","geometry":{"type":"LineString","coordinates":[[-96.603,77.849],[-95.087,77.993],[-94.936,78.106],[-95.329,78.225],[-94.887,78.345],[-95.561,78.517],[-95.968,78.505],[-96.587,78.687],[-97.382,78.783],[-98.212,78.805],[-98.06,78.558],[-98.255,78.429],[-97.658,78.091],[-96.603,77.849]]},"properties":{"scalerank":0,"featureclass":"Coastline"}},
{"type":"Feature","geometry":{"type":"LineString","coordinates":[[-110.004,78.09],[-111.207,78.088],[-113.215,77.904],[-113.164,77.53],[-112.373,77.364],[-111.952,77.344],[-110.683,77.446],[-110.198,77.525],[-110.153,77.763],[-110.751,77.857],[-110.004,77.929]]},"properties":{"scalerank":0,"featureclass":"Coastline"}},
{"type":"Feature","geometry":{"type":"LineString","coordinates":[[-110.004,77.929],[-110.004,78.09]]},"properties":{"scalerank":0,"featureclass":"Coastline"}},
{"type":"Feature","geometry":{"type":"LineString","coordinates":[[-118.644,76.418],[-118.301,76.737],[-117.78,76.784],[-118.02,76.447],[-117.492,76.273],[-117.154,76.298],[-116.999,76.532],[-116.22,76.611],[-115.945,76.736],[-116.234,76.874],[-115.857,76.969],[-116.286,77.102],[-115.624,77.266],[-115.551,77.363],[-116.363,77.543],[-116.835,77.529],[-117.419,77.317],[-118.005,77.381],[-119.09,77.305],[-121.614,76.441],[-122.365,76.401],[-122.774,76.228],[-122.4,75.944],[-121.908,76.035],[-121.428,75.981],[-121.019,76.02],[-120.772,76.166],[-120.409,75.826],[-119.913,75.859],[-119.368,76.222],[-118.994,76.145],[-118.644,76.418]]},"properties":{"scalerank":0,"featureclass":"Coastline"}},
{"type":"Feature","geometry":{"type":"LineString","coordinates":[[-110.003,75.539],[-111.053,75.549],[-111.513,75.811],[-112.698,76.202],[-113.171,76.258],[-113.823,76.207],[-114.194,76.451],[-114.998,76.497],[-115.581,76.438],[-115.832,76.296],[-116.61,76.074],[-116.654,75.929],[-116.39,75.808],[-116.973,75.746],[-117.025,75.602],[-116.426,75.585],[-116.077,75.493],[-117.154,75.473],[-117.6,75.272],[-117.005,75.156],[-116.476,75.172],[-115.729,74.968],[-115.478,75.104],[-115.02,74.976],[-114.452,75.088],[-114.168,75.24],[-113.712,75.069],[-112.951,75.108],[-112.597,75.212],[-112.256,75.134],[-111.033,75.227],[-111.671,75.019],[-112.836,74.976],[-114.132,74.766],[-114.268,74.604],[-113.514,74.43],[-112.519,74.417],[-111.729,74.502],[-110.941,74.639],[-110.387,74.814],[-110.003,74.851]]},"properties":{"scalerank":0,"featureclass":"Coastline"}},
{"type":"Feature","geometry":{"type":"LineString","coordinates":[[-110.003,76.244],[-109.487,76.145],[-109.455,76.021],[-109.796,75.863],[-108.945,75.699],[-109.086,75.506],[-110.003,75.539]]},"properties":{"scalerank":0,"featureclass":"Coastline"}},
{"type":"Feature","geometry":{"type":"LineString","coordinates":[[-110.003,76.48],[-110.27,76.417],[-110.003,76.244]]},"properties":{"scalerank":0,"featureclass":"Coastline"}},
{"type":"Feature","geometry":{"type":"LineString","coordinates":[[-110.003,74.851],[-109.503,74.883],[-108.831,75.065],[-108.354,74.943],[-107.82,75],[-107.153,74.927],[-106.093,75.089],[-105.863,75.192],[-105.481,75.746],[-105.604,75.93],[-106.397,76.06],[-107.136,75.879],[-107.755,75.94],[-107.852,76.058],[-108.387,76.067],[-108.123,76.233],[-108.512,76.439],[-108.628,76.587],[-108.467,76.738],[-108.832,76.821],[-109.339,76.76],[-110.003,76.48]]},"properties":{"scalerank":0,"featureclass":"Coastline"}},
{"type":"Feature","geometry":{"type":"LineString","coordinates":[[-91.088,74.009],[-91.63,74.028],[-92.223,73.972],[-92.778,74.114],[-93.41,74.179],[-93.785,74.118],[-94.483,74.113],[-95.04,74.024],[-95.149,73.906],[-94.817,73.663],[-95.386,73.755],[-95.633,73.695],[-95.548,72.782],[-95.251,72.502],[-95.193,72.027],[-94.038,72.029],[-93.871,72.253],[-93.555,72.421],[-93.771,72.668],[-94.211,72.757],[-93.341,72.802],[-92.392,72.718],[-92.118,72.754],[-91.621,73.026],[-90.934,73.528],[-90.566,73.686],[-90.355,73.869],[-91.088,74.009]]},"properties":{"scalerank":0,"featureclass":"Coastline"}},
{"type":"Feature","geometry":{"type":"LineString","coordinates":[[-95.585,68.835],[-95.951,69.024],[-96.3,69.344],[-96.875,69.51],[-97.791,69.862],[-98.268,69.754],[-98.289,69.629],[-98.548,69.545],[-98.456,69.335],[-98.912,69.168],[-99.456,69.131],[-99.564,69.034],[-99.254,68.863],[-98.83,68.839],[-97.885,68.672],[-97.472,68.544],[-97.008,68.539],[-96.402,68.471],[-95.686,68.736],[-95.585,68.835]]},"properties":{"scalerank":0,"featureclass":"Coastline"}},
{"type":"Feature","geometry":{"type":"LineString","coordinates":[[-110.002,72.982],[-110.661,73.008],[-110.554,72.861],[-110.197,72.759],[-110.205,72.661],[-110.782,72.534],[-111.14,72.365],[-111.356,72.572],[-111.27,72.714],[-112.048,72.888],[-112.754,72.986],[-113.208,72.981],[-113.45,72.863],[-113.5,72.694],[-114.458,72.58],[-114.109,72.861],[-114.052,73.071],[-114.302,73.331],[-114.638,73.373],[-116.573,73.055],[-117.552,72.831],[-118.375,72.534],[-118.481,72.428],[-118.213,72.263],[-118.59,72.167],[-118.945,71.986],[-118.988,71.764],[-118.868,71.687],[-118.372,71.64],[-117.742,71.659],[-118.188,71.436],[-117.723,71.391],[-117.337,71.435],[-115.98,71.469],[-116.228,71.359],[-117.814,71.158],[-118.269,71.035],[-118.264,70.888],[-117.587,70.63],[-116.993,70.604],[-116.327,70.624],[-115.991,70.586],[-114.841,70.621],[-113.757,70.691],[-112.114,70.447],[-111.726,70.352],[-111.784,70.273],[-112.638,70.225],[-114.592,70.312],[-116.554,70.175],[-117.135,70.1],[-117.104,69.804],[-116.856,69.65]]},"properties":{"scalerank":0,"featureclass":"Coastline"}},
{"type":"Feature","geometry":{"type":"LineString","coordinates":[[-116.856,69.65],[-116.513,69.425],[-116.102,69.337],[-115.159,69.265],[-114.323,69.269],[-113.694,69.195],[-113.617,68.838],[-113.128,68.494],[-111.311,68.542],[-109.959,68.63],[-108.946,68.76],[-108.365,68.935],[-107.44,69.002],[-107.033,69.181],[-106.659,69.44],[-106.361,69.381],[-106.341,69.224],[-106.141,69.162],[-105.02,69.081],[-105.106,68.92],[-104.571,68.872],[-104.353,68.928],[-103.468,68.809],[-102.895,68.824],[-101.857,69.024],[-101.823,69.217],[-102.064,69.281],[-101.976,69.407],[-102.447,69.476],[-102.884,69.341],[-103.465,69.644],[-102.621,69.552],[-102.596,69.718],[-102.182,69.846],[-101.648,69.699],[-100.935,69.715],[-100.973,70.029],[-101.149,70.148],[-101.562,70.135],[-101.627,70.248],[-101.99,70.285],[-102.75,70.522],[-103.105,70.51],[-103.953,70.763],[-104.167,70.927],[-104.57,71.104],[-104.35,71.434],[-104.386,71.577],[-104.767,71.868],[-105.234,72.415],[-105.415,72.788],[-105.813,73.011],[-106.482,73.196],[-106.951,73.276],[-107.113,73.192],[-107.72,73.329],[-108.238,73.106],[-107.933,72.52],[-107.696,72.149],[-107.306,71.895],[-107.347,71.819],[-107.925,71.639],[-108.21,71.751],[-108.698,72.499],[-109.122,72.726],[-110.002,72.982]]},"properties":{"scalerank":0,"featureclass":"Coastline"}},
{"type":"Feature","geometry":{"type":"LineString","coordinates":[[-122.623,74.464],[-123.468,74.436],[-124.696,74.348],[-124.261,73.953],[-123.797,73.768],[-124.114,73.527],[-124.424,73.419],[-124.836,73.076],[-124.583,72.926],[-125,72.813],[-124.987,72.588],[-125.383,72.424],[-125.763,72.138],[-125.767,71.961],[-125.297,71.973],[-124.008,71.677],[-123.211,71.123],[-122.937,71.088],[-122.157,71.266],[-121.749,71.445],[-121.472,71.389],[-120.619,71.506],[-120.443,71.631],[-120.18,72.213],[-119.767,72.244],[-119.408,72.36],[-118.962,72.684],[-117.065,73.107],[-116.483,73.253],[-115.447,73.439],[-115.511,73.619],[-115.958,73.748],[-117.199,74.171],[-117.966,74.266],[-118.544,74.245],[-119.026,74.045],[-119.206,74.198],[-119.944,74.254],[-120.554,74.353],[-121.315,74.53],[-121.748,74.541],[-122.623,74.464]]},"properties":{"scalerank":0,"featureclass":"Coastline"}},
{"type":"Feature","geometry":null,"properties":{"scalerank":0,"featureclass":"Coastline"}},
{"type":"Feature","geometry":{"type":"LineString","coordinates":[[-94.745,75.957],[-94.751,75.77],[-94.296,75.788],[-94.745,75.957]]},"properties":{"scalerank":0,"featureclass":"Coastline"}},
{"type":"Feature","geometry":{"type":"LineString","coordinates":[[-79.644,52.01],[-79.384,51.952],[-79.335,52.098],[-79.644,52.01]]},"properties":{"scalerank":0,"featureclass":"Coastline"}},
{"type":"Feature","geometry":null,"properties":{"scalerank":0,"featureclass":"Coastline"}},
{"type":"Feature","geometry":{"type":"LineString","coordinates":[[-79.765,55.807],[-79.407,55.935],[-79.175,55.885],[-78.907,56.32],[-78.963,56.422],[-79.272,56.6],[-79.393,56.276],[-79.596,56.244],[-80.001,55.932],[-79.905,55.871],[-79.565,56.121],[-79.497,56.093],[-79.765,55.807]]},"properties":{"scalerank":0,"featureclass":"Coastline"}},
{"type":"Feature","geometry":null,"properties":{"scalerank":0,"featureclass":"Coastline"}},
{"type":"Feature","geometry":null,"properties":{"scalerank":0,"featureclass":"Coastline"}},
{"type":"Feature","geometry":null,"properties":{"scalerank":0,"featureclass":"Coastline"}},
{"type":"Feature","geometry":null,"properties":{"scalerank":0,"featureclass":"Coastline"}},
{"type":"Feature","geometry":null,"properties":{"scalerank":0,"featureclass":"Coastline"}},
{"type":"Feature","geometry":null,"properties":{"scalerank":0,"featureclass":"Coastline"}},
{"type":"Feature","geometry":null,"properties":{"scalerank":0,"featureclass":"Coastline"}},
{"type":"Feature","geometry":{"type":"LineString","coordinates":[[-96.944,72.927],[-96.598,73.074],[-97.069,73.13],[-96.944,72.927]]},"properties":{"scalerank":0,"featureclass":"Coastline"}},
{"type":"Feature","geometry":null,"properties":{"scalerank":0,"featureclass":"Coastline"}},
{"type":"Feature","geometry":{"type":"LineString","coordinates":[[-98.974,73.812],[-98.147,73.889],[-97.755,74.006],[-98.061,74.105],[-98.904,74.007],[-99.385,73.879],[-98.974,73.812]]},"properties":{"scalerank":0,"featureclass":"Coastline"}},
{"type":"Feature","geometry":null,"properties":{"scalerank":0,"featureclass":"Coastline"}},
{"type":"Feature","geometry":null,"properties":{"scalerank":0,"featureclass":"Coastline"}},
{"type":"Feature","geometry":null,"properties":{"scalerank":0,"featureclass":"Coastline"}},
{"type":"Feature","geometry":{"type":"LineString","coordinates":[[-74.798,68.458],[-74.984,68.648],[-75.287,68.688],[-75.4,68.525],[-75.073,68.404],[-74.798,68.458]]},"properties":{"scalerank":0,"featureclass":"Coastline"}},
{"type":"Feature","geometry":null,"properties":{"scalerank":0,"featureclass":"Coastline"}},
{"type":"Feature","geometry":null,"properties":{"scalerank":0,"featureclass":"Coastline"}},
{"type":"Feature","geometry":{"type":"LineString","coordinates":[[-76.652,63.504],[-77.134,63.682],[-77.365,63.588],[-76.783,63.384],[-76.652,63.504]]},"properties":{"scalerank":0,"featureclass":"Coastline"}},
{"type":"Feature","geometry":{"type":"LineString","coordinates":[[-64.465,62.536],[-64.824,62.559],[-64.901,62.421],[-64.478,62.418],[-64.465,62.536]]},"properties":{"scalerank":0,"featureclass":"Coastline"}},
{"type":"Feature","geometry":null,"properties":{"scalerank":0,"featureclass":"Coastline"}},
{"type":"Feature","geometry":{"type":"LineString","coordinates":[[-68.088,60.588],[-68.338,60.361],[-68.234,60.241],[-67.844,60.392],[-67.914,60.54],[-68.088,60.588]]},"properties":{"scalerank":0,"featureclass":"Coastline"}},
{"type":"Feature","geometry":{"type":"LineString","coordinates":[[-70.367,62.666],[-70.674,62.807],[-70.851,62.704],[-70.766,62.597],[-70.542,62.552],[-70.367,62.666]]},"properties":{"scalerank":0,"featureclass":"Coastline"}},
{"type":"Feature","geometry":{"type":"LineString","coordinates":[[-64.788,61.413],[-64.67,61.593],[-64.79,61.662],[-65.13,61.686],[-65.394,61.563],[-64.954,61.41],[-64.788,61.413]]},"properties":{"scalerank":0,"featureclass":"Coastline"}},
{"type":"Feature","geometry":null,"properties":{"scalerank":0,"featureclass":"Coastline"}},
{"type":"Feature","geometry":{"type":"LineString","coordinates":[[-79.553,69.631],[-79.365,69.712],[-79.594,69.81],[-79.971,69.739],[-80.214,69.802],[-80.653,69.751],[-80.161,69.536],[-79.553,69.631]]},"properties":{"scalerank":0,"featureclass":"Coastline"}},
{"type":"Feature","geometry":{"type":"LineString","coordinates":[[-78.579,69.639],[-78.47,69.503],[-77.969,69.639],[-78.145,69.739],[-78.579,69.639]]},"properties":{"scalerank":0,"featureclass":"Coastline"}},
{"type":"Feature","geometry":null,"properties":{"scalerank":0,"featureclass":"Coastline"}},
{"type":"Feature","geometry":null,"properties":{"scalerank":0,"featureclass":"Coastline"}},
{"type":"Feature","geometry":{"type":"LineString","coordinates":[[-78.853,68.916],[-78.229,69.304],[-78.597,69.371],[-78.9,69.135],[-79.243,69.049],[-79.406,68.923],[-79.28,68.839],[-78.853,68.916]]},"properties":{"scalerank":0,"featureclass":"Coastline"}},
{"type":"Feature","geometry":{"type":"LineString","coordinates":[[-76.994,69.412],[-77.319,69.416],[-77.379,69.274],[-76.995,69.144],[-76.687,69.328],[-76.994,69.412]]},"properties":{"scalerank":0,"featureclass":"Coastline"}},
{"type":"Feature","geometry":null,"properties":{"scalerank":0,"featureclass":"Coastline"}},
{"type":"Feature","geometry":null,"properties":{"scalerank":0,"featureclass":"Coastline"}},
{"type":"Feature","geometry":{"type":"LineString","coordinates":[[-84.37,66.012],[-84.143,65.916],[-84.118,65.772],[-83.814,65.788],[-83.381,65.63],[-83.234,65.697],[-83.726,65.797],[-83.701,65.92],[-83.95,66.027],[-84.37,66.012]]},"properties":{"scalerank":0,"featureclass":"Coastline"}},
{"type":"Feature","geometry":{"type":"LineString","coordinates":[[-86.702,68.306],[-86.96,68.1],[-86.908,67.867],[-86.638,67.735],[-86.382,67.927],[-86.421,68.183],[-86.702,68.306]]},"properties":{"scalerank":0,"featureclass":"Coastline"}},
{"type":"Feature","geometry":{"type":"LineString","coordinates":[[-85.15,66.015],[-85.136,65.821],[-84.783,65.57],[-84.603,65.657],[-84.939,66.009],[-85.15,66.015]]},"properties":{"scalerank":0,"featureclass":"Coastline"}},
{"type":"Feature","geometry":null,"properties":{"scalerank":0,"featureclass":"Coastline"}},
{"type":"Feature","geometry":{"type":"LineString","coordinates":[[-102.58,75.78],[-102.018,75.954],[-102.49,76.095],[-102.584,76.282],[-103.098,76.311],[-104.351,76.182],[-104.242,76.047],[-103.801,76.037],[-103.77,75.892],[-103.042,75.919],[-103.315,75.764],[-102.58,75.78]]},"properties":{"scalerank":0,"featureclass":"Coastline"}},
{"type":"Feature","geometry":null,"properties":{"scalerank":0,"featureclass":"Coastline"}},
{"type":"Feature","geometry":{"type":"LineString","coordinates":[[-103.472,76.329],[-103.051,76.45],[-103.992,76.657],[-104.586,76.606],[-104.271,76.326],[-103.472,76.329]]},"properties":{"scalerank":0,"featureclass":"Coastline"}},
{"type":"Feature","geometry":null,"properties":{"scalerank":0,"featureclass":"Coastline"}},
{"type":"Feature","geometry":{"type":"LineString","coordinates":[[-102.08,77.692],[-101.002,77.735],[-101.639,77.892],[-102.448,77.881],[-102.08,77.692]]},"properties":{"scalerank":0,"featureclass":"Coastline"}},
{"type":"Feature","geometry":{"type":"LineString","coordinates":[[-89.949,76.836],[-90.556,76.735],[-90.054,76.495],[-89.695,76.741],[-89.949,76.836]]},"properties":{"scalerank":0,"featureclass":"Coastline"}},
{"type":"Feature","geometry":null,"properties":{"scalerank":0,"featureclass":"Coastline"}},
{"type":"Feature","geometry":null,"properties":{"scalerank":0,"featureclass":"Coastline"}},
{"type":"Feature","geometry":{"type":"LineString","coordinates":[[-113.898,77.916],[-114.33,78.078],[-115.029,77.968],[-114.608,77.769],[-114.287,77.721],[-113.619,77.813],[-113.898,77.916]]},"properties":{"scalerank":0,"featureclass":"Coastline"}},
{"type":"Feature","geometry":null,"properties":{"scalerank":0,"featureclass":"Coastline"}},
{"type":"Feature","geometry":{"type":"LineString","coordinates":[[-113.712,76.711],[-113.517,76.825],[-113.892,76.895],[-114.42,76.875],[-114.751,76.759],[-113.712,76.711]]},"properties":{"scalerank":0,"featureclass":"Coastline"}},
{"type":"Feature","geometry":{"type":"LineString","coordinates":[[-103.746,75.252],[-103.804,75.346],[-104.346,75.43],[-104.649,75.35],[-104.887,75.148],[-104.309,75.031],[-103.814,75.08],[-103.746,75.252]]},"properties":{"scalerank":0,"featureclass":"Coastline"}},
{"type":"Feature","geometry":{"type":"LineString","coordinates":[[-52.672,47.622],[-52.782,47.769],[-52.945,47.553],[-53.122,47.455],[-53.176,47.653],[-52.955,48.029],[-53.283,47.998],[-53.604,47.662],[-53.765,47.65],[-53.862,47.799],[-53.695,47.921],[-53.531,48.232],[-53.334,48.356],[-53.136,48.402],[-53.021,48.572],[-53.411,48.562],[-53.552,48.482],[-53.795,48.526],[-53.698,48.68],[-53.966,48.707],[-53.853,48.811],[-53.758,49.035],[-53.573,49.141],[-53.619,49.322],[-53.958,49.442],[-54.317,49.424],[-54.579,49.491],[-54.718,49.389],[-55.026,49.305],[-55.376,49.49],[-55.678,49.435],[-55.892,49.58],[-55.718,49.829],[-55.765,49.96],[-56.247,50.09],[-56.376,49.934],[-56.757,49.652],[-56.849,49.765],[-56.694,50.06],[-56.382,50.417],[-56.136,50.651],[-56.078,50.781],[-55.871,50.907],[-55.8,51.033],[-55.815,51.191],[-56,51.199],[-56.031,51.328],[-55.583,51.389],[-55.453,51.562],[-55.666,51.579],[-55.69,51.471],[-56.026,51.568],[-56.518,51.399],[-56.75,51.275],[-56.805,51.144],[-56.976,51.028],[-57.132,50.787],[-57.298,50.699],[-57.466,50.464],[-57.712,50.025],[-58.016,49.542],[-58.213,49.387],[-58.191,49.259],[-58.049,49.18],[-58.099,49.077],[-58.404,49.084],[-58.494,49.003],[-58.716,48.598],[-58.906,48.65],[-59.167,48.522],[-58.723,48.541],[-58.492,48.513],[-58.711,48.325],[-59.272,47.996],[-59.362,47.866],[-59.26,47.634],[-59.117,47.571],[-58.333,47.677],[-57.926,47.675],[-56.952,47.574],[-56.46,47.617],[-56.221,47.671],[-56.151,47.775],[-55.844,47.788],[-55.862,47.53],[-55.576,47.465],[-55.435,47.501],[-55.366,47.661],[-55.075,47.658],[-54.87,47.571],[-55.191,47.449],[-55.492,47.161],[-55.838,47.072],[-55.95,46.928],[-55.789,46.867],[-55.531,46.914],[-55.316,46.906],[-55.14,47.046],[-55.09,47.174],[-54.857,47.385],[-54.434,47.462],[-54.192,47.86],[-53.989,47.756],[-53.869,47.387],[-54.093,47.086],[-54.174,46.88],[-54.076,46.82],[-53.86,46.939],[-53.636,47.138],[-53.581,46.957],[-53.616,46.68],[-53.536,46.633],[-53.291,46.717],[-53.07,46.681],[-52.889,46.974],[-52.912,47.103],[-52.684,47.426],[-52.672,47.622]]},"properties":{"scalerank":0,"featureclass":"Coastline"}},
{"type":"Feature","geometry":null,"properties":{"scalerank":0,"featureclass":"Coastline"}},
{"type":"Feature","geometry":null,"properties":{"scalerank":0,"featureclass":"Coastline"}},
{"type":"Feature","geometry":null,"properties":{"scalerank":0,"featureclass":"Coastline"}},
{"type":"Feature","geometry":null,"properties":{"scalerank":0,"featureclass":"Coastline"}},
{"type":"Feature","geometry":null,"properties":{"scalerank":0,"featureclass":"Coastline"}},
{"type":"Feature","geometry":null,"properties":{"scalerank":0,"featureclass":"Coastline"}},
{"type":"Feature","geometry":{"type":"LineString","coordinates":[[-100.289,68.958],[-100.612,68.99],[-100.616,68.783],[-100.249,68.775],[-100.289,68.958]]},"properties":{"scalerank":0,"featureclass":"Coastline"}},
{"type":"Feature","geometry":null,"properties":{"scalerank":0,"featureclass":"Coastline"}},
{"type":"Feature","geometry":null,"properties":{"scalerank":0,"featureclass":"Coastline"}},
{"type":"Feature","geometry":{"type":"LineString","coordinates":[[-95.986,69.392],[-95.496,69.35],[-95.381,69.507],[-95.876,69.606],[-95.986,69.392]]},"properties":{"scalerank":0,"featureclass":"Coastline"}},
{"type":"Feature","geometry":null,"properties":{"scalerank":0,"featureclass":"Coastline"}},
{"type":"Feature","geometry":{"type":"LineString","coordinates":[[-102.013,68.825],[-102.266,68.664],[-101.846,68.586],[-101.722,68.724],[-102.013,68.825]]},"properties":{"scalerank":0,"featureclass":"Coastline"}},
{"type":"Feature","geometry":null,"properties":{"scalerank":0,"featureclass":"Coastline"}},
{"type":"Feature","geometry":null,"properties":{"scalerank":0,"featureclass":"Coastline"}},
{"type":"Feature","geometry":null,"properties":{"scalerank":0,"featureclass":"Coastline"}},
{"type":"Feature","geometry":null,"properties":{"scalerank":0,"featureclass":"Coastline"}},
{"type":"Feature","geometry":null,"properties":{"scalerank":0,"featureclass":"Coastline"}},
{"type":"Feature","geometry":null,"properties":{"scalerank":0,"featureclass":"Coastline"}},
{"type":"Feature","geometry":null,"properties":{"scalerank":0,"featureclass":"Coastline"}},
{"type":"Feature","geometry":null,"properties":{"scalerank":0,"featureclass":"Coastline"}},
{"type":"Feature","geometry":null,"properties":{"scalerank":0,"featureclass":"Coastline"}},
{"type":"Feature","geometry":null,"properties":{"scalerank":0,"featureclass":"Coastline"}},
{"type":"Feature","geometry":null,"properties":{"scalerank":0,"featureclass":"Coastline"}},
{"type":"Feature","geometry":null,"properties":{"scalerank":0,"featureclass":"Coastline"}},
{"type":"Feature","geometry":null,"properties":{"scalerank":0,"featureclass":"Coastline"}},
{"type":"Feature","geometry":null,"properties":{"scalerank":0,"featureclass":"Coastline"}},
{"type":"Feature","geometry":null,"properties":{"scalerank":0,"featureclass":"Coastline"}},
{"type":"Feature","geometry":null,"properties":{"scalerank":0,"featureclass":"Coastline"}},
{"type":"Feature","geometry":null,"properties":{"scalerank":0,"featureclass":"Coastline"}},
{"type":"Feature","geometry":null,"properties":{"scalerank":0,"featureclass":"Coastline"}},
{"type":"Feature","geometry":null,"properties":{"scalerank":0,"featureclass":"Coastline"}},
{"type":"Feature","geometry":null,"properties":{"scalerank":0,"featureclass":"Coastline"}},
{"type":"Feature","geometry":null,"properties":{"scalerank":0,"featureclass":"Coastline"}},
{"type":"Feature","geometry":null,"properties":{"scalerank":0,"featureclass":"Coastline"}},
{"type":"Feature","geometry":null,"properties":{"scalerank":0,"featureclass":"Coastline"}},
{"type":"Feature","geometry":null,"properties":{"scalerank":0,"featureclass":"Coastline"}},
{"type":"Feature","geometry":null,"properties":{"scalerank":0,"featureclass":"Coastline"}},
{"type":"Feature","geometry":null,"properties":{"scalerank":0,"featureclass":"Coastline"}},
{"type":"Feature","geometry":{"type":"LineString","coordinates":[[22.605,70.533],[23.068,70.594],[23.387,70.754],[23.205,70.815],[22.35,70.658],[22.605,70.533]]},"properties":{"scalerank":0,"featureclass":"Coastline"}},
{"type":"Feature","geometry":null,"properties":{"scalerank":0,"featureclass":"Coastline"}},
{"type":"Feature","geometry":{"type":"LineString","coordinates":[[26,70.975],[25.945,71.105],[25.586,71.142],[25.315,71.034],[25.582,70.961],[26,70.975]]},"properties":{"scalerank":0,"featureclass":"Coastline"}},
{"type":"Feature","geometry":{"type":"LineString","coordinates":[[23.547,70.617],[22.941,70.445],[23.159,70.283],[23.641,70.464],[23.547,70.617]]},"properties":{"scalerank":0,"featureclass":"Coastline"}},
{"type":"Feature","geometry":null,"properties":{"scalerank":0,"featureclass":"Coastline"}},
{"type":"Feature","geometry":{"type":"LineString","coordinates":[[13.932,68.248],[13.538,68.249],[13.2,68.087],[13.778,68.105],[13.932,68.248]]},"properties":{"scalerank":0,"featureclass":"Coastline"}},
{"type":"Feature","geometry":null,"properties":{"scalerank":0,"featureclass":"Coastline"}},
{"type":"Feature","geometry":{"type":"LineString","coordinates":[[18.004,69.505],[17.784,69.563],[17.252,69.504],[17.361,69.381],[17.002,69.362],[16.972,69.138],[17.324,69.13],[17.951,69.198],[18.077,69.396],[18.004,69.505]]},"properties":{"scalerank":0,"featureclass":"Coastline"}},
{"type":"Feature","geometry":{"type":"LineString","coordinates":[[19.5,70.048],[19.255,70.066],[18.349,69.768],[18.083,69.626],[18.274,69.535],[18.785,69.579],[19.131,69.81],[19.335,69.82],[19.592,69.97],[19.5,70.048]]},"properties":{"scalerank":0,"featureclass":"Coastline"}},
{"type":"Feature","geometry":{"type":"LineString","coordinates":[[15.095,68.441],[14.586,68.4],[14.257,68.257],[14.629,68.198],[14.927,68.307],[15.438,68.313],[15.913,68.389],[16.519,68.633],[16.329,68.876],[15.906,68.908],[15.812,69.024],[16.115,69.216],[15.893,69.278],[15.483,69.043],[15.564,68.874],[15.413,68.616],[15.095,68.441]]},"properties":{"scalerank":0,"featureclass":"Coastline"}},
{"type":"Feature","geometry":{"type":"LineString","coordinates":[[15.102,69.008],[14.554,68.819],[14.373,68.711],[14.521,68.633],[15.222,68.616],[15.397,68.784],[15.102,69.008]]},"properties":{"scalerank":0,"featureclass":"Coastline"}},
{"type":"Feature","geometry":null,"properties":{"scalerank":0,"featureclass":"Coastline"}},
{"type":"Feature","geometry":null,"properties":{"scalerank":0,"featureclass":"Coastline"}},
{"type":"Feature","geometry":null,"properties":{"scalerank":0,"featureclass":"Coastline"}},
{"type":"Feature","geometry":{"type":"LineString","coordinates":[[-79.178,76.092],[-79.699,75.883],[-79.052,75.867],[-79.178,76.092]]},"properties":{"scalerank":0,"featureclass":"Coastline"}},
{"type":"Feature","geometry":null,"properties":{"scalerank":0,"featureclass":"Coastline"}},
{"type":"Feature","geometry":{"type":"LineString","coordinates":[[-46.399,82.692],[-47.272,82.657],[-47.308,82.533],[-46.752,82.348],[-44.865,82.084],[-44.75,82.401],[-45.411,82.578],[-46.399,82.692]]},"properties":{"scalerank":0,"featureclass":"Coastline"}},
{"type":"Feature","geometry":null,"properties":{"scalerank":0,"featureclass":"Coastline"}},
{"type":"Feature","geometry":{"type":"LineString","coordinates":[[-18.036,79.711],[-17.401,79.94],[-17.983,80.055],[-18.997,79.94],[-19.032,79.773],[-18.036,79.711]]},"properties":{"scalerank":0,"featureclass":"Coastline"}},
{"type":"Feature","geometry":null,"properties":{"scalerank":0,"featureclass":"Coastline"}},
{"type":"Feature","geometry":null,"properties":{"scalerank":0,"featureclass":"Coastline"}},
{"type":"Feature","geometry":{"type":"LineString","coordinates":[[-18.636,75.39],[-18.856,75.319],[-18.891,75.072],[-18.671,75.002],[-17.586,74.993],[-17.498,75.152],[-17.886,75.204],[-18.001,75.407],[-18.636,75.39]]},"properties":{"scalerank":0,"featureclass":"Coastline"}},
{"type":"Feature","geometry":null,"properties":{"scalerank":0,"featureclass":"Coastline"}},
{"type":"Feature","geometry":{"type":"LineString","coordinates":[[-51.21,68.42],[-51.456,68.394],[-51.632,68.273],[-52.199,68.221],[-52.78,68.31],[-53.383,68.297],[-53.039,68.611],[-52.605,68.709],[-52.303,68.701],[-51.781,68.548],[-51.133,68.598],[-51.249,68.74],[-51.085,69.128],[-50.393,69.137],[-50.537,69.248],[-51.077,69.209],[-50.892,69.412],[-50.72,69.725],[-50.349,69.796],[-50.5,69.936],[-51.106,70.057],[-51.419,69.989],[-52.255,70.059],[-53.023,70.302],[-54.014,70.422],[-54.501,70.657],[-54.166,70.82],[-53.513,70.767],[-53.091,70.769],[-52.405,70.687],[-51.524,70.439],[-50.947,70.364],[-50.933,70.454],[-51.323,70.589],[-51.257,70.853],[-51.13,70.972],[-51.377,71.119],[-52.061,71.122],[-52.535,71.2],[-53.008,71.18],[-53.117,71.313],[-52.749,71.502],[-51.967,71.599],[-52.656,71.672],[-53.168,71.536],[-53.476,71.64],[-53.139,71.775],[-53.478,71.85],[-53.78,71.679],[-54.02,71.658],[-53.963,71.459],[-54.689,71.367],[-55.336,71.427],[-55.594,71.554],[-55.549,71.768],[-55.316,72.111],[-55.659,72.223],[-55.602,72.453],[-55.122,72.5],[-54.79,72.642],[-54.738,72.873],[-55.669,73.008],[-55.693,73.113],[-55.297,73.262],[-55.739,73.384],[-56.104,73.558],[-55.929,73.895],[-56.298,74.163],[-56.706,74.219],[-56.656,74.458],[-56.255,74.527],[-56.801,74.672],[-57.191,74.894],[-57.813,75.04],[-58.253,75.279],[-58.603,75.385],[-58.25,75.507],[-58.516,75.689],[-61.188,76.158],[-62.097,76.242],[-62.823,76.262],[-63.439,76.339],[-63.843,76.217],[-64.387,76.304],[-64.912,76.173],[-65.457,76.13],[-65.954,76.242],[-66.466,76.139],[-67.055,76.152],[-66.826,75.969],[-68.149,76.067],[-69.373,76.332],[-69.4,76.436],[-68.223,76.678],[-69.252,76.686],[-69.888,76.827],[-70.441,76.807],[-70.793,76.869],[-71.155,77.074],[-70.863,77.175],[-69.657,77.229],[-68.978,77.195],[-68.592,77.343],[-68.136,77.38],[-66.938,77.364],[-66.453,77.393],[-66.306,77.565],[-66.691,77.681],[-67.515,77.543],[-67.977,77.519],[-68.622,77.602],[-69.351,77.467],[-69.977,77.548],[-70.126,77.638],[-71.65,77.9],[-72.065,77.937],[-72.818,78.194],[-72.396,78.504],[-71.651,78.623],[-70.906,78.638],[-69.974,78.778],[-68.993,78.857],[-69.031,78.943],[-67.482,79.117],[-65.968,79.132],[-65.42,79.34],[-65.117,79.589],[-64.792,80.001],[-66.844,80.076],[-67.141,80.166],[-66.996,80.413],[-66.372,80.584],[-65.645,80.685],[-64.516,81],[-63.442,81.014],[-62.993,81.207],[-61.436,81.134],[-61.1,81.396],[-61.203,81.747],[-60.432,81.92],[-59.282,81.884],[-59.262,82.007],[-58.717,82.093],[-56.589,82.227],[-55.549,82.246],[-54.726,82.351],[-53.987,82.279],[-53.582,82.062],[-52.926,82.038],[-53.111,82.251],[-52.776,82.322],[-50.894,81.895],[-49.867,81.893],[-49.694,81.972],[-50.713,82.237],[-50.99,82.46],[-50.037,82.472],[-48.861,82.405],[-47.357,82.174],[-46.617,82.097],[-45.291,81.829],[-44.532,81.849],[-44.637,82.104],[-44.239,82.368],[-44.577,82.543],[-45.552,82.725],[-46.478,82.952],[-45.415,83.018],[-43.195,83.255],[-42.26,83.232],[-41.3,83.101],[-40.357,83.332],[-38.931,83.175],[-38.748,83.333],[-37.828,83.486],[-34.668,83.571],[-33.837,83.53],[-32.984,83.6],[-30.703,83.593],[-28.484,83.435],[-25.947,83.29],[-26.183,83.221],[-30.092,83.157],[-31.993,83.085],[-31.516,82.992],[-30.386,83.094],[-27.002,83.067],[-25.123,83.16],[-24.47,82.877],[-22.525,82.789],[-21.521,82.595],[-22.473,82.385],[-23.862,82.287],[-29.579,82.161],[-29.887,82.055],[-29.544,81.94],[-27.84,82.049],[-25.149,82.001],[-24.589,81.883],[-24.293,81.701],[-23.637,81.742],[-23.104,82.012],[-21.338,82.069],[-21.147,81.695],[-21.724,81.348],[-23.072,80.927],[-21.931,81.05],[-20.756,81.312],[-20.016,81.564],[-17.226,81.43],[-16.359,81.729],[-15.556,81.834],[-13.704,81.789],[-12.193,81.649],[-11.529,81.424],[-13.451,81.038],[-14.49,80.973],[-14.504,80.763],[-15.543,80.65],[-16.319,80.65],[-16.761,80.573],[-15.933,80.395],[-16.868,80.198],[-18.071,80.172],[-19.429,80.258],[-20.15,80.011],[-20.138,79.803],[-19.284,79.683],[-19.414,79.349],[-19.075,79.152],[-19.723,79.065],[-20.05,78.842],[-20.616,78.804],[-21.134,78.659],[-20.956,78.555],[-21.397,78.074],[-21.748,77.791],[-21.38,77.698],[-20.863,77.912],[-19.49,77.719],[-20.681,77.619],[-20.232,77.368],[-19.3,77.222],[-18.586,77.283],[-18.339,77.215],[-18.337,76.921],[-18.51,76.778],[-20.064,76.928],[-20.942,76.887],[-21.615,76.688],[-22.185,76.794],[-22.607,76.681],[-21.877,76.573],[-21.569,76.294],[-20.887,76.304],[-20.104,76.219],[-19.863,76.121],[-19.958,75.997],[-19.509,75.758],[-19.366,75.386],[-19.426,75.23],[-19.798,75.157],[-20.199,75.308],[-20.485,75.314],[-20.986,75.074],[-20.611,74.728],[-20.417,74.975],[-19.985,74.975],[-19.538,74.625],[-19.225,74.479],[-19.369,74.284],[-20.256,74.283],[-20.231,74.205],[-21.129,74.111],[-22.322,74.303],[-22.335,74.063],[-21.988,73.971],[-21.298,73.962],[-20.367,73.848],[-20.51,73.493],[-21.548,73.432],[-22.185,73.27],[-22.987,73.346],[-23.761,73.543],[-24.158,73.764],[-24.791,73.511],[-26.062,73.253],[-26.407,73.313],[-26.753,73.121],[-25.399,73.276],[-25.268,73.362],[-24.587,73.423],[-23.899,73.398],[-22.852,73.084],[-22.036,72.918],[-22.075,72.399],[-22.28,72.345],[-22.293,72.12],[-24.069,72.499],[-24.359,72.687],[-24.63,73.038],[-25.256,72.924],[-26.658,72.716],[-26.392,72.673],[-25.688,72.797],[-24.771,72.869],[-24.667,72.437],[-24.417,72.348],[-22.869,71.971],[-22.497,71.914],[-22.37,71.77],[-22.013,71.689],[-22.503,71.5],[-22.299,71.432],[-21.752,71.478],[-21.671,71.206],[-21.675,70.856],[-21.523,70.526],[-21.944,70.443],[-23.328,70.451],[-23.792,70.555],[-24.13,70.791],[-24.377,71.146],[-25.656,71.53],[-26.211,71.59],[-26.689,71.583],[-26.737,71.501],[-25.843,71.48],[-25.699,71.368],[-25.742,71.184],[-26.158,71.05],[-26.718,70.95],[-27.689,70.993],[-27.992,70.895],[-28.146,70.656],[-28.541,70.477],[-28.015,70.402],[-27.596,70.407],[-26.747,70.476],[-26.577,70.357],[-27.073,70.281],[-27.561,70.124],[-27.384,69.992],[-27.028,70.201],[-26.156,70.246],[-25.53,70.353],[-24.749,70.295],[-24.041,70.181],[-23.173,70.115],[-22.284,70.126],[-22.435,69.986],[-23.088,69.883],[-23.015,69.805],[-23.553,69.741],[-23.709,69.627],[-24.741,69.318],[-25.189,69.261],[-25.092,69.165],[-25.544,69.046],[-25.698,68.89],[-26.341,68.702],[-26.815,68.654],[-27.851,68.494],[-28.126,68.479],[-29.25,68.299],[-29.869,68.312],[-30.611,68.118],[-30.979,68.061],[-31.419,68.128],[-32.137,68.385],[-32.367,68.213],[-32.156,68.063],[-32.275,67.923],[-33.157,67.627],[-33.518,67.354],[-33.528,67.258],[-34.102,66.726],[-34.423,66.63],[-34.633,66.435],[-35.189,66.25],[-35.756,66.324],[-35.63,66.14],[-36.379,65.831],[-36.932,65.783],[-37.063,65.871],[-37.41,65.656],[-37.754,65.593],[-38.001,65.71],[-37.797,65.857],[-37.788,65.978],[-37.279,66.304],[-37.814,66.385],[-37.752,66.262],[-37.969,66.141],[-38.216,65.838],[-38.203,65.712],[-38.637,65.624],[-39.961,65.556],[-40.192,65.523],[-39.578,65.341],[-40.028,65.103],[-40.253,65.049],[-40.668,65.109],[-41.084,65.101],[-40.966,64.869],[-40.655,64.915],[-40.182,64.48],[-40.782,64.222],[-40.618,64.132],[-40.652,63.928],[-40.55,63.725],[-41.049,63.514],[-41.108,63.274],[-41.388,63.062],[-41.634,62.972],[-41.909,62.737],[-42.058,62.694],[-42.424,62.723],[-42.467,62.598],[-42.153,62.568],[-42.321,62.153],[-42.143,62.014],[-42.11,61.857],[-42.25,61.771],[-42.419,61.537],[-42.646,61.064],[-42.717,60.767],[-43.044,60.524],[-43.348,60.52],[-43.156,60.333],[-43.123,60.061],[-43.32,59.928],[-43.617,59.937],[-43.907,59.815],[-44.065,59.925],[-44.384,59.899],[-44.453,60.015],[-44.812,60.05],[-45.379,60.203],[-45.368,60.373],[-45.59,60.519],[-46.047,60.616],[-46.142,60.777],[-46.012,61.097],[-46.582,60.962],[-46.874,60.816],[-47.224,60.783],[-47.465,60.843],[-47.796,60.829],[-48.014,60.722],[-48.205,60.856],[-47.859,61.016],[-48.386,61.005],[-48.495,61.225],[-48.922,61.277],[-49.049,61.524],[-49.289,61.59],[-49.265,61.71],[-49.38,61.89],[-49.04,62.039],[-49.624,61.999],[-49.668,62.151],[-49.553,62.233],[-50.07,62.365],[-50.319,62.473],[-50.259,62.578],[-50.338,62.829],[-50.744,63.051],[-51.469,63.642],[-51.538,63.758],[-51.451,63.905],[-51.708,64.205],[-51.232,64.561],[-50.835,64.559],[-50.849,64.645],[-50.492,64.693],[-50.648,64.853],[-50.989,64.665],[-51.401,64.623],[-51.758,64.28],[-51.999,64.257],[-52.093,64.416],[-52.089,64.682],[-52.259,65.155],[-52.448,65.205],[-52.551,65.461],[-52.761,65.591],[-53.199,65.594],[-53.234,65.771],[-53.106,65.977],[-53.357,66.073],[-53.018,66.171],[-52.056,66.507],[-51.823,66.698],[-52.922,66.241],[-53.156,66.178],[-53.615,66.154],[-53.635,66.414],[-53.419,66.649],[-53.038,66.827],[-53.687,66.986],[-53.884,67.136],[-53.799,67.418],[-52.666,67.75],[-52.384,67.752],[-51.909,67.664],[-51.181,67.637],[-50.969,67.807],[-51.765,67.738],[-52.345,67.837],[-52.98,67.758],[-53.419,67.575],[-53.735,67.549],[-53.578,67.837],[-53.353,67.971],[-53.152,68.208],[-52.436,68.146],[-52.058,68.075],[-51.597,68.055],[-51.207,68.326],[-51.21,68.42]]},"properties":{"scalerank":0,"featureclass":"Coastline"}},
{"type":"Feature","geometry":{"type":"LineString","coordinates":[[180,-16.54],[180,-16.489]]},"properties":{"scalerank":0,"featureclass":"Coastline"}},
{"type":"Feature","geometry":{"type":"LineString","coordinates":[[-180,-16.153],[-180,-16.168]]},"properties":{"scalerank":0,"featureclass":"Coastline"}},
{"type":"Feature","geometry":null,"properties":{"scalerank":0,"featureclass":"Coastline"}},
{"type":"Feature","geometry":null,"properties":{"scalerank":0,"featureclass":"Coastline"}},
{"type":"Feature","geometry":null,"properties":{"scalerank":0,"featureclass":"Coastline"}},
{"type":"Feature","geometry":null,"properties":{"scalerank":0,"featureclass":"Coastline"}},
{"type":"Feature","geometry":null,"properties":{"scalerank":0,"featureclass":"Coastline"}},
{"type":"Feature","geometry":null,"properties":{"scalerank":0,"featureclass":"Coastline"}},
{"type":"Feature","geometry":null,"properties":{"scalerank":0,"featureclass":"Coastline"}},
{"type":"Feature","geometry":null,"properties":{"scalerank":0,"featureclass":"Coastline"}},
{"type":"Feature","geometry":null,"properties":{"scalerank":0,"featureclass":"Coastline"}},
{"type":"Feature","geometry":null,"properties":{"scalerank":0,"featureclass":"Coastline"}},
{"type":"Feature","geometry":null,"properties":{"scalerank":0,"featureclass":"Coastline"}},
{"type":"Feature","geometry":null,"properties":{"scalerank":0,"featureclass":"Coastline"}},
{"type":"Feature","geometry":null,"properties":{"scalerank":0,"featureclass":"Coastline"}},
{"type":"Feature","geometry":null,"properties":{"scalerank":0,"featureclass":"Coastline"}},
{"type":"Feature","geometry":null,"properties":{"scalerank":0,"featureclass":"Coastline"}},
{"type":"Feature","geometry":null,"properties":{"scalerank":0,"featureclass":"Coastline"}},
{"type":"Feature","geometry":null,"properties":{"scalerank":0,"featureclass":"Coastline"}},
{"type":"Feature","geometry":null,"properties":{"scalerank":0,"featureclass":"Coastline"}},
{"type":"Feature","geometry":null,"properties":{"scalerank":0,"featureclass":"Coastline"}},
{"type":"Feature","geometry":null,"properties":{"scalerank":0,"featureclass":"Coastline"}},
{"type":"Feature","geometry":null,"properties":{"scalerank":0,"featureclass":"Coastline"}},
{"type":"Feature","geometry":null,"properties":{"scalerank":0,"featureclass":"Coastline"}},
{"type":"Feature","geometry":null,"properties":{"scalerank":0,"featureclass":"Coastline"}},
{"type":"Feature","geometry":null,"properties":{"scalerank":0,"featureclass":"Coastline"}},
{"type":"Feature","geometry":null,"properties":{"scalerank":0,"featureclass":"Coastline"}},
{"type":"Feature","geometry":null,"properties":{"scalerank":0,"featureclass":"Coastline"}},
{"type":"Feature","geometry":null,"properties":{"scalerank":0,"featureclass":"Coastline"}},
{"type":"Feature","geometry":null,"properties":{"scalerank":0,"featureclass":"Coastline"}},
{"type":"Feature","geometry":null,"properties":{"scalerank":0,"featureclass":"Coastline"}},
{"type":"Feature","geometry":null,"properties":{"scalerank":0,"featureclass":"Coastline"}},
{"type":"Feature","geometry":null,"properties":{"scalerank":0,"featureclass":"Coastline"}},
{"type":"Feature","geometry":null,"properties":{"scalerank":0,"featureclass":"Coastline"}},
{"type":"Feature","geometry":{"type":"LineString","coordinates":[[-180,-84.352],[-178.39,-84.337],[-171.704,-84.542],[-168.668,-84.684],[-166.911,-84.819],[-162.933,-84.901],[-160.821,-84.987],[-157.127,-85.186],[-156.986,-84.811],[-158.303,-84.778],[-163.569,-84.529],[-165.125,-84.375],[-163.765,-84.324],[-164.685,-84.155],[-164.083,-83.946],[-164.951,-83.806],[-167.553,-83.811],[-169.168,-83.45],[-174.066,-82.9],[-173.071,-82.916],[-171.821,-82.847],[-169.441,-83.096],[-168.418,-83.229],[-166.217,-83.201],[-164.916,-83.29],[-164.446,-83.468],[-163.111,-83.329],[-162.197,-83.519],[-160.595,-83.49],[-159.444,-83.543],[-157.428,-83.346],[-157.028,-83.234],[-157.679,-83.129],[-155.459,-82.981],[-155.15,-82.858],[-153.822,-82.669],[-153.01,-82.45],[-154.717,-81.941],[-153.957,-81.7],[-154.908,-81.51],[-157.033,-81.319],[-156.528,-81.162],[-155.921,-81.133],[-152.035,-81.029],[-148.123,-80.901],[-148.023,-80.836],[-149.147,-80.719],[-149.214,-80.604],[-150.133,-80.51],[-150.575,-80.354],[-150.221,-80.15],[-148.317,-80.071],[-148.433,-79.929],[-148.177,-79.776],[-149.051,-79.657],[-150.491,-79.546],[-152.091,-79.242],[-152.244,-79.103],[-153.518,-79.117],[-155.21,-78.965],[-156.469,-78.635],[-155.92,-78.51],[-154.716,-78.398],[-154.293,-78.259],[-155.342,-78.192],[-157.267,-78.2],[-158.286,-77.951],[-158.5,-77.778],[-158.23,-77.498],[-158.214,-77.157],[-157.842,-77.079],[-157.465,-77.231],[-156.668,-77.213],[-156.211,-77.106],[-154.815,-77.127],[-153.91,-77.227],[-153.461,-77.416],[-153.077,-77.442],[-151.719,-77.426],[-150.306,-77.731],[-149.718,-77.797],[-149.126,-77.643],[-148.34,-77.551],[-148.26,-77.413],[-148.744,-77.343],[-148.572,-77.105],[-147.73,-77.31],[-146.928,-77.26],[-146.391,-77.472],[-145.601,-77.455],[-145.808,-77.273],[-145.516,-77.199],[-145.967,-77.069],[-145.629,-76.954],[-145.75,-76.749],[-146.777,-76.507],[-147.34,-76.438],[-148.601,-76.493],[-149.654,-76.365],[-148.895,-76.272],[-148.32,-76.104],[-147.86,-76.131],[-146.817,-76.318],[-145.886,-76.424],[-145.642,-76.326],[-146.383,-76.1],[-145.988,-75.889],[-145.106,-75.879],[-144.221,-75.731],[-143.574,-75.564],[-142.33,-75.491],[-141.506,-75.69],[-140.874,-75.746],[-141.223,-75.546],[-140.709,-75.498],[-139.691,-75.213],[-139.149,-75.16],[-137.618,-75.076],[-137.09,-75.153],[-136.55,-75.139],[-136.228,-74.836],[-136.03,-74.765],[-135.362,-74.69],[-134.84,-74.694],[-134.117,-74.83],[-133.475,-74.852],[-132.049,-74.766],[-131.707,-74.811],[-130.857,-74.826],[-129.791,-74.891],[-127.863,-74.719],[-127.02,-74.698],[-126.384,-74.743],[-125.353,-74.715],[-124.312,-74.736],[-123.889,-74.773],[-121.544,-74.75],[-119.677,-74.655],[-119.022,-74.518],[-118.803,-74.422],[-118.342,-74.382],[-117.068,-74.473],[-116.433,-74.447],[-115.223,-74.487],[-115.105,-74.455],[-114.791,-73.989],[-114.346,-73.925],[-113.508,-74.089],[-113.753,-74.367],[-113.333,-74.454],[-113.903,-74.644],[-113.932,-74.982],[-113.092,-74.892],[-111.696,-74.792],[-111.696,-74.504],[-111.806,-74.27],[-111.63,-74.181],[-111.18,-74.188],[-110.307,-74.367],[-110.3,-74.711],[-110.532,-74.836],[-111.463,-75.133],[-111.104,-75.191],[-109.272,-75.185],[-108.254,-75.253],[-107.805,-75.322],[-106.932,-75.309],[-106.619,-75.344],[-104.902,-75.115],[-103.901,-75.153],[-103.425,-75.101],[-101.708,-75.127],[-101.304,-75.366],[-101.039,-75.422],[-100.463,-75.353],[-99.531,-75.309],[-98.752,-75.317],[-98.558,-75.19],[-99.208,-75.079],[-99.652,-74.949],[-100.164,-74.938],[-100.265,-74.823],[-100.013,-74.662],[-100.119,-74.515],[-100.882,-74.541],[-101.252,-74.486],[-101.715,-74.024],[-102.766,-73.884],[-102.8,-73.646],[-102.411,-73.616],[-101.311,-73.695],[-100.985,-73.757],[-99.781,-73.72],[-99.2,-73.571],[-100.021,-73.403],[-101.189,-73.318],[-102.675,-73.321],[-103.076,-73.185],[-103.375,-72.819],[-103.11,-72.721],[-102.485,-72.736],[-102.272,-72.835],[-102.409,-72.987],[-101.681,-73.03],[-100.821,-72.981],[-100.259,-73.041],[-99.811,-73],[-98.012,-73.033],[-96.676,-73.269],[-96.152,-73.309],[-95.237,-73.22],[-94.586,-73.25],[-94.246,-73.313],[-93.706,-73.215],[-92.828,-73.165],[-92.241,-73.178],[-90.921,-73.319],[-90.431,-73.243],[-90.295,-72.978],[-89.818,-72.863],[-89.341,-72.89],[-89.127,-72.693],[-88.527,-72.702],[-88.195,-72.859],[-88.561,-73.121],[-88.419,-73.229],[-87.936,-73.241],[-87.401,-73.192],[-87.038,-73.354],[-86.602,-73.354],[-85.981,-73.208],[-85.582,-73.259],[-84.981,-73.502],[-84.214,-73.573],[-83.565,-73.706],[-83.042,-73.707],[-82.183,-73.857],[-81.309,-73.738],[-81.163,-73.632],[-81.262,-73.315],[-81.024,-73.236],[-80.336,-73.414],[-80.614,-73.083],[-80.442,-72.945],[-79.522,-73.09],[-78.964,-73.312],[-78.786,-73.507],[-78.408,-73.556],[-76.85,-73.46],[-76.765,-73.566],[-77.135,-73.818],[-76.291,-73.805],[-75.293,-73.639],[-74.594,-73.715],[-73.996,-73.7],[-72.929,-73.448],[-72.381,-73.438],[-71.453,-73.354],[-71.017,-73.263],[-70.323,-73.274],[-68.821,-73.105],[-67.667,-72.835],[-67.307,-72.611],[-66.828,-72.09],[-66.952,-71.897],[-67.46,-71.527],[-67.505,-71.058],[-67.692,-70.686],[-67.888,-70.422],[-68.403,-70.02],[-68.47,-69.644],[-68.708,-69.432],[-68.141,-69.348],[-67.372,-69.412],[-66.975,-69.161],[-67.021,-69.029],[-67.391,-68.861],[-67.134,-68.771],[-67.117,-68.575],[-66.793,-68.24],[-67.15,-68.025],[-66.915,-67.693],[-66.705,-67.527],[-67.124,-67.485],[-67.487,-67.547],[-67.586,-67.435],[-67.493,-67.113],[-67.16,-66.952],[-66.955,-66.985],[-66.902,-67.256],[-66.61,-67.209],[-66.465,-66.875],[-66.527,-66.741],[-66.371,-66.609],[-65.766,-66.625],[-65.678,-66.403],[-65.776,-66.343],[-65.617,-66.135],[-65.172,-66.117],[-65.267,-65.994],[-64.999,-65.946],[-64.614,-66.019],[-64.653,-65.867],[-64.066,-65.554],[-64.038,-65.179],[-63.76,-65.033],[-63.482,-65.085],[-63.033,-65.08],[-63.12,-64.942],[-62.576,-64.756],[-62.14,-64.727],[-61.883,-64.625],[-61.632,-64.605],[-61.396,-64.427],[-61.082,-64.315],[-60.864,-64.073],[-60.277,-63.924],[-59.51,-63.821],[-59.036,-63.67],[-58.872,-63.552],[-58.216,-63.451],[-57.868,-63.319],[-57.39,-63.226],[-57.077,-63.262],[-56.835,-63.631],[-57.119,-63.638],[-57.152,-63.479],[-57.461,-63.514],[-58.263,-63.763],[-58.532,-63.915],[-58.839,-64.187],[-58.895,-64.389],[-59.229,-64.444],[-59.547,-64.359],[-59.573,-64.531],[-59.963,-64.431],[-60.66,-64.729],[-61.06,-64.981],[-61.736,-65.033],[-61.577,-65.186],[-61.948,-65.192],[-62.145,-65.332],[-61.991,-65.589],[-62.305,-65.84],[-62.169,-66.031],[-61.839,-66.12],[-61.359,-66.059],[-61.266,-65.98],[-60.618,-65.933],[-60.565,-65.979],[-60.903,-66.191],[-61.526,-66.226],[-61.875,-66.296],[-62.241,-66.197],[-62.682,-66.237],[-62.615,-66.436],[-62.705,-66.68],[-63.258,-66.264],[-63.753,-66.278],[-63.756,-66.409],[-64.078,-66.654],[-63.809,-66.761],[-63.755,-66.873],[-64.043,-66.927],[-64.686,-66.806],[-64.878,-67.025],[-64.819,-67.307],[-65.443,-67.326],[-65.523,-67.445],[-65.418,-67.66],[-65.6,-67.876],[-65.469,-68.009],[-65.64,-68.131],[-64.896,-68.168],[-65.365,-68.287],[-64.996,-68.408],[-65.242,-68.583],[-64.898,-68.673],[-64.078,-68.771],[-64.169,-68.583],[-63.796,-68.47],[-63.747,-68.705],[-63.344,-68.81],[-63.456,-69.042],[-62.994,-69.329],[-62.587,-69.477],[-62.451,-69.584],[-62.407,-69.827],[-62.202,-70.028],[-61.961,-70.12],[-62.378,-70.365],[-62.001,-70.497],[-61.505,-70.491],[-61.696,-70.676],[-61.994,-70.729],[-61.961,-70.901],[-61.313,-70.868],[-61.017,-71.167],[-61.003,-71.319],[-61.516,-71.479],[-61.79,-71.616],[-61.563,-71.675],[-61.214,-71.564],[-60.949,-71.747],[-61.035,-71.82],[-61.939,-71.904],[-62.257,-72.018],[-61.628,-72.053],[-61.31,-72.113],[-60.719,-72.073],[-60.73,-72.426],[-61.28,-72.468],[-61.286,-72.601],[-60.939,-72.7],[-60.532,-72.673],[-60.385,-73.007],[-59.957,-73.031],[-60.122,-73.275],[-60.561,-73.211],[-61.081,-73.328],[-61.428,-73.191],[-61.788,-73.255],[-61.637,-73.5],[-61.405,-73.467],[-60.879,-73.612],[-60.903,-73.871],[-61.203,-73.957],[-61.042,-74.122],[-61.571,-74.195],[-61.332,-74.329],[-60.704,-74.307],[-61.011,-74.478],[-62.226,-74.506],[-61.894,-74.713],[-61.928,-74.863],[-62.372,-74.952],[-62.708,-74.737],[-63.925,-75.004],[-63.337,-75.035],[-63.231,-75.154],[-63.858,-75.206],[-64.28,-75.293],[-63.304,-75.352],[-63.363,-75.451],[-65.044,-75.787],[-66.37,-76.013],[-67.518,-76.11],[-69.304,-76.351],[-69.915,-76.522],[-70.096,-76.654],[-70.895,-76.739],[-71.799,-76.753],[-72.722,-76.689],[-73.88,-76.697],[-75.268,-76.581],[-76.244,-76.585],[-77.19,-76.63],[-77.168,-76.834],[-76.249,-77.275],[-75.387,-77.474],[-74.581,-77.478],[-72.852,-77.59],[-73.252,-77.894],[-74.042,-78.109],[-74.812,-78.178],[-75.398,-78.158],[-76.438,-78.044],[-77.742,-77.94],[-79.679,-77.843],[-80.602,-77.752],[-81.441,-77.886],[-77.858,-78.351],[-77.433,-78.435],[-77.545,-78.66],[-77.869,-78.746],[-78.712,-78.752],[-80.292,-78.823],[-81.929,-78.559],[-83.246,-78.357],[-83.763,-78.461],[-83.26,-78.774],[-81.661,-79.1],[-80.892,-79.502],[-80.151,-79.268],[-79.456,-79.304],[-76.499,-79.326],[-76.218,-79.387],[-76.032,-79.627],[-76.558,-79.904],[-77.702,-80.01],[-79.66,-79.997],[-78.176,-80.167],[-76.407,-80.095],[-75.709,-80.383],[-75.237,-80.803],[-74.807,-80.887],[-73.938,-80.816],[-73.029,-80.917],[-72.174,-80.764],[-71.018,-80.619],[-70.56,-80.647],[-70.239,-80.857],[-69.182,-81.005],[-68.59,-80.968],[-67.965,-81.148],[-65.574,-81.461],[-64.75,-81.522],[-62.49,-81.557],[-62.542,-81.678],[-64.696,-81.652],[-65.487,-81.775],[-64.19,-81.795],[-64.137,-81.869],[-65.916,-81.902],[-65.913,-82.183],[-64.92,-82.371],[-62.645,-82.263],[-60.817,-82.276],[-62.736,-82.527],[-61.917,-82.977],[-61.218,-82.992],[-61.59,-83.341],[-60.983,-83.428],[-59.516,-83.458],[-57.354,-82.84],[-55.801,-82.478],[-55.295,-82.465],[-53.986,-82.201],[-52.415,-82.135],[-50.653,-81.975],[-48.361,-81.892],[-47.36,-82.004],[-46.258,-81.947],[-46.046,-82.159],[-46.517,-82.455],[-45.044,-82.438],[-43.669,-82.27],[-43.18,-82.017],[-42.046,-81.598],[-41.434,-81.298],[-38.772,-80.882],[-37.209,-81.064],[-35.966,-80.891],[-35.327,-80.651],[-32.256,-80.461],[-31.312,-80.45],[-31.015,-80.308],[-29.329,-80.172],[-24.24,-80.062],[-23.574,-79.965],[-23.407,-79.859],[-24.3,-79.771],[-25.259,-79.762],[-29.949,-79.599],[-30.211,-79.485],[-30.316,-79.163],[-31.413,-79.145],[-32.994,-79.229],[-34.197,-79.11],[-35.516,-78.933],[-36.239,-78.774],[-36.181,-78.468],[-35.509,-78.041],[-35.088,-77.837],[-34.551,-77.729],[-34.076,-77.425],[-32.614,-77.141],[-32.063,-77.16],[-31.676,-77.033],[-30.489,-76.762],[-30.222,-76.66],[-28.934,-76.37],[-27.135,-76.157],[-26.059,-75.957],[-24.27,-75.767],[-22.465,-75.661],[-21.434,-75.683],[-20.783,-75.594],[-20.487,-75.492],[-19.493,-75.54],[-18.517,-75.39],[-18.749,-75.242],[-18.517,-75.052],[-18.221,-74.975],[-17.923,-74.699],[-17.299,-74.334],[-16.43,-74.324],[-15.673,-74.407],[-15.29,-74.281],[-14.574,-73.937],[-14.611,-73.852],[-15.749,-73.946],[-16.22,-73.916],[-15.936,-73.758],[-16.519,-73.644],[-16.435,-73.426],[-15.596,-73.097],[-15.007,-73.047],[-14.321,-73.123],[-14,-73.001],[-14.298,-72.733],[-13.209,-72.785],[-12.747,-72.629],[-11.497,-72.413],[-10.958,-71.902],[-11.333,-71.786],[-12.148,-71.614],[-12.351,-71.39],[-12.074,-71.297],[-11.663,-71.331],[-10.825,-71.553],[-10.52,-71.296],[-10.033,-71.131],[-9.888,-71.027],[-9.231,-71.174],[-8.646,-71.673],[-7.916,-71.635],[-7.714,-71.546],[-7.618,-71.121],[-7.873,-70.94],[-7.753,-70.843],[-7.388,-70.787],[-6.838,-70.845],[-5.936,-70.713],[-5.588,-70.857],[-6.08,-71.154],[-5.95,-71.342],[-4.45,-71.328],[-3.713,-71.375],[-2.812,-71.321],[-2.261,-71.357],[-2.015,-71.433],[-0.896,-71.349],[-0.76,-71.63],[-0.543,-71.713],[0.154,-71.398],[0.835,-71.202],[1.909,-71.004],[2.609,-70.9],[3.507,-70.844],[5.113,-70.656],[6.508,-70.586],[7.401,-70.494],[7.677,-70.356],[8.523,-70.474],[8.817,-70.391],[9.142,-70.184],[9.613,-70.269],[10.218,-70.508],[11.204,-70.729],[11.701,-70.767],[12.068,-70.617],[12.462,-70.37],[12.929,-70.213],[12.595,-70.117],[13.066,-70.054],[13.298,-70.23],[13.823,-70.343],[14.492,-70.3],[15.807,-70.324],[16.025,-70.193],[16.381,-70.145],[16.585,-70.204],[16.709,-70.397],[18.125,-70.54],[18.433,-70.29],[18.877,-70.201],[19.196,-70.293],[19.027,-70.674],[19.265,-70.902],[20.128,-70.918],[21.071,-70.843],[21.337,-70.495],[21.705,-70.258],[21.962,-70.3],[22.366,-70.475],[22.234,-70.643],[22.445,-70.74],[22.979,-70.81],[23.407,-70.723],[23.804,-70.405],[24.236,-70.449],[24.386,-70.704],[24.757,-70.892],[25.187,-70.971],[25.974,-71.037],[26.499,-71.02],[27.207,-70.911],[27.698,-70.772],[28.912,-70.583],[29.464,-70.406],[30.003,-70.3],[31.063,-70.225],[31.379,-70.226],[32.621,-70.001],[32.81,-69.909],[32.989,-69.624],[32.903,-69.379],[32.568,-69.074],[32.642,-68.869],[33.121,-68.689],[33.466,-68.671],[34.193,-68.702],[34.219,-68.791],[33.772,-69.02],[33.814,-69.099],[34.596,-69.095],[35.131,-69.487],[35.225,-69.637],[36.719,-69.652],[37.115,-69.81],[37.56,-69.718],[38.144,-69.824],[38.499,-70.056],[38.859,-70.006],[39.487,-69.608],[39.705,-69.426],[39.864,-68.967],[40.484,-68.739],[40.817,-68.724],[41.133,-68.575],[41.825,-68.433],[42.409,-68.352],[42.82,-68.123],[44.7,-67.904],[44.99,-67.769],[45.569,-67.736],[45.888,-67.66],[46.399,-67.618],[46.317,-67.402],[46.56,-67.268],[46.884,-67.275],[47.403,-67.409],[47.117,-67.573],[47.49,-67.728],[47.959,-67.66],[48.21,-67.699],[48.322,-67.917],[48.648,-67.794],[48.63,-67.521],[49.053,-67.352],[49.219,-67.227],[48.714,-67.217],[48.465,-67.043],[48.83,-66.938],[49.247,-66.942],[50.006,-67.175],[50.606,-67.15],[50.521,-66.82],[50.306,-66.753],[50.244,-66.603],[50.332,-66.445],[50.937,-66.315],[51.885,-66.02],[52.955,-65.946],[53.672,-65.859],[54.948,-65.916],[55.29,-65.954],[55.71,-66.08],[56.362,-66.373],[56.859,-66.423],[57.185,-66.613],[56.824,-66.713],[56.295,-66.603],[56.453,-66.78],[56.391,-66.974],[55.803,-67.199],[56.155,-67.265],[56.562,-67.116],[56.892,-67.056],[57.627,-67.014],[58.737,-67.23],[59.251,-67.485],[59.868,-67.403],[60.482,-67.385],[61.309,-67.54],[62.174,-67.575],[62.688,-67.648],[63.238,-67.527],[63.699,-67.508],[64.574,-67.62],[66.488,-67.766],[67.175,-67.768],[68.328,-67.89],[68.9,-67.862],[69.416,-67.743],[69.656,-67.865],[69.603,-68.041],[69.982,-68.464],[69.534,-68.737],[69.646,-68.932],[69.531,-69.024],[69.629,-69.232],[69.372,-69.331],[68.906,-69.373],[68.88,-69.47],[69.188,-69.655],[69.083,-69.867],[68.744,-69.921],[68.178,-69.837],[67.575,-70.088],[67.268,-70.273],[67.941,-70.423],[68.559,-70.412],[69.021,-70.325],[69.25,-70.431],[69.188,-70.705],[68.873,-71.035],[68.624,-71.181],[68.037,-71.391],[67.432,-72.003],[67.113,-72.641],[66.892,-72.949],[66.498,-73.125],[66.569,-73.209],[67.322,-73.3],[67.971,-73.086],[67.971,-72.751],[68.42,-72.515],[69.555,-72.375],[69.962,-72.133],[70.294,-72.055],[70.616,-71.842],[71.079,-71.737],[71.277,-71.624],[71.465,-71.155],[71.905,-70.707],[72.263,-70.657],[72.76,-70.396],[72.822,-70.096],[73.325,-69.849],[73.942,-69.743],[74.571,-69.88],[75.148,-69.855],[75.424,-69.893],[75.821,-69.725],[75.891,-69.576],[76.36,-69.49],[77.192,-69.206],[77.541,-69.174],[77.817,-69.069],[78.015,-68.892],[78.489,-68.626],[78.563,-68.394],[78.726,-68.278],[79.288,-68.119],[80.363,-67.947],[82.017,-67.69],[82.607,-67.613],[83.304,-67.603],[83.494,-67.441],[84.485,-67.114],[84.748,-67.102],[85.711,-67.161],[86.118,-67.055],[86.75,-67.037],[87.085,-66.94],[87.98,-66.788],[88.314,-66.817],[88.789,-66.792],[89.698,-66.823],[90.547,-66.734],[91.022,-66.603],[92.073,-66.508],[92.731,-66.624],[93.358,-66.585],[93.964,-66.69],[94.313,-66.647],[94.84,-66.501],[95.541,-66.631],[96.424,-66.6],[97.101,-66.499],[97.72,-66.607],[98.258,-66.467],[98.72,-66.553],[98.859,-66.671],[99.37,-66.648],[100.212,-66.474],[100.889,-66.358],[101.327,-66.1],[101.474,-65.951],[102.174,-65.954],[102.674,-65.865],[103.639,-65.999],[103.951,-65.988],[104.667,-66.137],[105,-66.164],[106.387,-66.411],[107.171,-66.47],[107.667,-66.58],[107.785,-66.664],[108.158,-66.639],[108.376,-66.766],[108.91,-66.862],[109.463,-66.909],[109.824,-66.834],[110.622,-66.524],[110.587,-66.312],[110.907,-66.077],[111.453,-65.961],[113.099,-65.8],[113.71,-65.93],[113.954,-66.06],[114.337,-66.36],[114.619,-66.468],[115.082,-66.493],[115.31,-66.561],[115.635,-66.771],[115.274,-67.028],[114.571,-67.108],[113.991,-67.212],[113.913,-67.368],[114.027,-67.441],[114.658,-67.388],[115.384,-67.238],[115.885,-67.202],[116.713,-67.047],[117.132,-67.114],[117.745,-67.129],[118.139,-67.082],[118.519,-67.161],[118.965,-67.145],[119.768,-66.992],[119.954,-67.076],[119.281,-67.199],[119.133,-67.371],[120.4,-67.236],[120.979,-67.136],[121.488,-67.091],[122.183,-66.859],[123.222,-66.745],[123.969,-66.608],[124.196,-66.601],[124.598,-66.708],[125.095,-66.641],[125.398,-66.424],[125.866,-66.364],[126.665,-66.498],[126.874,-66.759],[127.541,-67.051],[127.968,-67.028],[128.431,-67.119],[129.237,-67.042],[129.741,-66.469],[130.121,-66.292],[130.579,-66.209],[130.952,-66.191],[131.831,-66.236],[132.32,-66.165],[132.874,-66.178],[133.148,-66.095],[133.445,-66.081],[133.843,-66.154],[134.179,-66.277],[134.289,-66.477],[134.971,-66.33],[135.352,-66.127],[136.194,-66.292],[136.553,-66.439],[136.889,-66.34],[137.336,-66.346],[137.754,-66.406],[138.14,-66.544],[139.242,-66.574],[139.9,-66.715],[140.902,-66.752],[141.286,-66.832],[141.973,-66.807],[142.327,-66.948],[142.888,-67],[143.448,-66.877],[143.863,-66.939],[143.911,-67.091],[144.348,-67.018],[144.621,-67.141],[143.942,-67.794],[144.189,-67.9],[144.404,-67.794],[144.879,-67.721],[145.128,-67.626],[145.556,-67.591],[145.975,-67.624],[146.828,-67.965],[146.897,-68.12],[146.798,-68.274],[147.094,-68.369],[147.569,-68.375],[148.456,-68.467],[148.881,-68.431],[149.717,-68.418],[150.342,-68.436],[150.936,-68.358],[151.068,-68.385],[151.139,-68.764],[151.562,-68.694],[152.546,-68.73],[153.082,-68.857],[153.705,-68.729],[153.785,-68.35],[154.2,-68.418],[154.988,-68.841],[155.52,-69.024],[156.011,-69.078],[156.489,-69.183],[157.046,-69.176],[157.481,-69.309],[157.776,-69.205],[158.158,-69.209],[159.386,-69.468],[159.784,-69.522],[160.126,-69.734],[160.21,-69.975],[160.652,-70.081],[161.037,-70.317],[161.425,-70.827],[161.625,-70.916],[162.287,-70.969],[162.04,-70.625],[162.022,-70.44],[162.216,-70.334],[162.675,-70.305],[163.349,-70.621],[163.998,-70.637],[164.403,-70.51],[165.854,-70.645],[166.627,-70.664],[167.569,-70.81],[168.173,-71.183],[168.798,-71.275],[170.162,-71.63],[170.436,-71.419],[170.859,-71.869],[170.675,-71.969],[170.224,-71.948],[170.03,-72.116],[169.954,-72.403],[170.286,-72.477],[170.048,-72.601],[169.44,-72.487],[169.072,-72.469],[168.82,-72.552],[169.829,-72.729],[169.545,-73.05],[169.033,-73.2],[168.736,-73.091],[168.204,-73.13],[167.156,-73.147],[166.883,-73.011],[166.467,-72.997],[166.834,-73.224],[167.616,-73.337],[166.996,-73.544],[166.159,-73.534],[166.106,-73.735],[165.734,-73.867],[165.347,-73.879],[165.129,-73.383],[164.813,-73.397],[164.75,-73.559],[164.98,-73.926],[164.776,-74.029],[165.263,-74.426],[165.303,-74.594],[164.174,-74.523],[163.735,-74.564],[163.266,-74.426],[163.167,-74.602],[162.604,-74.823],[162.534,-75.167],[162.088,-75.262],[161.68,-75.218],[160.911,-75.335],[161.904,-75.404],[162.19,-75.467],[162.239,-75.622],[162.816,-75.846],[162.437,-76.155],[162.728,-76.225],[162.825,-76.464],[162.763,-76.746],[162.45,-76.956],[163.087,-77.032],[163.608,-77.388],[163.619,-77.582],[164.036,-77.853],[164.421,-77.883],[164.43,-78.042],[163.978,-78.224],[164.628,-78.316],[165.051,-78.226],[165.663,-78.306],[166.209,-78.452],[167.058,-78.518],[167.049,-78.686],[166.525,-78.695],[166.117,-78.571],[164.635,-78.603],[162.639,-78.898],[161.975,-78.694],[161.502,-78.677],[161.951,-79.03],[161.191,-78.979],[160.483,-79.201],[160.646,-79.427],[160.209,-79.554],[160.559,-80.011],[158.767,-80.293],[158.574,-80.423],[160.542,-80.425],[160.521,-80.583],[160.83,-80.73],[160.26,-80.787],[160.717,-80.907],[160.717,-81.2],[160.47,-81.341],[160.908,-81.39],[161.582,-81.61],[162.821,-81.866],[163.68,-82.187],[161.167,-82.408],[161.283,-82.49],[163.269,-82.463],[164.747,-82.354],[166.446,-82.722],[166.957,-82.765],[167.233,-82.952],[168.607,-83.065],[168.11,-83.362],[169.838,-83.399],[171.221,-83.475],[171.917,-83.644],[172.874,-83.673],[173.822,-83.81],[175.011,-83.839],[175.323,-83.94],[179.403,-84.206],[180,-84.352]]},"properties":{"scalerank":0,"featureclass":"Coastline"}},
{"type":"Feature","geometry":{"type":"LineString","coordinates":[[180,71.538],[179.548,71.448],[178.891,71.231],[178.628,71.047],[178.793,70.822],[179.648,70.899],[180,70.993]]},"properties":{"scalerank":0,"featureclass":"Coastline"}},
{"type":"Feature","geometry":{"type":"MultiLineString","coordinates":[[[54.71,40.891],[54.547,40.832],[54.319,40.835],[54.193,40.72],[53.87,40.649],[53.764,40.666],[53.615,40.819],[53.333,40.783],[53.145,40.825],[52.943,41.038],[52.85,40.686],[52.734,40.399],[52.744,40.22],[52.898,39.913],[52.988,39.988],[53.404,39.96],[53.487,39.909],[53.472,39.669],[53.39,39.536],[53.236,39.609],[53.125,39.432],[53.203,39.317],[53.336,39.341],[53.618,39.216],[53.869,38.949],[53.84,38.515],[53.854,38.286],[53.824,37.928],[53.848,37.67],[54.017,36.952],[53.97,36.818],[53.768,36.93],[53.374,36.869],[52.19,36.622],[51.762,36.615],[51.119,36.743],[50.927,36.81],[50.533,37.014],[50.338,37.149],[50.13,37.407],[49.727,37.481],[49.47,37.497],[49.171,37.601],[49.081,37.668],[48.96,37.89],[48.871,38.393],[48.851,38.815],[49.013,39.134],[49.2,39.073],[49.269,39.285],[49.363,39.35],[49.324,39.608],[49.477,40.087],[49.551,40.194],[49.919,40.316],[50.143,40.323],[50.307,40.412],[49.991,40.577],[49.776,40.584],[49.556,40.716],[49.226,41.026],[49.107,41.302],[48.665,41.787],[48.384,41.953],[48.229,42.181],[47.822,42.613],[47.709,42.811],[47.463,43.035],[47.513,43.219],[47.509,43.51],[47.628,43.806],[47.429,43.78],[47.362,43.993],[47.23,44.192],[47.024,44.343],[46.753,44.421],[46.755,44.657],[47.115,44.906],[47.221,45.024],[47.489,45.455],[47.524,45.602],[47.701,45.686],[47.83,45.663],[48.159,45.737],[48.487,45.935],[48.69,45.889],[48.684,46.086],[49.08,46.189],[49.347,46.519],[49.761,46.571],[50,46.634],[50.419,46.879],[50.583,46.882],[50.92,47.041],[51.178,47.11],[51.65,47.018],[51.745,46.934],[52.189,46.84],[52.483,46.991],[52.916,46.954],[53.069,46.856],[53.17,46.669],[53.079,46.547],[53.135,46.192],[53.042,45.968],[52.774,45.573],[52.838,45.497],[53.086,45.407],[53.079,45.308],[52.531,45.399],[51.733,45.399],[51.416,45.358],[51.25,45.122],[51.04,44.98],[51.058,44.812],[51.377,44.541],[51.177,44.501],[50.86,44.629],[50.409,44.624],[50.297,44.582],[50.253,44.406],[50.331,44.325],[50.685,44.265],[50.831,44.193],[50.94,43.959],[51.14,43.649],[51.302,43.482],[51.295,43.174],[51.616,43.158],[51.844,42.91],[51.961,42.851],[52.184,42.869],[52.597,42.76],[52.618,42.428],[52.462,42.101],[52.494,41.78],[52.609,41.529],[52.83,41.342],[52.883,41.653],[52.815,41.712],[52.97,41.976],[53.164,42.094],[53.625,42.136],[53.846,42.091],[54.095,41.519],[54.285,41.364],[54.592,41.194],[54.704,41.071],[54.71,40.891]],[[180,68.983],[178.848,69.387],[177.934,69.496],[177.395,69.612],[176.924,69.646],[176.108,69.86],[175.751,69.904],[175.296,69.86],[173.948,69.874],[173.439,69.947],[173.277,69.824],[172.56,69.968],[171.247,70.076],[170.487,70.108],[170.503,69.857],[170.161,69.627],[170.582,69.583],[170.997,69.135],[170.995,69.045],[170.538,68.825],[169.61,68.786],[169.311,69.08],[168.303,69.271],[168.15,69.577],[167.95,69.699],[167.628,69.74],[166.82,69.5],[165.761,69.584],[164.513,69.609],[164.16,69.719],[163.201,69.715],[162.376,69.649],[161.945,69.545],[161.537,69.38],[161.48,69.202],[161.566,68.905],[161.036,69.098],[160.911,69.606],[159.833,69.785],[159.729,69.87],[160.006,70.31],[159.728,70.65],[159.351,70.791],[158.702,70.935],[158.037,71.039],[157.447,71.075],[155.895,71.096],[155.596,71.039],[155.029,71.034],[153.794,70.88],[152.509,70.834],[151.762,70.982],[152.093,71.023],[151.582,71.287],[150.968,71.38],[150.6,71.52],[150.061,71.511],[149.857,71.601],[148.923,71.715],[149.049,71.796],[149.881,71.843],[149.963,71.992],[149.502,72.164],[148.402,72.312],[147.434,72.341],[147.127,72.292],[146.368,71.922],[145.805,71.746],[145.189,71.696],[144.99,71.753],[145.126,71.927],[145.757,71.941],[145.71,72.206],[146.23,72.138],[146.402,72.035],[146.807,72.237],[146.594,72.302],[145.039,72.26],[144.471,72.175],[144.361,72.265],[144.776,72.382],[146.235,72.35],[146.253,72.442],[145.486,72.542],[143.516,72.698],[142.061,72.721],[141.31,72.858],[140.808,72.891],[141.079,72.587],[140.451,72.493],[139.601,72.496],[139.141,72.33],[139.176,72.163],[139.617,72.226],[139.847,72.149],[139.64,71.998],[139.695,71.7],[139.984,71.492],[139.209,71.445],[139.005,71.556],[138.118,71.566],[137.918,71.384],[138.091,71.307],[137.651,71.208],[137.315,71.359],[136.406,71.571],[135.885,71.631],[135.022,71.515],[134.703,71.387],[134.103,71.379],[133.426,71.491],[132.562,71.895],[132.228,71.643],[131.906,71.203],[131.562,70.901],[131.157,70.742],[130.668,70.888],[130.281,70.947],[129.762,71.12],[128.949,71.708],[129.461,71.739],[129.21,71.917],[128.911,71.755],[128.359,72.088],[127.841,72.308],[128.475,72.246],[128.935,72.079],[129.283,72.092],[129.412,72.315],[129.117,72.486],[128.633,72.55],[129.25,72.705],[129.017,72.872],[128.599,72.895],[129.054,73.045],[128.889,73.19],[127.74,73.482],[127.031,73.547],[126.553,73.335],[126.257,73.42],[126.254,73.548],[125.617,73.521],[124.796,73.712],[124.388,73.755],[123.305,73.533],[123.384,73.347],[123.622,73.193],[123.16,72.955],[122.692,72.891],[122.03,72.897],[121.886,72.961],[120.997,72.937],[120.598,72.981],[119.75,72.979],[118.96,73.117],[118.43,73.247],[118.45,73.59],[117.309,73.599],[116.496,73.676],[115.338,73.703],[114.816,73.607],[114.061,73.585],[113.157,73.46],[113.416,73.648],[113.033,73.914],[112.795,73.746],[112.147,73.709],[111.4,73.828],[111.056,73.939],[110.261,74.017],[109.869,73.931],[109.753,73.723],[110.388,73.726],[110.429,73.629],[109.855,73.472],[109.331,73.487],[109.09,73.378],[108.001,73.236],[107.75,73.173],[106.478,73.139],[106.067,72.95],[105.677,72.959],[106.189,73.308],[106.679,73.331],[107.271,73.621],[107.765,73.625],[108.2,73.694],[109.075,74.032],[109.81,74.169],[109.84,74.322],[111.299,74.658],[111.868,74.74],[112.925,75.015],[113.614,75.293],[113.726,75.451],[112.956,75.572],[112.629,75.835],[113.62,75.593],[113.871,75.856],[113.564,75.892],[113.428,76.112],[112.798,76.13],[112.62,76.384],[112.094,76.48],[111.786,76.604],[111.115,76.723],[110.471,76.758],[109.981,76.712],[109.369,76.749],[108.028,76.718],[107.624,76.51],[106.639,76.573],[107.43,76.927],[106.942,77.034],[105.712,77.001],[104.912,77.175],[106.06,77.391],[105.895,77.489],[104.015,77.73],[103.131,77.626],[101.518,77.198],[100.99,76.99],[100.92,76.823],[101.099,76.704],[100.844,76.525],[100.322,76.479],[98.806,76.481],[99.617,76.24],[99.563,76.109],[98.662,76.243],[97.205,76.019],[96.879,75.931],[96.509,76.006],[95.986,76.01],[95.92,76.113],[95.038,76.114],[94.576,76.152],[93.648,76.054],[93.178,75.959],[93.55,75.854],[91.845,75.724],[91.479,75.65],[90.185,75.591],[89.595,75.458],[89.31,75.47],[87.671,75.13],[87.141,75.072],[87.419,74.941],[86.651,74.682],[86.201,74.816],[85.791,74.645],[86.7,74.522],[86.665,74.414],[86.183,74.423],[86.001,74.316],[86.571,74.244],[87.21,73.879],[87.571,73.811],[87.12,73.615],[86.366,73.62],[87.029,73.824],[86.591,73.894],[85.611,73.822],[85.448,73.735],[84.738,73.763],[83.545,73.667],[81.817,73.659],[80.583,73.568],[80.398,73.357],[80.51,73.086],[80.842,72.949],[80.656,72.712],[80.827,72.488],[81.283,72.359],[81.793,72.327],[82.184,72.238],[82.319,72.072],[82.645,71.925],[83.2,71.875],[83.571,71.594],[83.151,71.104],[83.579,70.766],[83.736,70.546],[83.497,70.345],[82.682,70.218],[83.03,70.581],[83.051,70.815],[82.869,70.955],[82.336,70.807],[82.239,70.998],[82.323,71.26],[82.918,71.42],[83.234,71.668],[82.986,71.749],[82.547,71.759],[82.08,71.707],[81.511,71.746],[80.856,71.97],[80.763,72.089],[79.954,72.223],[79.422,72.381],[78.483,72.395],[77.968,72.329],[77.472,72.192],[77.493,72.072],[78.016,72.092],[78.232,71.952],[77.551,71.842],[76.871,72.033],[76.422,72.006],[76.032,71.91],[76.312,71.595],[77.481,71.312],[77.908,71.324],[78.213,71.266],[78.526,70.912],[78.068,70.986],[77.59,71.168],[76.11,71.219],[75.332,71.342],[75.28,71.43],[75.503,71.655],[75.247,71.813],[75.55,72.171],[75.741,72.296],[75.604,72.581],[75.369,72.797],[74.787,72.812],[75.097,72.421],[74.992,72.145],[74.311,71.958],[73.672,71.845],[73.086,71.445],[73.507,71.264],[74.311,70.654],[74.207,70.445],[73.83,70.176],[73.56,69.707],[73.891,69.418],[73.776,69.198],[73.977,69.115],[74.363,69.145],[74.815,69.091],[75.42,69.239],[76.001,69.235],[77.651,68.903],[77.995,68.259],[77.665,68.19],[77.536,68.008],[77.588,67.752],[78.922,67.589],[77.986,67.559],[77.675,67.59],[77.174,67.779],[77.248,67.941],[77.238,68.47],[77.112,68.596],[76.735,68.777],[76.459,68.978],[76.108,68.976],[75.125,68.862],[74.58,68.751],[74.391,68.421],[74.743,68.074],[74.77,67.766],[74.075,67.414],[73.792,66.995],[73.342,66.807],[72.417,66.561],[72.322,66.332],[71.917,66.247],[71.566,66.334],[71.146,66.367],[70.339,66.342],[69.194,66.579],[69.013,66.788],[69.218,66.829],[69.877,66.845],[70.383,66.602],[70.725,66.519],[70.939,66.548],[71.551,66.76],[71.365,66.962],[71.847,67.008],[72.594,67.587],[72.949,67.696],[73.152,67.865],[73.139,68.181],[73.465,68.431],[73.548,68.575],[72.812,68.815],[72.527,69.081],[72.616,69.484],[72.53,70.173],[72.469,70.275],[72.7,70.457],[72.732,70.823],[72.581,71.151],[72.079,71.307],[71.912,71.548],[72.279,71.696],[72.624,72.079],[72.753,72.343],[72.812,72.691],[72.446,72.79],[71.93,72.82],[71.5,72.914],[70.655,72.89],[69.645,72.898],[69.391,72.956],[69.039,72.67],[68.607,72.013],[68.269,71.683],[67.542,71.412],[66.918,71.282],[66.847,71.064],[66.666,70.901],[66.822,70.797],[67.285,70.739],[67.146,70.22],[67.239,70.108],[66.926,70.014],[66.804,69.659],[67.064,69.694],[68.006,69.48],[68.117,69.236],[68.543,68.967],[68.763,68.917],[69.141,68.951],[68.829,68.567],[68.504,68.348],[67.731,68.514],[67.149,68.754],[67.002,68.874],[66.416,68.948],[65.736,69.132],[65.032,69.27],[64.19,69.535],[63.361,69.675],[62.631,69.743],[61.771,69.763],[61.016,69.851],[60.171,69.591],[60.665,69.11],[60.934,68.987],[60.489,68.729],[59.896,68.706],[59.897,68.422],[59.604,68.351],[59.099,68.444],[59.112,68.616],[59.371,68.738],[58.919,69.004],[58.173,68.89],[57.127,68.554],[56.044,68.649],[55.418,68.568],[54.923,68.374],[54.861,68.202],[54.561,68.273],[53.968,68.227],[53.261,68.267],[53.343,68.343],[53.931,68.436],[53.759,68.634],[53.971,68.844],[53.802,68.996],[52.684,68.731],[52.55,68.592],[52.67,68.427],[51.995,68.539],[51.336,68.402],[50.839,68.35],[49.931,68.065],[49.155,67.87],[48.696,67.874],[48.878,67.731],[47.875,67.584],[47.908,67.455],[47.768,67.276],[47.709,67.045],[47.496,66.93],[46.691,66.826],[45.986,66.853],[45.562,67.186],[44.939,67.351],[44.939,67.477],[45.529,67.758],[46.69,67.849],[46.684,67.97],[45.892,68.48],[45.078,68.578],[44.048,68.549],[43.472,68.68],[43.404,68.609],[44.169,68.327],[44.225,67.996],[43.782,67.254],[44.292,67.1],[44.404,67.004],[44.489,66.672],[44.097,66.235],[44.104,66.009],[43.653,66.251],[43.233,66.416],[42.602,66.423],[42.211,66.52],[41.781,66.259],[41.476,66.123],[40.692,65.963],[40.328,65.752],[39.817,65.598],[39.798,65.35],[40.281,64.998],[40.445,64.779],[40.058,64.771],[39.758,64.577],[39.567,64.571],[39.054,64.714],[38.541,64.791],[38.412,64.857],[38.009,64.879],[37.528,65.108],[37.141,65.194],[36.883,65.172],[36.786,64.987],[36.528,64.847],[37.184,64.408],[37.741,64.397],[37.954,64.32],[38.071,64.026],[37.968,63.949],[37.442,63.813],[36.365,64.003],[36.146,64.189],[35.647,64.378],[35.432,64.347],[35.035,64.44],[34.87,64.56],[34.804,64.986],[34.406,65.396],[34.616,65.51],[34.786,65.865],[34.4,66.128],[34.113,66.225],[33.567,66.321],[33.656,66.443],[33.217,66.532],[33.181,66.68],[32.929,66.704],[32.464,66.916],[32.4,67.153],[32.93,67.087],[32.848,67.022],[33.15,66.844],[33.482,66.765],[34.825,66.611],[35.513,66.396],[36.373,66.302],[36.77,66.294],[37.295,66.225],[37.628,66.13],[38.398,66.064],[39.289,66.132],[40.103,66.3],[40.522,66.447],[41.189,66.826],[41.359,67.21],[41.134,67.267],[40.966,67.713],[40.381,67.832],[40.036,68.015],[39.569,68.072],[38.832,68.325],[38.43,68.356],[37.731,68.692],[35.858,69.192],[35.29,69.275],[34.864,69.228],[34.229,69.313],[33.684,69.31],[33.454,69.428],[32.637,69.489],[32.378,69.479],[32.177,69.674],[32.754,69.606],[32.942,69.752],[32.565,69.806],[31.985,69.954],[31.453,69.69],[31.05,69.769],[30.484,69.795],[29.792,69.728],[29.636,69.78],[29.601,69.977],[28.804,70.093],[28.781,70.145],[29.926,70.096],[30.944,70.274],[30.926,70.401],[30.596,70.524],[30.213,70.543],[30.065,70.703],[29.796,70.643],[29.102,70.861],[28.609,70.76],[28.437,70.501],[28.203,70.577],[28.392,70.975],[27.597,71.091],[27.235,70.947],[27.556,70.827],[27.184,70.744],[26.989,70.511],[26.584,70.454],[26.734,70.854],[26.507,70.913],[25.471,70.341],[25.212,70.136],[24.994,70.218],[25.274,70.552],[25.768,70.853],[24.658,71.001],[24.263,70.826],[24.42,70.702],[24.038,70.485],[23.661,70.4],[23.046,70.102],[22.941,70.305],[22.685,70.375],[21.996,70.293],[21.4,70.174],[21.803,70.066],[21.975,69.835],[21.254,70.003],[21.163,69.89],[20.622,69.914],[20.069,69.883],[19.197,69.748],[18.991,69.561],[18.293,69.475],[18.079,69.325],[18.101,69.156],[17.705,69.1],[17.391,68.799],[17.131,68.693],[16.652,68.626],[16.585,68.466],[17.571,68.447],[16.865,68.355],[16.388,68.39],[16.175,68.281],[16.372,68.062],[16.121,68.027],[16.065,68.2],[15.657,68.164],[15.316,68.069],[14.799,67.809],[14.781,67.675],[15.219,67.655],[14.755,67.499],[14.448,67.298],[15.435,67.247],[14.109,67.119],[13.621,66.795],[13.312,66.702],[13.105,66.539],[13.119,66.231],[12.784,66.1],[12.976,66.019],[12.273,65.568],[12.122,65.362],[12.16,65.179],[11.35,64.906],[11.225,64.679],[10.834,64.494],[10.566,64.418],[10.236,64.18],[10.01,64.083],[9.708,63.865],[9.924,63.522],[10.339,63.571],[10.935,63.77],[10.914,63.921],[11.176,63.899],[11.371,63.805],[10.725,63.625],[10.76,63.461],[10.081,63.433],[9.697,63.625],[9.324,63.57],[8.842,63.646],[8.398,63.535],[8.594,63.426],[8.58,63.313],[8.271,63.287],[8.101,63.091],[7.572,63.1],[7.008,62.958],[6.782,62.79],[6.78,62.701],[7.242,62.752],[7.284,62.602],[6.745,62.638],[6.353,62.611],[6.118,62.447],[5.533,62.311],[5.358,62.152],[5.143,62.16],[5.16,61.957],[5.473,61.946],[6.131,61.852],[6.016,61.788],[5.465,61.897],[4.985,61.9],[4.928,61.711],[5.258,61.455],[5.003,61.434],[5.022,61.251],[5.325,61.108],[5.009,61.038],[5.049,60.708],[5.244,60.57],[5.137,60.446],[5.184,60.308],[5.495,60.07],[5.206,60.088],[5.119,59.834],[5.234,59.692],[5.495,59.826],[6.153,60.346],[6.112,60.132],[5.73,59.863],[5.867,59.734],[5.772,59.661],[5.472,59.713],[5.305,59.643],[5.185,59.454],[5.132,59.226],[5.362,59.166],[5.564,59.291],[5.845,59.353],[5.969,59.186],[5.854,58.959],[5.556,58.975],[5.517,58.727],[5.707,58.524],[6.389,58.268],[6.66,58.263],[7.005,58.024],[7.466,58.021],[8.166,58.145],[8.521,58.301],[8.928,58.57],[9.618,58.946],[10.179,59.009],[10.431,59.28],[10.398,59.519],[10.634,59.602],[10.645,59.389],[10.834,59.184],[11.196,59.078],[11.272,58.476],[11.432,58.34],[11.449,58.118],[11.703,57.973],[11.735,57.718],[11.879,57.679],[11.962,57.426],[12.421,56.906],[12.718,56.663],[12.884,56.618],[12.857,56.452],[12.656,56.441],[12.802,56.264],[12.593,56.138],[12.978,55.694],[12.886,55.411],[13.321,55.346],[13.806,55.429],[14.174,55.397],[14.342,55.528],[14.203,55.729],[14.215,55.833],[14.559,56.049],[14.755,56.033],[14.782,56.162],[15.327,56.151],[15.627,56.186],[15.827,56.125],[15.997,56.223],[16.151,56.501],[16.349,56.709],[16.528,57.068],[16.476,57.265],[16.652,57.501],[16.555,57.812],[16.695,57.918],[16.7,58.161],[16.77,58.214],[16.652,58.434],[16.924,58.493],[16.639,58.651],[16.978,58.654],[17.457,58.858],[18.285,59.109],[18.509,59.408],[18.217,59.421],[18.971,59.757],[18.933,59.942],[18.787,60.079],[18.535,60.153],[18.558,60.254],[18.25,60.362],[17.956,60.59],[17.661,60.535],[17.555,60.643],[17.251,60.701],[17.131,61.576],[17.417,61.741],[17.375,61.866],[17.563,62.212],[17.373,62.427],[17.834,62.503],[17.974,62.721],[17.896,62.831],[18.463,62.896],[18.606,63.178],[19.034,63.238],[19.354,63.477],[19.722,63.463],[19.914,63.611],[20.205,63.662],[20.763,63.868],[21.018,64.178],[21.465,64.38],[21.279,64.725],[21.138,64.809],[21.574,65.126],[21.566,65.408],[21.88,65.424],[22.254,65.598],[22.366,65.843],[22.747,65.871],[23.102,65.735],[23.691,65.829],[23.891,65.782],[24.238,65.812],[24.582,65.757],[25.242,65.546],[25.348,65.479],[25.256,65.143],[25.373,65.009],[24.558,64.801],[24.278,64.515],[23.925,64.274],[23.249,63.896],[23.014,63.822],[22.243,63.438],[22.32,63.31],[22.12,63.244],[21.545,63.204],[21.651,63.039],[21.196,62.791],[21.104,62.623],[21.166,62.414],[21.354,62.224],[21.256,61.99],[21.385,61.915],[21.606,61.592],[21.498,61.552],[21.479,61.171],[21.361,60.967],[21.436,60.596],[21.934,60.5],[22.258,60.401],[22.576,60.359],[22.47,60.201],[22.463,60.029],[22.793,60.077],[22.844,60.187],[23.198,60.022],[23.722,59.966],[24.343,60.042],[24.6,60.114],[25.156,60.194],[25.656,60.333],[25.715,60.267],[26.205,60.407],[26.535,60.413],[27.242,60.539],[27.462,60.465],[27.762,60.533],[28.179,60.571],[28.513,60.677],[28.651,60.611],[28.643,60.375],[29.069,60.191],[29.721,60.195],[30.123,59.874],[29.67,59.956],[29.147,60],[28.947,59.829],[28.454,59.814],[28.335,59.693],[28.014,59.725],[28.064,59.554],[27.893,59.414],[26.975,59.451],[26.625,59.554],[25.794,59.635],[25.509,59.639],[25.444,59.521],[24.878,59.522],[24.584,59.456],[24.38,59.473],[24.083,59.292],[23.783,59.275],[23.494,59.196],[23.515,58.999],[23.432,58.921],[23.509,58.659],[23.768,58.361],[24.115,58.266],[24.337,58.381],[24.529,58.354],[24.464,58.106],[24.302,57.784],[24.403,57.325],[24.281,57.172],[23.931,57.008],[23.648,56.971],[23.287,57.09],[23.137,57.324],[22.649,57.595],[22.555,57.724],[21.729,57.571],[21.459,57.322],[21.351,57.018],[21.071,56.824],[21.015,56.259],[21.062,55.813],[21.238,55.455],[21.189,54.935],[20.888,54.909],[20.52,54.995],[20.397,54.951],[19.975,54.921],[19.944,54.75],[19.758,54.545],[19.407,54.386],[18.976,54.349],[18.67,54.431],[18.323,54.838],[17.843,54.817],[17.262,54.73],[16.885,54.596],[16.56,54.554],[16.186,54.29],[15.9,54.254],[14.716,54.018],[14.384,53.925],[13.922,53.997],[13.926,53.879],[14.558,53.823],[14.488,53.672],[14.025,53.767],[13.866,53.853],[13.724,54.153],[13.448,54.141],[13.147,54.283],[13.029,54.411],[12.575,54.467],[12.111,54.168],[11.796,54.145],[11.4,53.945],[10.811,54.075],[11.009,54.181],[11.013,54.379],[10.732,54.316],[10.36,54.438],[10.212,54.409],[9.892,54.781],[9.746,54.807],[9.645,55.023],[9.454,55.04],[9.671,55.266],[9.591,55.493],[10.183,55.865],[10.319,56.213],[10.539,56.2],[10.856,56.296],[10.926,56.443],[10.846,56.522],[10.49,56.521],[10.283,56.621],[10.296,56.999],[10.524,57.243],[10.537,57.449],[10.259,57.617],[9.962,57.581],[9.554,57.232],[9.299,57.147],[8.619,57.111],[8.284,56.852],[8.268,56.754],[8.468,56.665],[8.772,56.725],[8.993,57.016],[9.255,57.012],[9.067,56.794],[8.553,56.56],[8.164,56.607],[8.121,56.14],[8.202,55.982],[8.132,55.6],[8.616,55.418],[8.67,55.156],[8.682,54.792],[8.957,54.538],[8.952,54.468],[8.648,54.398],[8.907,54.261],[8.898,53.836],[8.619,53.875],[8.528,53.781],[8.538,53.557],[8.302,53.584],[8.009,53.691],[7.285,53.681],[7.107,53.557],[7.053,53.376],[6.816,53.441],[6.062,53.407],[5.532,53.269],[5.358,53.096],[4.678,52.81],[4.562,52.443],[4.483,52.309],[4.209,52.059],[4.085,51.994],[3.947,51.811],[4.183,51.61],[4.08,51.551],[3.744,51.596],[3.449,51.541],[3.587,51.454],[2.96,51.265],[2.446,51.067],[1.913,50.991],[1.672,50.885],[1.579,50.739],[1.552,50.294],[1.407,50.089],[1.246,49.998],[0.616,49.863],[0.187,49.703],[0.109,49.558],[0.278,49.463],[-0.163,49.297],[-0.521,49.355],[-1.139,49.388],[-1.232,49.495],[-1.259,49.68],[-1.856,49.684],[-1.87,49.595],[-1.583,49.202],[-1.565,48.806],[-1.438,48.641],[-1.825,48.631],[-2.446,48.648],[-2.692,48.537],[-3.003,48.791],[-3.231,48.841],[-3.471,48.813],[-3.715,48.71],[-4.059,48.708],[-4.531,48.62],[-4.721,48.54],[-4.719,48.363],[-4.393,48.368],[-4.512,48.23],[-4.378,48.129],[-4.629,48.086],[-4.428,47.969],[-4.312,47.823],[-3.901,47.838],[-3.159,47.695],[-2.77,47.514],[-2.554,47.527],[-2.428,47.471],[-2.503,47.312],[-2.108,47.263],[-2.197,47.163],[-2.019,47.038],[-2.059,46.81],[-1.787,46.515],[-1.392,46.35],[-1.146,46.311],[-1.066,45.806],[-1.17,45.686],[-1.081,45.532],[-1.189,45.161],[-1.246,44.56],[-1.346,44.02],[-1.485,43.564],[-1.631,43.438],[-1.991,43.345],[-2.337,43.328],[-2.607,43.413],[-2.875,43.454],[-3.046,43.372],[-3.605,43.519],[-3.889,43.499],[-4.313,43.415],[-4.523,43.416],[-5.105,43.502],[-5.316,43.553],[-5.666,43.582],[-5.847,43.645],[-6.08,43.595],[-6.901,43.586],[-7.061,43.554],[-7.262,43.595],[-7.504,43.74],[-7.698,43.765],[-8.005,43.694],[-8.257,43.58],[-8.249,43.439],[-8.537,43.337],[-8.874,43.334],[-9.178,43.174],[-9.235,42.977],[-9.042,42.814],[-8.988,42.586],[-8.812,42.64],[-8.812,42.47],[-8.691,42.274],[-8.887,42.105],[-8.888,41.765],[-8.811,41.652],[-8.738,41.285],[-8.656,41.029],[-8.685,40.753],[-8.772,40.606],[-8.887,40.179],[-8.838,40.116],[-9.148,39.543],[-9.375,39.338],[-9.474,38.731],[-9.25,38.657],[-9.213,38.448],[-8.915,38.512],[-8.802,38.184],[-8.879,37.959],[-8.792,37.733],[-8.814,37.431],[-8.998,37.032],[-8.598,37.121],[-8.137,37.077],[-7.834,37.006],[-7.494,37.168],[-7.175,37.209],[-6.885,37.194],[-6.492,36.955],[-6.396,36.832],[-6.384,36.637],[-6.269,36.597],[-6.17,36.334],[-6.041,36.188],[-5.625,36.026],[-5.361,36.135],[-5.171,36.424],[-4.935,36.502],[-4.674,36.506],[-4.367,36.718],[-3.828,36.756],[-3.431,36.708],[-3.259,36.756],[-2.788,36.715],[-2.596,36.806],[-2.306,36.82],[-2.112,36.777],[-1.939,36.946],[-1.798,37.233],[-1.641,37.387],[-1.328,37.561],[-0.822,37.581],[-0.823,37.712],[-0.683,37.992],[-0.647,38.152],[-0.381,38.436],[-0.053,38.586],[0.202,38.759],[-0.034,38.891],[-0.205,39.063],[-0.329,39.417],[-0.327,39.52],[-0.075,39.876],[0.364,40.319],[0.596,40.615],[0.859,40.686],[0.715,40.823],[1.033,41.062],[1.567,41.196],[2.083,41.287],[2.311,41.467],[3.005,41.767],[3.248,41.944],[3.166,42.256],[3.307,42.289],[3.091,42.591],[3.052,42.915],[3.259,43.193],[4.053,43.593],[4.163,43.504],[4.629,43.387],[4.789,43.379],[5.06,43.445],[5.12,43.349],[5.32,43.345],[5.407,43.229],[5.672,43.178],[5.809,43.098],[6.116,43.072],[6.494,43.169],[6.657,43.262],[6.717,43.374],[6.865,43.438],[7.181,43.659],[7.493,43.767],[7.733,43.803],[8.082,43.919],[8.292,44.137],[8.552,44.346],[8.766,44.422],[9.289,44.319],[9.731,44.101],[10.048,44.02],[10.246,43.852],[10.321,43.513],[10.448,43.371],[10.532,43.14],[10.515,42.968],[10.708,42.936],[10.803,42.804],[10.938,42.739],[11.168,42.535],[11.185,42.457],[11.637,42.288],[11.807,42.082],[12.075,41.941],[12.631,41.47],[12.849,41.409],[13.089,41.244],[13.247,41.289],[13.555,41.232],[13.733,41.236],[13.86,41.13],[14.102,40.827],[14.309,40.813],[14.461,40.729],[14.459,40.633],[14.766,40.668],[14.907,40.556],[14.986,40.377],[14.951,40.239],[15.295,40.07],[15.585,40.053],[15.693,39.99],[15.854,39.627],[16.024,39.354],[16.107,39.024],[16.21,38.941],[16.197,38.759],[15.972,38.713],[15.879,38.614],[15.905,38.483],[15.822,38.303],[15.643,38.175],[15.725,37.939],[16.057,37.942],[16.282,38.25],[16.546,38.409],[16.559,38.715],[16.755,38.89],[17.175,38.998],[17.123,39.137],[17.115,39.381],[16.824,39.578],[16.598,39.639],[16.53,39.86],[16.67,40.137],[16.928,40.458],[17.031,40.513],[17.215,40.486],[17.258,40.399],[17.476,40.315],[17.865,40.28],[18.078,39.937],[18.344,39.821],[18.486,40.105],[18.461,40.221],[18.328,40.371],[18.036,40.565],[17.955,40.655],[17.474,40.841],[17.103,41.062],[16.552,41.232],[16.013,41.435],[15.9,41.512],[15.914,41.621],[16.151,41.758],[16.165,41.896],[15.964,41.939],[15.405,41.913],[15.169,41.934],[14.866,42.053],[14.541,42.244],[14.183,42.506],[14.01,42.69],[13.805,43.18],[13.564,43.571],[13.295,43.686],[12.907,43.921],[12.691,43.995],[12.396,44.224],[12.305,44.429],[12.248,44.723],[12.279,44.832],[12.464,44.845],[12.523,44.968],[12.392,45.04],[12.226,45.242],[12.274,45.446],[12.498,45.462],[13.03,45.638],[13.206,45.771],[13.465,45.71],[13.628,45.771],[13.783,45.627],[13.517,45.482],[13.629,45.108],[13.861,44.837],[13.966,44.836],[14.386,45.342],[14.55,45.298],[14.855,45.081],[14.907,44.971],[14.895,44.707],[15.27,44.383],[15.123,44.257],[15.499,43.909],[15.942,43.657],[15.986,43.52],[16.394,43.543],[16.903,43.392],[17.129,43.211],[17.537,42.962],[17.585,42.837],[17.824,42.797],[18.517,42.433],[18.894,42.249],[19.122,42.06],[19.186,41.949],[19.578,41.788],[19.576,41.64],[19.441,41.425],[19.48,41.236],[19.461,40.933],[19.345,40.622],[19.439,40.47],[19.398,40.285],[19.485,40.21],[19.852,40.044],[19.965,39.872],[20.001,39.709],[20.191,39.546],[20.301,39.327],[20.468,39.255],[20.78,39.009],[21.118,39.03],[21.074,38.885],[20.777,38.928],[20.777,38.808],[20.992,38.654],[21.113,38.385],[21.39,38.408],[21.473,38.321],[21.965,38.412],[22.227,38.353],[22.422,38.439],[22.933,38.202],[23.149,38.176],[23.122,38.073],[22.893,38.051],[22.8,37.981],[22.556,38.113],[22.244,38.189],[21.953,38.321],[21.825,38.328],[21.658,38.175],[21.404,38.197],[21.308,38.027],[21.145,37.919],[21.329,37.669],[21.571,37.541],[21.692,37.309],[21.579,37.2],[21.583,37.081],[21.738,36.863],[21.892,36.737],[21.956,36.99],[22.08,37.029],[22.489,36.568],[22.608,36.78],[22.78,36.786],[22.983,36.528],[23.074,36.775],[22.995,37.016],[22.765,37.393],[22.775,37.585],[23.096,37.441],[23.162,37.334],[23.489,37.44],[23.348,37.598],[23.198,37.62],[23.147,37.795],[23.036,37.878],[23.194,37.959],[23.58,38.011],[23.877,37.778],[24.055,37.71],[24.025,38.14],[23.967,38.275],[23.684,38.352],[23.57,38.489],[23.369,38.526],[23.253,38.661],[22.774,38.8],[22.803,38.902],[22.966,39.031],[22.839,39.259],[22.993,39.331],[23.288,39.289],[23.103,39.492],[22.919,39.629],[22.836,39.801],[22.592,40.037],[22.569,40.119],[22.643,40.367],[22.629,40.496],[22.811,40.579],[22.896,40.4],[23.312,40.216],[23.426,40.264],[23.665,40.224],[23.835,40.022],[23.967,40.115],[23.721,40.286],[23.867,40.419],[23.879,40.544],[23.763,40.748],[24.082,40.724],[24.384,40.913],[24.557,40.936],[24.793,40.858],[25.104,40.995],[25.25,40.933],[25.856,40.844],[26.011,40.769],[26.105,40.611],[26.792,40.627],[26.72,40.544],[26.447,40.445],[26.254,40.315],[26.33,40.123],[26.772,40.498],[27.258,40.687],[27.43,40.84],[27.499,40.973],[27.747,41.013],[27.925,40.991],[28.172,41.081],[28.78,40.974],[28.956,41.008],[29.057,41.23],[28.947,41.248],[28.346,41.466],[28.198,41.554],[27.987,41.855],[27.983,42.047],[27.708,42.35],[27.485,42.468],[27.754,42.707],[27.889,42.75],[27.929,43.186],[28.134,43.396],[28.465,43.389],[28.562,43.501],[28.591,43.797],[28.659,43.984],[28.645,44.296],[28.852,44.506],[28.807,44.565],[28.926,44.81],[29.048,44.758],[29.558,44.843],[29.635,44.98],[29.727,45.343],[29.602,45.683],[30.219,45.867],[30.512,46.105],[30.722,46.366],[30.796,46.552],[31.137,46.624],[31.32,46.613],[31.532,46.665],[31.78,46.632],[31.974,46.709],[32.127,46.597],[32.354,46.565],[32.361,46.475],[32.008,46.43],[32.036,46.261],[32.477,46.084],[32.942,46.124],[33.202,46.176],[33.43,46.058],[33.594,46.096],[33.665,45.947],[33.28,45.765],[33.142,45.749],[32.508,45.404],[32.611,45.328],[32.919,45.348],[33.187,45.195],[33.392,45.188],[33.555,45.098],[33.612,44.908],[33.451,44.554],[33.656,44.433],[33.91,44.388],[34.282,44.538],[34.47,44.722],[34.717,44.807],[35.088,44.803],[35.155,44.896],[35.358,44.978],[35.473,45.098],[35.678,45.102],[35.87,45.005],[36.393,45.065],[36.575,45.394],[36.171,45.453],[36.013,45.372],[35.833,45.402],[35.558,45.311],[35.374,45.354],[35.023,45.701],[34.857,45.987],[34.85,46.19],[35.064,46.267],[35.23,46.441],[35.4,46.381],[35.827,46.624],[36.025,46.667],[36.279,46.659],[36.432,46.733],[36.689,46.764],[36.795,46.714],[36.932,46.825],[37.34,46.917],[37.543,47.075],[38.178,47.08],[38.485,47.176],[38.668,47.144],[38.928,47.176],[39.024,47.272],[39.196,47.269],[39.293,47.106],[38.801,46.906],[38.439,46.813],[38.501,46.664],[38.23,46.701],[37.968,46.618],[37.767,46.636],[37.914,46.406],[38.078,46.394],[38.492,46.091],[38.184,46.095],[38.133,46.003],[37.933,46.002],[37.841,45.8],[37.612,45.565],[37.647,45.377],[36.941,45.29],[36.619,45.185],[36.651,45.126],[36.944,45.07],[37.205,44.972],[37.411,44.735],[37.572,44.671],[37.851,44.699],[38.181,44.42],[38.717,44.288],[39.329,43.897],[39.517,43.728],[39.874,43.473],[40.524,43.121],[40.837,43.063],[41.062,42.931],[41.129,42.828],[41.419,42.738],[41.489,42.659],[41.663,42.147],[41.763,41.97],[41.702,41.705],[41.414,41.424],[40.959,41.212],[40.265,40.961],[40.128,40.943],[39.808,40.983],[39.426,41.106],[38.852,41.018],[38.557,40.937],[38.381,40.925],[37.91,41.002],[37.766,41.079],[37.431,41.114],[37.066,41.184],[36.992,41.275],[36.778,41.363],[36.51,41.263],[36.278,41.336],[36.179,41.427],[36.052,41.683],[35.92,41.714],[35.558,41.634],[35.298,41.729],[35.122,41.891],[35.155,42.028],[35.006,42.063],[34.75,41.957],[34.193,41.964],[33.381,42.018],[32.947,41.892],[32.306,41.73],[32.086,41.589],[31.458,41.32],[31.255,41.108],[30.81,41.085],[30.345,41.197],[29.919,41.151],[29.322,41.228],[29.094,41.177],[29.046,41.008],[29.365,40.809],[29.801,40.76],[28.958,40.631],[28.788,40.534],[29.007,40.39],[28.63,40.376],[28.289,40.403],[27.728,40.329],[27.476,40.32],[27.285,40.456],[27.012,40.396],[26.738,40.4],[26.475,40.197],[26.313,40.025],[26.181,39.99],[26.113,39.467],[26.827,39.563],[26.911,39.517],[26.682,39.292],[26.854,39.116],[26.815,38.961],[27.014,38.887],[26.764,38.71],[26.907,38.482],[26.861,38.373],[26.595,38.419],[26.587,38.557],[26.378,38.624],[26.43,38.441],[26.291,38.277],[26.582,38.149],[26.683,38.198],[26.944,38.063],[27.232,37.979],[27.224,37.725],[27.078,37.688],[27.219,37.389],[27.52,37.249],[27.535,37.164],[27.349,37.02],[27.668,37.007],[28.134,37.029],[28.224,36.996],[27.804,36.736],[28.084,36.751],[28.196,36.686],[28.304,36.812],[28.484,36.804],[28.718,36.701],[29.038,36.693],[29.143,36.397],[29.348,36.259],[29.689,36.157],[30.232,36.307],[30.387,36.243],[30.484,36.31],[30.558,36.526],[30.582,36.797],[30.644,36.866],[31.353,36.801],[31.778,36.613],[32.022,36.535],[32.378,36.184],[32.534,36.101],[32.795,36.036],[33.1,36.103],[33.695,36.182],[34.023,36.341],[34.3,36.604],[34.601,36.784],[34.811,36.799],[35.176,36.635],[35.393,36.575],[35.537,36.597],[35.661,36.724],[36.049,36.911],[36.18,36.807],[36.188,36.659],[35.883,36.406],[35.811,36.31],[35.957,35.998],[35.84,35.849],[35.764,35.572],[35.902,35.421],[35.943,35.224],[35.89,35.06],[35.899,34.852],[35.978,34.547],[35.804,34.437],[35.648,34.248],[35.612,34.032],[35.511,33.88],[35.336,33.503],[35.251,33.393],[34.922,32.614],[34.804,32.196],[34.678,31.896],[34.484,31.592],[34.176,31.304],[33.903,31.181],[33.667,31.13],[33.378,31.131],[33.194,31.085],[33.13,31.168],[32.603,31.069],[32.324,31.256],[32.207,31.119],[32.102,31.093],[32.008,31.221],[31.771,31.293],[31.876,31.414],[31.889,31.541],[31.524,31.458],[31.194,31.588],[31.052,31.592],[31.002,31.463],[30.7,31.404],[30.571,31.473],[30.395,31.458],[30.223,31.258],[29.93,31.227],[29.592,31.012],[29.279,30.867],[29.072,30.83],[28.515,31.05],[27.968,31.097],[27.83,31.195],[27.54,31.213],[27.248,31.378],[26.457,31.512],[25.893,31.621],[25.382,31.513],[25.225,31.534],[25.025,31.883],[24.879,31.984],[24.684,32.016],[24.48,31.997],[24.13,32.009],[23.798,32.159],[23.286,32.214],[23.106,32.331],[23.091,32.619],[22.754,32.741],[22.523,32.794],[22.187,32.918],[21.839,32.909],[21.636,32.937],[21.425,32.799],[21.062,32.776],[20.621,32.58],[20.371,32.431],[20.121,32.219],[19.973,31.999],[19.926,31.818],[19.961,31.556],[20.104,31.301],[20.151,31.079],[20.013,30.801],[19.713,30.488],[19.292,30.288],[18.936,30.29],[18.67,30.416],[18.19,30.777],[17.83,30.928],[17.349,31.081],[16.782,31.215],[16.123,31.264],[15.706,31.426],[15.496,31.657],[15.363,31.971],[15.359,32.16],[15.177,32.391],[14.513,32.511],[14.237,32.681],[13.835,32.792],[13.648,32.799],[13.283,32.915],[12.754,32.801],[12.28,32.859],[11.813,33.094],[11.657,33.119],[11.401,33.225],[11.15,33.369],[11.085,33.563],[10.723,33.514],[10.713,33.689],[10.454,33.663],[10.159,33.85],[10.049,34.056],[10.065,34.212],[10.2,34.346],[10.535,34.545],[10.866,34.884],[11.12,35.24],[11.043,35.335],[11.004,35.634],[10.591,35.887],[10.477,36.175],[10.526,36.323],[10.798,36.493],[10.967,36.743],[11.127,36.874],[11.054,37.073],[10.951,37.059],[10.766,36.93],[10.571,36.879],[10.412,36.732],[10.189,37.034],[10.196,37.206],[9.876,37.254],[9.688,37.34],[9.142,37.195],[8.824,36.998],[8.577,36.937],[8.127,36.91],[7.91,36.856],[7.608,37],[7.204,37.092],[7.238,36.969],[6.928,36.919],[6.576,37.003],[6.487,37.086],[6.328,37.046],[6.249,36.938],[6.065,36.864],[5.725,36.8],[5.425,36.675],[5.196,36.677],[4.995,36.808],[4.758,36.896],[3.779,36.896],[3.521,36.795],[2.973,36.784],[2.593,36.601],[2.343,36.61],[1.975,36.568],[1.257,36.52],[0.972,36.444],[0.515,36.262],[0.152,36.063],[0.048,35.901],[-0.189,35.819],[-0.426,35.862],[-0.917,35.668],[-1.205,35.496],[-1.336,35.364],[-1.674,35.183],[-2.018,35.085],[-2.424,35.123],[-2.84,35.128],[-2.972,35.407],[-3.206,35.239],[-3.395,35.212],[-3.693,35.28],[-3.982,35.243],[-4.33,35.161],[-4.628,35.206],[-4.837,35.281],[-5.105,35.468],[-5.338,35.745],[-5.397,35.93],[-5.623,35.829],[-5.925,35.786],[-5.958,35.681],[-6.353,34.776],[-6.756,34.133],[-6.901,33.969],[-7.145,33.83],[-7.562,33.64],[-8.301,33.374],[-8.596,33.187],[-8.836,32.92],[-9.246,32.572],[-9.287,32.241],[-9.347,32.086],[-9.675,31.711],[-9.809,31.425],[-9.832,30.847],[-9.875,30.718],[-9.653,30.448],[-9.624,30.353],[-9.667,30.109],[-9.853,29.809],[-10.201,29.38],[-10.486,29.065],[-10.674,28.939],[-11.081,28.714],[-11.43,28.382],[-11.553,28.31],[-11.986,28.129],[-12.469,28.009],[-12.794,27.978],[-12.949,27.914],[-13.176,27.656],[-13.256,27.435],[-13.41,27.147],[-13.496,26.873],[-13.576,26.735],[-13.952,26.489],[-14.168,26.415],[-14.414,26.254],[-14.523,25.925],[-14.602,25.809],[-14.795,25.404],[-14.843,25.22],[-14.856,24.872],[-14.904,24.72],[-15.039,24.549],[-15.189,24.479],[-15.586,24.073],[-15.899,23.844],[-15.806,23.75],[-16.21,23.098],[-16.202,22.945],[-16.304,22.835],[-16.359,22.595],[-16.514,22.333],[-16.684,22.274],[-16.793,22.16],[-16.931,21.9],[-17.099,20.857],[-16.998,21.04],[-16.876,21.086],[-16.623,20.634],[-16.53,20.71],[-16.43,20.652],[-16.334,20.416],[-16.21,20.228],[-16.283,19.787],[-16.514,19.362],[-16.306,19.154],[-16.213,19.003],[-16.085,18.521],[-16.03,17.888],[-16.079,17.546],[-16.207,17.193],[-16.347,16.926],[-16.464,16.602],[-16.536,16.287],[-16.535,15.838],[-16.571,15.734],[-16.843,15.294],[-17.147,14.922],[-17.412,14.792],[-17.168,14.641],[-17.079,14.483],[-16.974,14.403],[-16.798,14.093],[-16.745,13.84],[-16.588,13.69],[-16.53,13.458],[-16.352,13.343],[-16.135,13.448],[-16.185,13.283],[-16.413,13.27],[-16.556,13.303],[-16.669,13.475],[-16.825,13.341],[-16.769,13.148],[-16.744,12.585],[-16.598,12.715],[-16.553,12.605],[-16.76,12.526],[-16.712,12.355],[-16.437,12.204],[-16.312,12.243],[-16.328,12.052],[-16.138,11.917],[-15.959,11.96],[-15.942,11.787],[-15.819,11.763],[-15.651,11.818],[-15.435,11.944],[-15.502,11.724],[-15.413,11.615],[-15.479,11.41],[-15.395,11.334],[-15.393,11.217],[-15.217,11.156],[-15.181,11.034],[-15.043,10.94],[-14.776,10.932],[-14.61,10.55],[-14.427,10.248],[-14.17,10.129],[-14.045,10.141],[-13.955,9.969],[-13.7,9.851],[-13.659,9.776],[-13.691,9.536],[-13.568,9.543],[-13.436,9.42],[-13.269,9.171],[-13.272,8.987],[-13.207,8.843],[-13.228,8.696],[-13.182,8.577],[-12.953,8.615],[-13.085,8.425],[-13.273,8.43],[-13.149,8.215],[-12.957,8.145],[-12.881,7.857],[-12.698,7.716],[-12.51,7.666],[-12.433,7.545],[-12.486,7.386],[-11.929,7.184],[-11.733,7.089],[-11.548,6.947],[-11.292,6.688],[-10.849,6.465],[-10.786,6.31],[-10.597,6.211],[-10.418,6.167],[-10.276,6.078],[-9.654,5.519],[-9.375,5.241],[-9.132,5.055],[-8.259,4.59],[-7.998,4.509],[-7.66,4.367],[-7.426,4.376],[-7.058,4.545],[-6.845,4.671],[-6.548,4.762],[-5.914,5.011],[-5.565,5.089],[-4.9,5.138],[-4.037,5.23],[-3.871,5.221],[-3.348,5.131],[-3.238,5.335],[-3.169,5.203],[-3.246,5.114],[-2.723,5.014],[-2.399,4.929],[-2.09,4.764],[-2.002,4.762],[-1.638,4.981],[-1.064,5.183],[-0.798,5.227],[-0.485,5.394],[-0.349,5.501],[-0.127,5.568],[0.26,5.757],[0.749,5.76],[0.95,5.81],[1.106,6.051],[1.311,6.147],[1.818,6.261],[2.287,6.328],[2.772,6.376],[3.487,6.409],[4.126,6.411],[4.431,6.349],[4.634,6.217],[4.861,6.026],[5.042,5.798],[5.232,5.484],[5.386,5.402],[5.383,5.129],[5.588,4.647],[5.799,4.456],[6.077,4.291],[6.555,4.341],[6.757,4.344],[7.013,4.397],[7.155,4.514],[7.46,4.555],[7.644,4.525],[8.293,4.558],[8.431,4.746],[8.515,4.725],[8.574,4.526],[8.762,4.58],[8.918,4.554],[8.903,4.435],[9,4.092],[9.425,3.922],[9.6,4.027],[9.628,3.87],[9.556,3.798],[9.672,3.538],[9.876,3.31],[9.948,3.079],[9.885,2.917],[9.822,2.539],[9.78,2.068],[9.807,1.927],[9.632,1.566],[9.494,1.435],[9.386,1.139],[9.51,1.115],[9.626,0.779],[9.618,0.577],[9.495,0.665],[9.33,0.611],[9.47,0.362],[9.777,0.192],[9.738,0.085],[9.411,0.2],[9.302,0.289],[9.339,-0.058],[9.297,-0.351],[9.137,-0.573],[8.946,-0.689],[8.821,-0.708],[8.844,-0.914],[9.065,-1.298],[9.204,-1.382],[9.331,-1.535],[9.266,-1.825],[9.533,-2.164],[9.759,-2.519],[10.006,-2.748],[10.348,-3.013],[10.585,-3.278],[10.641,-3.398],[10.947,-3.662],[11.032,-3.826],[11.364,-4.131],[11.394,-4.2],[11.668,-4.434],[11.778,-4.566],[11.781,-4.677],[11.893,-4.866],[12.04,-5.035],[12.177,-5.325],[12.207,-5.468],[12.155,-5.633],[12.24,-5.807],[12.412,-5.986],[12.681,-5.961],[12.792,-5.878],[13.003,-5.836],[13.01,-5.908],[12.791,-6.004],[12.303,-6.093],[12.521,-6.59],[12.823,-6.955],[12.862,-7.232],[13.091,-7.78],[13.379,-8.37],[13.359,-8.687],[12.999,-9.048],[13.156,-9.39],[13.209,-9.703],[13.332,-9.999],[13.495,-10.257],[13.539,-10.421],[13.721,-10.634],[13.739,-10.757],[13.834,-10.93],[13.847,-11.054],[13.784,-11.488],[13.785,-11.813],[13.686,-12.124],[13.598,-12.286],[13.417,-12.52],[12.983,-12.776],[12.898,-13.028],[12.55,-13.438],[12.504,-13.755],[12.379,-14.039],[12.28,-14.637],[12.073,-15.248],[11.968,-15.634],[11.751,-15.832],[11.797,-15.986],[11.819,-16.704],[11.78,-16.871],[11.722,-17.467],[11.733,-17.751],[11.776,-18.002],[11.951,-18.271],[12.096,-18.541],[12.329,-18.751],[12.458,-18.927],[13.042,-20.028],[13.168,-20.185],[13.284,-20.524],[13.451,-20.917],[13.839,-21.473],[13.973,-21.768],[14.322,-22.19],[14.463,-22.449],[14.526,-22.703],[14.496,-22.921],[14.403,-22.968],[14.474,-23.281],[14.497,-23.643],[14.483,-24.05],[14.502,-24.202],[14.628,-24.548],[14.768,-24.788],[14.837,-25.033],[14.823,-25.359],[14.864,-25.534],[14.845,-25.726],[14.931,-25.958],[14.968,-26.318],[15.097,-26.426],[15.163,-26.6],[15.133,-26.788],[15.342,-27.387],[15.719,-27.966],[16.335,-28.537],[16.481,-28.642],[16.739,-29.009],[16.95,-29.403],[17.189,-30.1],[17.347,-30.445],[17.677,-31.019],[18.211,-31.742],[18.311,-32.122],[18.325,-32.505],[18.251,-32.652],[18.037,-32.775],[17.851,-32.827],[17.878,-32.962],[18.156,-33.359],[18.261,-33.422],[18.433,-33.717],[18.465,-33.888],[18.354,-33.939],[18.352,-34.188],[18.534,-34.086],[18.809,-34.108],[18.831,-34.364],[19.098,-34.35],[19.331,-34.492],[19.323,-34.571],[19.635,-34.753],[20.021,-34.786],[20.53,-34.463],[20.775,-34.44],[21.06,-34.365],[21.249,-34.407],[21.789,-34.373],[22.246,-34.069],[22.554,-34.01],[22.926,-34.063],[23.268,-34.081],[23.586,-33.985],[24.183,-34.062],[24.596,-34.175],[24.827,-34.169],[25.003,-33.974],[25.17,-33.961],[25.477,-34.028],[25.638,-34.011],[25.652,-33.85],[25.806,-33.737],[25.99,-33.711],[26.429,-33.76],[26.614,-33.707],[27.077,-33.521],[27.861,-33.054],[28.214,-32.769],[28.449,-32.625],[28.856,-32.294],[29.128,-32.003],[29.483,-31.675],[29.735,-31.47],[29.971,-31.322],[30.289,-30.97],[30.664,-30.434],[30.878,-30.071],[31.023,-29.901],[31.17,-29.591],[31.335,-29.378],[31.778,-28.937],[32.027,-28.84],[32.286,-28.621],[32.535,-28.2],[32.657,-27.607],[32.849,-27.08],[32.889,-26.83],[32.934,-26.252],[32.849,-26.268],[32.704,-26.158],[32.59,-26.004],[32.723,-25.821],[32.792,-25.644],[32.961,-25.49],[33.347,-25.261],[33.836,-25.068],[34.607,-24.821],[34.992,-24.651],[35.156,-24.541],[35.438,-24.171],[35.542,-23.824],[35.37,-23.798],[35.494,-23.185],[35.575,-22.963],[35.49,-22.658],[35.542,-22.377],[35.316,-22.397],[35.329,-22.037],[35.268,-21.651],[35.128,-21.395],[35.118,-21.195],[34.982,-20.806],[34.765,-20.562],[34.698,-20.404],[34.75,-20.091],[34.756,-19.822],[34.948,-19.813],[35.365,-19.494],[35.651,-19.164],[35.854,-18.993],[36.125,-18.842],[36.236,-18.861],[36.404,-18.77],[36.54,-18.518],[36.9,-18.129],[36.939,-17.993],[37.245,-17.74],[37.839,-17.393],[38.048,-17.321],[38.145,-17.243],[38.633,-17.078],[38.885,-17.042],[39.084,-16.973],[39.242,-16.793],[39.845,-16.436],[39.791,-16.295],[39.984,-16.225],[40.109,-15.979],[40.559,-15.473],[40.651,-15.261],[40.618,-15.116],[40.694,-15.065],[40.701,-14.93],[40.835,-14.792],[40.818,-14.468],[40.64,-14.39],[40.716,-14.214],[40.603,-14.167],[40.591,-13.845],[40.545,-13.463],[40.583,-13.374],[40.569,-12.985],[40.448,-12.905],[40.553,-12.825],[40.581,-12.636],[40.523,-12.393],[40.501,-12.119],[40.532,-12.005],[40.433,-11.657],[40.465,-11.449],[40.403,-11.332],[40.545,-11.066],[40.516,-10.93],[40.597,-10.831],[40.487,-10.765],[40.612,-10.662],[40.389,-10.354],[40.084,-10.157],[39.984,-10.16],[39.784,-9.915],[39.697,-9.578],[39.625,-9.409],[39.641,-9.192],[39.451,-8.943],[39.488,-8.862],[39.377,-8.721],[39.304,-8.444],[39.34,-8.243],[39.441,-8.012],[39.428,-7.813],[39.33,-7.747],[39.288,-7.518],[39.353,-7.341],[39.519,-7.124],[39.546,-7.024],[39.472,-6.879],[39.287,-6.815],[39.228,-6.685],[39.067,-6.499],[38.874,-6.331],[38.805,-6.07],[38.819,-5.878],[38.978,-5.519],[39.228,-4.666],[39.377,-4.625],[39.491,-4.478],[39.819,-3.786],[39.861,-3.577],[39.992,-3.351],[40.115,-3.251],[40.195,-3.019],[40.18,-2.819],[40.222,-2.688],[40.404,-2.556],[40.644,-2.539],[40.813,-2.392],[40.898,-2.27],[40.996,-1.951],[41.107,-1.982],[41.387,-1.867],[41.732,-1.43],[41.98,-0.973],[42.219,-0.738],[42.561,-0.321],[42.712,-0.176],[43.468,0.622],[43.718,0.858],[44.033,1.106],[44.333,1.391],[44.92,1.81],[45.826,2.31],[46.051,2.475],[46.879,3.286],[47.511,3.968],[47.975,4.497],[48.234,4.953],[48.649,5.494],[49.049,6.174],[49.093,6.408],[49.235,6.777],[49.349,6.991],[49.57,7.297],[49.761,7.66],[49.852,7.963],[50.103,8.2],[50.286,8.509],[50.43,8.845],[50.638,9.109],[50.685,9.241],[50.825,9.428],[50.833,9.71],[50.874,9.924],[50.898,10.253],[51.063,10.434],[51.141,10.657],[51.122,11.077],[51.084,11.336],[51.218,11.658],[51.255,11.831],[50.792,11.984],[50.636,11.944],[50.466,11.728],[50.11,11.529],[49.642,11.451],[49.388,11.343],[48.903,11.255],[48.674,11.323],[48.439,11.29],[48.019,11.139],[47.713,11.112],[47.405,11.174],[47.23,11.1],[46.973,10.925],[46.565,10.746],[45.817,10.836],[45.338,10.65],[44.943,10.437],[44.387,10.43],[44.158,10.551],[43.853,10.784],[43.631,11.035],[43.441,11.346],[43.162,11.566],[42.912,11.587],[42.64,11.56],[42.799,11.739],[43.048,11.829],[43.272,11.97],[43.41,12.19],[43.299,12.464],[43.131,12.66],[43.083,12.825],[42.97,12.808],[42.796,12.864],[42.734,13.019],[42.523,13.221],[42.399,13.213],[42.346,13.398],[42.245,13.588],[41.658,13.983],[41.48,14.244],[41.176,14.62],[40.799,14.743],[40.634,14.883],[40.437,14.964],[40.204,15.014],[40.084,15.152],[40.041,15.335],[39.864,15.47],[39.721,15.214],[39.631,15.453],[39.507,15.532],[39.422,15.787],[39.299,15.921],[39.223,16.194],[39.143,16.729],[38.912,17.427],[38.574,18.073],[38.333,18.219],[38.202,18.249],[37.922,18.556],[37.73,18.694],[37.599,18.717],[37.471,18.82],[37.362,19.092],[37.248,19.582],[37.263,19.792],[37.193,20.121],[37.188,20.395],[37.228,20.557],[37.173,20.732],[37.151,21.104],[37.212,21.186],[37.081,21.326],[36.927,21.587],[36.883,21.769],[36.87,22.016],[36.83,22.098],[36.415,22.394],[36.23,22.629],[35.913,22.74],[35.698,22.946],[35.564,23.271],[35.523,23.443],[35.504,23.779],[35.625,24.066],[35.478,24.155],[35.194,24.475],[34.853,25.14],[34.679,25.443],[34.565,25.691],[34.329,26.024],[34.05,26.551],[33.959,26.649],[33.893,27.049],[33.802,27.268],[33.697,27.341],[33.55,27.607],[33.547,27.898],[33.202,28.208],[32.898,28.565],[32.784,28.787],[32.632,28.992],[32.638,29.182],[32.565,29.386],[32.397,29.534],[32.36,29.631],[32.566,29.974],[32.647,29.798],[32.721,29.522],[32.871,29.286],[33.076,29.073],[33.204,28.778],[33.248,28.568],[33.416,28.39],[33.594,28.256],[33.76,28.048],[34.045,27.829],[34.22,27.764],[34.4,28.016],[34.446,28.357],[34.617,28.758],[34.736,29.271],[34.849,29.432],[34.982,29.484],[34.799,28.721],[34.78,28.507],[34.616,28.148],[35.078,28.087],[35.18,28.035],[35.424,27.734],[35.581,27.432],[35.763,27.259],[35.852,27.07],[36.032,26.881],[36.25,26.595],[36.519,26.105],[36.675,26.039],[36.763,25.751],[36.921,25.641],[37.149,25.291],[37.266,24.96],[37.181,24.82],[37.338,24.616],[37.543,24.292],[37.713,24.274],[37.92,24.185],[38.289,23.911],[38.464,23.712],[38.706,23.306],[38.797,23.049],[38.941,22.882],[38.939,22.805],[39.062,22.592],[39.096,22.393],[39.034,22.203],[38.988,21.882],[39.147,21.519],[39.094,21.31],[39.276,20.974],[39.491,20.737],[39.614,20.518],[39.728,20.39],[39.884,20.293],[40.081,20.266],[40.482,19.993],[40.616,19.822],[40.759,19.755],[40.913,19.49],[41.116,19.082],[41.229,18.678],[41.432,18.452],[41.508,18.256],[41.75,17.886],[42.052,17.669],[42.294,17.435],[42.383,17.122],[42.544,16.96],[42.553,16.868],[42.699,16.737],[42.79,16.452],[42.84,16.032],[42.717,15.655],[42.8,15.372],[42.658,15.233],[42.856,15.133],[42.936,14.939],[42.913,14.863],[43.021,14.555],[43.006,14.483],[43.093,14.204],[43.089,14.011],[43.234,13.859],[43.283,13.64],[43.232,13.267],[43.475,12.839],[43.488,12.699],[43.634,12.744],[43.93,12.617],[44.358,12.669],[44.618,12.817],[44.755,12.764],[45.039,12.816],[45.164,12.998],[45.394,13.067],[45.657,13.339],[46.203,13.424],[46.502,13.416],[46.789,13.466],[46.976,13.547],[47.408,13.662],[47.633,13.858],[47.99,14.048],[48.278,13.998],[48.668,14.05],[48.78,14.124],[49.005,14.355],[49.048,14.456],[49.35,14.638],[49.549,14.722],[49.906,14.828],[50.167,14.851],[50.527,15.038],[51.015,15.141],[51.322,15.226],[51.604,15.337],[52.217,15.656],[52.174,15.957],[52.237,16.171],[52.328,16.294],[52.581,16.47],[53.298,16.723],[53.61,16.76],[53.954,16.918],[54.068,17.006],[54.567,17.031],[54.772,16.965],[55.064,17.039],[55.174,17.158],[55.296,17.382],[55.255,17.586],[55.479,17.843],[55.614,17.886],[56.27,17.951],[56.383,17.988],[56.551,18.166],[56.655,18.587],[56.826,18.754],[57.177,18.903],[57.676,18.958],[57.812,19.017],[57.715,19.607],[57.862,20.244],[58.103,20.57],[58.245,20.599],[58.209,20.424],[58.474,20.407],[58.69,20.807],[58.896,21.113],[59.069,21.289],[59.371,21.499],[59.518,21.782],[59.653,21.951],[59.8,22.22],[59.823,22.509],[59.535,22.579],[59.311,22.793],[59.195,22.972],[59.03,23.131],[58.773,23.517],[58.578,23.643],[58.325,23.624],[58.12,23.717],[57.611,23.804],[57.22,23.923],[56.913,24.15],[56.641,24.47],[56.49,24.716],[56.373,25.018],[56.363,25.569],[56.298,25.651],[56.374,25.805],[56.43,26.327],[56.306,26.235],[56.164,26.207],[55.941,25.794],[55.523,25.498],[55.304,25.237],[55.098,25.042],[54.747,24.81],[54.535,24.531],[54.397,24.278],[53.893,24.077],[53.33,24.098],[53.026,24.147],[52.648,24.155],[52.251,23.995],[51.906,23.985],[51.792,24.075],[51.768,24.254],[51.31,24.34],[51.418,24.531],[51.428,24.668],[51.587,24.965],[51.602,25.148],[51.485,25.525],[51.572,25.781],[51.543,25.902],[51.262,26.153],[51.003,25.981],[50.869,25.613],[50.763,25.445],[50.777,25.177],[50.847,24.889],[50.804,24.789],[50.558,25.087],[50.455,25.425],[50.281,25.566],[50.13,25.847],[50.032,26.111],[50.155,26.101],[50.214,26.308],[50.185,26.405],[50.027,26.527],[49.986,26.829],[49.717,26.956],[49.538,27.152],[49.405,27.181],[49.175,27.438],[49.238,27.493],[48.906,27.629],[48.774,27.959],[48.626,28.133],[48.499,28.449],[48.339,28.763],[48.184,28.979],[48.051,29.355],[47.725,29.417],[47.97,29.617],[48.136,29.618],[48.006,29.836],[47.983,30.011],[48.142,30.041],[48.454,29.938],[48.671,30.028],[48.832,30.035],[48.919,30.121],[48.917,30.397],[49.13,30.509],[49.054,30.307],[49.43,30.13],[49.555,30.029],[49.983,30.209],[50.072,30.199],[50.169,29.921],[50.65,29.42],[50.675,29.147],[50.876,29.063],[50.867,28.87],[51.062,28.726],[51.094,28.512],[51.276,28.219],[51.279,28.131],[51.519,27.91],[51.666,27.845],[52.031,27.824],[52.192,27.717],[52.476,27.617],[52.603,27.493],[52.692,27.323],[52.983,27.142],[53.455,26.943],[53.507,26.852],[53.706,26.726],[54.069,26.732],[54.247,26.697],[54.645,26.509],[54.896,26.557],[55.294,26.786],[55.424,26.771],[55.65,26.978],[55.941,27.038],[56.118,27.143],[56.356,27.2],[56.813,27.09],[56.982,26.905],[57.072,26.68],[57.104,26.371],[57.201,26.159],[57.206,26.037],[57.335,25.792],[57.733,25.725],[57.796,25.653],[58.022,25.641],[58.314,25.581],[58.531,25.592],[58.798,25.555],[59.046,25.417],[59.456,25.481],[59.616,25.403],[60.025,25.384],[60.4,25.312],[60.511,25.437],[60.664,25.282],[61.412,25.102],[61.533,25.196],[61.744,25.138],[62.089,25.155],[62.199,25.225],[62.315,25.135],[62.572,25.255],[63.015,25.225],[63.17,25.255],[63.491,25.211],[63.557,25.353],[63.721,25.386],[63.936,25.343],[64.059,25.403],[64.152,25.333],[64.544,25.237],[64.659,25.184],[64.777,25.307],[65.061,25.311],[65.406,25.374],[65.68,25.355],[66.131,25.493],[66.219,25.59],[66.429,25.575],[66.699,25.226],[66.703,24.861],[67.101,24.792],[67.171,24.756],[67.289,24.368],[67.309,24.175],[67.668,23.811],[68.037,23.848],[68.192,23.729],[68.235,23.597],[68.417,23.571],[68.641,23.19],[68.817,23.054],[69.236,22.849],[69.665,22.759],[69.85,22.856],[70.251,22.971],[70.328,22.816],[70.177,22.573],[70.006,22.548],[69.819,22.452],[69.549,22.408],[69.277,22.285],[69.131,22.416],[68.983,22.385],[69.009,22.197],[69.192,21.992],[69.385,21.84],[69.748,21.506],[70.127,21.095],[70.485,20.84],[70.719,20.74],[71.025,20.739],[71.396,20.87],[71.571,20.971],[72.015,21.156],[72.254,21.531],[72.257,21.661],[72.171,21.774],[72.037,21.823],[72.244,22.028],[72.333,22.27],[72.59,22.278],[72.522,21.976],[72.592,21.878],[72.543,21.697],[72.84,21.687],[72.613,21.462],[72.692,21.178],[72.814,21.117],[72.879,20.829],[72.881,20.563],[72.709,20.078],[72.668,19.831],[72.812,19.299],[72.835,18.976],[73.006,19.021],[72.871,18.683],[72.917,18.576],[72.994,18.098],[73.156,17.622],[73.149,17.527],[73.239,17.199],[73.338,16.46],[73.476,16.054],[73.608,15.871],[73.772,15.573],[73.932,15.397],[73.884,15.306],[73.949,15.075],[74.382,14.495],[74.499,14.046],[74.671,13.668],[74.682,13.507],[74.771,13.077],[74.868,12.845],[74.946,12.565],[75.197,12.058],[75.315,11.958],[75.525,11.703],[75.724,11.362],[75.845,11.058],[75.923,10.784],[76.201,10.201],[76.196,10.086],[76.346,9.922],[76.459,9.536],[76.376,9.54],[76.343,9.827],[76.242,9.927],[76.325,9.452],[76.403,9.237],[76.472,9.161],[76.553,8.903],[76.617,8.847],[76.967,8.407],[77.301,8.145],[77.518,8.078],[77.77,8.19],[78.06,8.385],[78.126,8.511],[78.192,8.891],[78.421,9.105],[78.98,9.269],[79.02,9.333],[78.919,9.453],[78.996,9.683],[79.258,10.035],[79.254,10.175],[79.391,10.306],[79.838,10.323],[79.849,11.197],[79.754,11.575],[79.858,11.989],[79.982,12.235],[80.143,12.452],[80.229,12.69],[80.342,13.361],[80.114,13.529],[80.062,13.606],[80.244,13.773],[80.112,14.212],[80.17,14.349],[80.165,14.578],[80.099,14.798],[80.053,15.074],[80.101,15.324],[80.293,15.711],[80.385,15.793],[80.647,15.895],[80.782,15.867],[80.826,15.766],[80.979,15.758],[81.132,15.962],[81.239,16.264],[81.402,16.365],[81.762,16.329],[82.142,16.485],[82.259,16.56],[82.36,16.783],[82.282,16.936],[82.36,17.096],[82.593,17.274],[82.977,17.462],[83.198,17.609],[83.654,18.07],[84.104,18.293],[84.463,18.69],[84.75,19.05],[84.771,19.125],[85.226,19.508],[85.442,19.627],[85.249,19.758],[85.46,19.896],[85.555,19.867],[85.575,19.693],[86.279,19.919],[86.499,20.172],[86.75,20.313],[86.763,20.419],[86.975,20.7],[86.842,21.106],[86.86,21.237],[87.101,21.501],[87.201,21.545],[87.678,21.654],[87.948,21.825],[88.051,22.001],[88.181,22.033],[88.057,21.694],[88.254,21.622],[88.305,21.723],[88.446,21.614],[88.585,21.66],[88.567,21.832],[88.66,22.067],[88.74,22.005],[88.691,21.733],[88.834,21.661],[89.052,21.654],[89.028,21.937],[89.234,21.722],[89.354,21.721],[89.452,21.821],[89.569,21.767],[89.812,21.983],[90.088,22.017],[90.071,21.887],[90.159,21.817],[90.288,21.899],[90.356,22.048],[90.589,22.258],[90.596,22.436],[90.487,22.589],[90.435,22.752],[90.466,23.054],[90.595,23.134],[90.591,23.266],[90.408,23.432],[90.616,23.442],[90.656,23.273],[90.634,23.094],[90.827,22.721],[90.946,22.597],[91.151,22.614],[91.41,22.797],[91.482,22.797],[91.693,22.505],[91.85,22.157],[91.913,21.883],[92.008,21.685],[92.056,21.175],[92.308,20.79],[92.608,20.47],[92.736,20.563],[92.891,20.34],[92.791,20.211],[92.882,20.152],[93.067,20.378],[93.002,20.075],[93.157,20.041],[93.362,20.058],[93.582,19.91],[93.612,19.776],[93.74,19.697],[93.84,19.534],[93.998,19.441],[93.962,19.329],[93.825,19.238],[93.579,19.401],[93.493,19.369],[93.705,19.027],[93.929,18.9],[94.002,19.182],[94.07,18.893],[94.252,18.609],[94.266,18.507],[94.431,18.202],[94.494,17.825],[94.589,17.569],[94.564,17.309],[94.473,17.135],[94.353,16.64],[94.271,16.517],[94.214,16.127],[94.299,16.008],[94.442,16.094],[94.588,16.289],[94.681,16.133],[94.662,15.904],[94.891,15.979],[94.943,15.818],[95.177,15.826],[95.333,16.033],[95.301,15.756],[95.39,15.723],[95.556,15.838],[95.679,15.977],[95.763,16.169],[96.012,16.254],[96.324,16.444],[96.364,16.521],[96.622,16.564],[96.811,16.778],[96.909,17.031],[96.851,17.203],[96.97,17.317],[97.178,17.062],[97.267,16.743],[97.376,16.523],[97.62,16.537],[97.641,16.254],[97.584,16.02],[97.71,15.876],[97.774,15.431],[97.744,15.307],[97.8,15.185],[97.812,14.859],[97.91,14.653],[97.998,14.335],[98.1,14.162],[98.073,13.986],[98.111,13.713],[98.245,13.733],[98.421,13.484],[98.576,13.162],[98.637,12.848],[98.665,12.54],[98.624,12.441],[98.696,12.225],[98.689,11.957],[98.636,11.738],[98.805,11.779],[98.876,11.72],[98.741,11.592],[98.745,11.24],[98.676,10.987],[98.536,10.741],[98.465,10.676],[98.523,10.353],[98.497,10.183],[98.563,10.035],[98.562,9.838],[98.493,9.561],[98.371,9.291],[98.326,8.969],[98.242,8.768],[98.238,8.423],[98.305,8.226],[98.421,8.178],[98.579,8.344],[98.704,8.257],[98.789,8.06],[99.051,7.888],[99.043,7.766],[99.183,7.718],[99.3,7.561],[99.359,7.372],[99.529,7.329],[99.602,7.155],[99.72,7.106],[99.696,6.877],[99.869,6.75],[100.119,6.442],[100.343,5.984],[100.374,5.778],[100.353,5.588],[100.473,5.044],[100.615,4.652],[100.615,4.373],[100.661,4.226],[100.796,4.023],[100.715,3.966],[100.851,3.777],[101.025,3.625],[101.115,3.472],[101.3,3.253],[101.354,3.011],[101.296,2.885],[101.52,2.684],[101.781,2.574],[101.89,2.449],[102.146,2.248],[102.548,2.042],[102.727,1.856],[102.897,1.792],[103.357,1.546],[103.48,1.329],[103.695,1.45],[103.992,1.455],[104.076,1.53],[104.176,1.365],[104.288,1.481],[104.219,1.723],[103.812,2.58],[103.537,2.775],[103.439,2.933],[103.454,3.521],[103.362,3.769],[103.421,3.977],[103.469,4.393],[103.416,4.85],[103.197,5.262],[102.982,5.525],[102.79,5.645],[102.534,5.863],[102.34,6.172],[102.101,6.242],[101.799,6.475],[101.614,6.754],[101.498,6.865],[101.302,6.908],[101.018,6.861],[100.793,6.995],[100.586,7.176],[100.424,7.188],[100.205,7.501],[100.158,7.728],[100.317,7.716],[100.284,7.552],[100.454,7.442],[100.279,8.269],[100.229,8.425],[100.129,8.428],[99.961,8.671],[99.905,9.113],[99.836,9.288],[99.724,9.314],[99.394,9.214],[99.254,9.265],[99.288,9.415],[99.161,9.734],[99.195,10.175],[99.165,10.32],[99.237,10.388],[99.285,10.569],[99.487,10.89],[99.514,11.101],[99.627,11.463],[99.799,11.749],[99.837,11.937],[99.989,12.171],[100.006,12.355],[99.964,12.69],[100.09,13.046],[99.991,13.243],[100.017,13.353],[100.236,13.484],[100.656,13.521],[100.963,13.432],[100.946,13.187],[100.863,12.715],[100.954,12.621],[101.09,12.674],[101.445,12.619],[101.724,12.689],[102.034,12.532],[102.23,12.332],[102.54,12.109],[102.594,12.203],[102.763,12.012],[102.884,11.773],[103.004,11.711],[103.011,11.589],[103.125,11.461],[103.091,11.211],[103.153,10.914],[103.354,10.922],[103.532,11.147],[103.654,11.059],[103.722,10.89],[103.681,10.759],[103.532,10.605],[103.662,10.509],[103.937,10.587],[104.262,10.541],[104.516,10.34],[104.663,10.17],[104.802,10.203],[104.873,10.115],[105.028,10.067],[105.093,9.901],[104.903,9.816],[104.845,9.606],[104.815,9.185],[104.819,8.802],[104.896,8.747],[104.892,8.583],[105.114,8.629],[105.322,8.801],[105.501,9.093],[106.168,9.397],[106.204,9.675],[106.378,9.556],[106.572,9.641],[106.449,9.94],[106.596,9.86],[106.659,9.991],[106.785,10.116],[106.757,10.296],[106.813,10.433],[107.088,10.498],[107.262,10.398],[107.47,10.486],[107.845,10.7],[108.001,10.72],[108.095,10.897],[108.272,10.934],[108.551,11.156],[108.7,11.199],[108.821,11.315],[108.987,11.336],[109.04,11.593],[109.133,11.601],[109.199,11.725],[109.158,11.837],[109.216,12.073],[109.207,12.415],[109.305,12.391],[109.219,12.646],[109.336,12.752],[109.42,12.719],[109.424,12.956],[109.272,13.279],[109.288,13.451],[109.252,13.591],[109.247,13.855],[109.303,13.856],[109.191,14.27],[109.087,14.553],[109.085,14.716],[108.94,15.001],[108.821,15.378],[108.674,15.484],[108.286,15.989],[108.267,16.09],[108.029,16.331],[107.834,16.322],[107.724,16.488],[107.355,16.794],[107.18,16.898],[107.12,17.056],[106.736,17.367],[106.479,17.72],[106.499,17.946],[106.24,18.221],[106.066,18.316],[105.888,18.502],[105.622,18.966],[105.791,19.294],[105.814,19.587],[105.984,19.939],[106.166,19.992],[106.518,20.289],[106.573,20.392],[106.551,20.527],[106.753,20.735],[106.675,20.96],[106.886,20.95],[107.075,20.999],[107.165,20.949],[107.354,21.055],[107.41,21.285],[107.707,21.406],[107.809,21.497],[108.246,21.558],[108.325,21.694],[108.444,21.607],[108.526,21.671],[108.48,21.905],[108.594,21.901],[108.616,21.77],[108.772,21.63],[109.031,21.627],[109.133,21.544],[109.149,21.426],[109.347,21.454],[109.544,21.538],[109.931,21.481],[109.921,21.376],[109.78,21.337],[109.681,21.132],[109.663,20.917],[109.805,20.711],[109.792,20.622],[109.946,20.474],[109.938,20.295],[110.123,20.264],[110.345,20.295],[110.45,20.355],[110.512,20.518],[110.313,20.672],[110.365,20.838],[110.18,20.859],[110.194,21.038],[110.458,21.231],[110.567,21.214],[110.771,21.387],[111.101,21.485],[111.319,21.486],[111.603,21.559],[111.776,21.719],[111.873,21.717],[111.944,21.85],[112.305,21.742],[112.495,21.818],[112.586,21.777],[112.809,21.945],[112.984,21.938],[113.008,22.119],[113.266,22.089],[113.548,22.223],[113.553,22.594],[113.331,22.912],[113.586,23.02],[113.62,22.861],[113.828,22.607],[114.007,22.484],[113.896,22.428],[114.268,22.296],[114.266,22.541],[114.341,22.593],[114.496,22.527],[114.652,22.755],[114.75,22.626],[114.854,22.617],[115.196,22.817],[115.383,22.719],[115.498,22.719],[115.64,22.853],[115.852,22.802],[116.157,22.887],[116.252,22.981],[116.471,22.946],[116.538,23.18],[116.669,23.228],[116.682,23.327],[116.861,23.453],[116.911,23.647],[117.083,23.579],[117.331,23.709],[117.466,23.841],[117.628,23.837],[117.742,24.015],[117.839,24.012],[118.056,24.246],[118.006,24.482],[118.087,24.627],[118.295,24.573],[118.56,24.58],[118.719,24.746],[118.637,24.836],[118.909,24.929],[118.914,25.127],[119.025,25.223],[119.236,25.206],[119.244,25.307],[119.146,25.414],[119.263,25.468],[119.619,25.437],[119.539,25.591],[119.648,25.919],[119.619,26.004],[119.463,26.055],[119.693,26.236],[119.881,26.334],[119.785,26.547],[119.638,26.621],[119.815,26.798],[119.882,26.61],[120.087,26.672],[120.139,26.886],[120.279,27.097],[120.54,27.318],[120.629,27.482],[120.588,27.581],[120.685,27.745],[120.959,28.037],[121.098,28.291],[121.217,28.346],[121.355,28.23],[121.602,28.367],[121.475,28.641],[121.63,28.768],[121.665,29.011],[121.521,29.118],[121.534,29.237],[121.717,29.256],[121.918,29.135],[121.968,29.491],[121.941,29.606],[121.677,29.584],[121.906,29.78],[121.944,29.894],[121.678,29.979],[121.433,30.227],[121.159,30.302],[120.904,30.161],[120.633,30.133],[120.45,30.388],[120.821,30.355],[120.998,30.558],[121.31,30.7],[121.528,30.841],[121.878,30.917],[121.786,31.163],[121.661,31.32],[121.351,31.485],[121.055,31.719],[120.788,31.82],[120.716,31.984],[120.497,32.02],[120.52,32.106],[120.792,32.032],[120.974,31.869],[121.352,31.859],[121.681,31.712],[121.866,31.704],[121.832,31.9],[121.674,32.051],[121.404,32.206],[121.401,32.372],[121.293,32.457],[120.99,32.567],[120.853,32.661],[120.897,32.843],[120.871,33.017],[120.616,33.491],[120.505,33.638],[120.323,34.169],[120.201,34.326],[119.964,34.448],[119.583,34.582],[119.351,34.749],[119.201,34.748],[119.165,34.849],[119.216,35.012],[119.353,35.114],[119.43,35.301],[119.526,35.359],[119.72,35.589],[119.866,35.644],[120.055,35.861],[120.219,35.935],[120.094,36.119],[120.328,36.228],[120.393,36.054],[120.681,36.168],[120.682,36.341],[120.776,36.456],[120.896,36.444],[120.99,36.598],[121.67,36.836],[121.933,36.959],[122.162,36.959],[122.341,36.832],[122.52,36.947],[122.447,37.068],[122.587,37.181],[122.602,37.426],[122.338,37.405],[122.057,37.529],[121.965,37.445],[121.64,37.46],[121.388,37.579],[121.22,37.6],[121.049,37.725],[120.75,37.834],[120.37,37.701],[120.156,37.495],[119.883,37.351],[119.888,37.253],[119.761,37.155],[119.45,37.125],[119.112,37.201],[118.953,37.331],[118.991,37.641],[119.089,37.701],[118.94,38.043],[118.8,38.127],[118.543,38.095],[118.015,38.183],[117.767,38.312],[117.656,38.424],[117.558,38.625],[117.617,38.853],[117.785,39.134],[118.041,39.227],[118.298,39.067],[118.626,39.177],[118.912,39.166],[119.04,39.222],[119.225,39.408],[119.261,39.561],[119.391,39.752],[119.591,39.903],[119.85,39.987],[120.479,40.231],[120.771,40.589],[121.175,40.901],[121.859,40.842],[122.14,40.688],[122.275,40.542],[122.191,40.358],[121.801,39.951],[121.517,39.845],[121.518,39.639],[121.267,39.545],[121.275,39.385],[121.785,39.401],[121.628,39.22],[121.68,39.109],[121.107,38.921],[121.164,38.732],[121.32,38.808],[121.65,38.865],[121.677,39.003],[121.864,38.996],[122.121,39.152],[122.335,39.366],[123.032,39.674],[123.227,39.687],[123.348,39.763],[123.76,39.822],[124.106,39.841],[124.267,39.924],[124.557,39.791],[124.638,39.615],[124.775,39.758],[125.1,39.59],[125.361,39.527],[125.41,39.288],[125.157,38.872],[125.31,38.665],[125.067,38.557],[124.881,38.342],[124.875,38.233],[124.691,38.129],[125.193,38.038],[124.989,37.931],[125.311,37.844],[125.449,37.73],[125.769,37.985],[125.942,37.874],[126.203,37.829],[126.37,37.878],[126.573,37.797],[126.65,37.447],[126.791,37.295],[126.746,37.194],[126.869,36.976],[126.784,36.948],[126.578,37.02],[126.352,36.958],[126.217,36.871],[126.181,36.692],[126.389,36.651],[126.488,36.694],[126.548,36.478],[126.54,36.166],[126.693,36.014],[126.753,35.872],[126.717,35.769],[126.488,35.647],[126.493,35.501],[126.361,35.217],[126.291,35.154],[126.398,34.933],[126.426,34.695],[126.333,34.59],[126.482,34.494],[126.508,34.351],[126.755,34.512],[126.897,34.439],[127.031,34.607],[127.325,34.463],[127.479,34.625],[127.39,34.743],[127.524,34.84],[127.632,34.69],[127.742,34.783],[127.715,34.955],[128.036,35.022],[128.095,34.934],[128.444,34.87],[128.419,35.016],[128.511,35.101],[128.98,35.102],[129.214,35.182],[129.419,35.498],[129.562,35.948],[129.404,36.052],[129.393,36.323],[129.445,36.471],[129.473,36.742],[129.418,37.059],[129.335,37.275],[129.052,37.678],[128.619,38.176],[128.375,38.623],[128.249,38.745],[127.972,38.898],[127.786,39.084],[127.395,39.208],[127.383,39.296],[127.549,39.461],[127.527,39.696],[127.568,39.782],[127.867,39.896],[127.967,39.996],[128.304,40.036],[128.611,40.198],[128.701,40.318],[129.11,40.491],[129.341,40.726],[129.709,40.857],[129.712,41.124],[129.766,41.304],[129.682,41.494],[129.756,41.712],[129.876,41.806],[130.068,42.046],[130.458,42.302],[130.73,42.326],[130.834,42.523],[130.756,42.673],[131.158,42.626],[131.393,42.822],[131.722,43.203],[132.029,43.119],[132.233,43.245],[132.334,43.239],[132.304,42.883],[132.481,42.91],[132.709,42.876],[132.864,42.794],[132.997,42.808],[133.16,42.697],[133.587,42.828],[133.709,42.83],[134.01,42.947],[134.156,43.042],[134.692,43.291],[135.131,43.526],[135.26,43.685],[135.483,43.835],[135.533,43.971],[135.875,44.374],[136.142,44.489],[136.251,44.667],[136.46,44.822],[136.804,45.171],[137.147,45.394],[137.425,45.64],[137.685,45.818],[138.106,46.251],[138.21,46.463],[138.337,46.543],[138.392,46.745],[138.587,47.057],[139.001,47.383],[139.373,47.887],[139.998,48.324],[140.171,48.524],[140.224,48.773],[140.378,48.964],[140.309,49.054],[140.517,49.596],[140.463,49.911],[140.625,50.082],[140.535,50.131],[140.476,50.546],[140.521,50.8],[140.671,51.051],[140.688,51.232],[140.839,51.414],[140.933,51.62],[141.367,51.921],[141.485,52.179],[141.17,52.368],[141.245,52.55],[141.256,52.84],[141.087,52.898],[141.402,53.184],[141.006,53.495],[140.688,53.596],[140.347,53.813],[140.179,54.052],[139.707,54.277],[139.32,54.193],[138.696,54.32],[138.722,54.044],[138.661,53.745],[138.451,53.537],[138.292,53.592],[138.569,53.819],[138.379,53.909],[138.253,53.726],[137.738,53.56],[137.328,53.539],[137.645,53.866],[137.623,53.97],[137.339,54.101],[137.513,54.156],[137.378,54.282],[137.096,54.129],[137.258,54.025],[137.155,53.822],[136.886,53.839],[136.683,53.931],[136.797,54.621],[135.852,54.584],[135.258,54.731],[135.263,54.943],[135.541,55.114],[135.751,55.161],[136.175,55.352],[136.46,55.577],[136.794,55.694],[137.692,56.139],[138.074,56.433],[138.218,56.629],[138.662,56.966],[138.966,57.088],[139.182,57.262],[139.444,57.33],[139.862,57.549],[140.002,57.688],[140.447,57.814],[140.685,58.212],[140.988,58.417],[141.347,58.528],[141.755,58.745],[142.025,59],[142.58,59.24],[143.192,59.37],[143.524,59.344],[143.869,59.411],[144.483,59.376],[145.555,59.414],[145.756,59.374],[145.932,59.198],[146.273,59.221],[146.444,59.43],[147.04,59.366],[147.514,59.269],[147.875,59.388],[148.257,59.414],[148.491,59.262],[148.914,59.283],[148.709,59.449],[149.205,59.488],[149.065,59.631],[149.29,59.728],[149.643,59.77],[150.457,59.591],[150.729,59.469],[150.983,59.571],[151.486,59.524],[151.798,59.323],[152.104,59.291],[151.99,59.16],[151.505,59.164],[151.121,59.083],[151.327,58.875],[151.705,58.867],[152.088,58.91],[152.401,59.026],[152.576,58.954],[152.882,58.939],[153.078,59.082],[153.273,59.091],[153.361,59.215],[153.695,59.225],[154.011,59.076],[154.247,59.109],[154.458,59.217],[154.704,59.141],[155.16,59.19],[155.167,59.36],[154.971,59.45],[154.583,59.54],[154.358,59.481],[154.15,59.529],[154.269,59.658],[154.293,59.833],[154.441,59.884],[154.578,60.095],[154.971,60.377],[155.428,60.55],[155.853,60.777],[156.056,60.996],[156.63,61.272],[156.68,61.481],[157.084,61.676],[157.469,61.799],[158.07,61.754],[158.334,61.826],[158.547,61.811],[159.077,61.922],[159.295,61.914],[159.552,61.719],[160.183,61.903],[160.317,61.793],[160.163,61.538],[159.883,61.292],[159.949,61.129],[160.379,61.025],[160.226,60.832],[160.174,60.638],[160.482,60.74],[160.767,60.753],[161.037,60.963],[162.188,61.541],[162.393,61.662],[162.699,61.653],[163.085,61.571],[163.258,61.699],[163.009,61.792],[163.131,62.05],[163.163,62.26],[163.302,62.373],[163.332,62.551],[164.256,62.697],[164.567,62.675],[165.044,62.517],[165.124,62.412],[164.598,62.471],[164.207,62.292],[164.074,62.045],[164.02,61.711],[163.883,61.64],[163.804,61.461],[164.005,61.344],[163.62,61.111],[163.554,61.026],[163.71,60.917],[163.352,60.8],[162.973,60.783],[162.713,60.659],[162.266,60.537],[162.004,60.42],[161.754,60.152],[161.449,60.027],[161.219,59.846],[160.855,59.627],[160.547,59.547],[160.35,59.394],[159.847,59.127],[159.592,58.804],[159.037,58.424],[158.687,58.281],[158.21,58.025],[157.975,57.986],[157.666,58.02],[157.45,57.799],[157.217,57.777],[156.986,57.83],[156.792,57.748],[156.948,57.616],[156.977,57.466],[156.728,57.152],[156.067,56.782],[155.983,56.695],[155.717,56.072],[155.555,55.348],[155.62,54.865],[155.706,54.521],[155.905,53.928],[156.099,53.006],[156.11,52.866],[156.229,52.626],[156.365,52.509],[156.49,51.913],[156.5,51.475],[156.543,51.312],[156.671,51.227],[156.748,50.969],[157.202,51.213],[157.531,51.48],[157.823,51.605],[158.104,51.81],[158.463,52.305],[158.481,52.627],[158.609,52.874],[158.952,53.048],[159.586,53.238],[160.002,53.275],[159.898,53.381],[159.956,53.552],[159.844,53.784],[159.922,54.008],[160.074,54.189],[160.773,54.541],[161.13,54.598],[161.294,54.521],[161.726,54.533],[162.106,54.752],[162.08,54.886],[161.824,55.139],[161.729,55.358],[161.776,55.655],[162.085,56.09],[162.528,56.261],[162.489,56.399],[162.671,56.49],[162.975,56.449],[162.713,56.331],[162.628,56.232],[162.84,56.066],[163.047,56.045],[163.336,56.233],[163.243,56.565],[163.257,56.688],[162.922,56.723],[162.803,56.811],[162.779,57.358],[163.109,57.565],[163.214,57.687],[163.145,57.837],[162.718,57.946],[162.522,57.904],[162.467,57.766],[162.04,57.918],[161.96,58.077],[162.142,58.447],[162.453,58.709],[163.004,59.02],[163.273,59.303],[163.269,59.52],[163.41,59.835],[163.78,60.041],[164.135,59.984],[164.377,60.058],[164.67,59.997],[164.854,59.841],[165.019,59.861],[165.085,60.099],[165.285,60.135],[165.942,60.357],[166.18,60.48],[166.352,60.485],[166.136,59.979],[166.332,59.872],[166.964,60.307],[167.227,60.406],[168.138,60.574],[168.67,60.563],[169.227,60.596],[169.618,60.438],[169.887,60.218],[169.983,60.067],[170.351,59.966],[170.608,60.435],[170.949,60.523],[171.729,60.843],[172.067,60.916],[172.393,61.062],[172.731,61.314],[172.857,61.469],[173.132,61.407],[173.623,61.716],[173.822,61.679],[174.139,61.795],[174.514,61.824],[174.798,61.939],[175.192,62.034],[175.268,62.102],[176.328,62.346],[176.703,62.506],[177.159,62.561],[176.963,62.693],[177.024,62.777],[177.36,62.737],[177.351,62.587],[178.019,62.547],[179.121,62.32],[179.177,62.469],[179.571,62.688],[179.511,62.863],[179.26,63.008],[179.332,63.19],[179.028,63.282],[178.706,63.522],[178.731,63.667],[178.65,63.965],[178.451,64.011],[178.381,64.261],[177.953,64.222],[177.433,64.444],[177.467,64.737],[177.05,64.719],[176.731,64.625],[176.351,64.705],[176.247,64.843],[177.223,64.862],[177.749,64.717],[178.285,64.672],[178.52,64.603],[179.15,64.782],[179.448,64.822],[179.827,65.034],[180,65.067]]]},"properties":{"scalerank":0,"featureclass":"Coastline"}},
{"type":"Feature","geometry":null,"properties":{"scalerank":0,"featureclass":"Coastline"}},
{"type":"Feature","geometry":null,"properties":{"scalerank":0,"featureclass":"Coastline"}},
{"type":"Feature","geometry":null,"properties":{"scalerank":0,"featureclass":"Coastline"}},
{"type":"Feature","geometry":null,"properties":{"scalerank":0,"featureclass":"Coastline"}},
{"type":"Feature","geometry":null,"properties":{"scalerank":0,"featureclass":"Coastline"}},
{"type":"Feature","geometry":null,"properties":{"scalerank":0,"featureclass":"Coastline"}},
{"type":"Feature","geometry":null,"properties":{"scalerank":0,"featureclass":"Coastline"}},
{"type":"Feature","geometry":null,"properties":{"scalerank":0,"featureclass":"Coastline"}},
{"type":"Feature","geometry":null,"properties":{"scalerank":0,"featureclass":"Coastline"}},
{"type":"Feature","geometry":null,"properties":{"scalerank":0,"featureclass":"Coastline"}},
{"type":"Feature","geometry":null,"properties":{"scalerank":0,"featureclass":"Coastline"}},
{"type":"Feature","geometry":null,"properties":{"scalerank":0,"featureclass":"Coastline"}},
{"type":"Feature","geometry":null,"properties":{"scalerank":0,"featureclass":"Coastline"}},
{"type":"Feature","geometry":null,"properties":{"scalerank":0,"featureclass":"Coastline"}},
{"type":"Feature","geometry":null,"properties":{"scalerank":0,"featureclass":"Coastline"}},
{"type":"Feature","geometry":null,"properties":{"scalerank":0,"featureclass":"Coastline"}},
{"type":"Feature","geometry":null,"properties":{"scalerank":0,"featureclass":"Coastline"}},
{"type":"Feature","geometry":null,"properties":{"scalerank":0,"featureclass":"Coastline"}},
{"type":"Feature","geometry":null,"properties":{"scalerank":0,"featureclass":"Coastline"}},
{"type":"Feature","geometry":null,"properties":{"scalerank":0,"featureclass":"Coastline"}},
{"type":"Feature","geometry":null,"properties":{"scalerank":0,"featureclass":"Coastline"}},
{"type":"Feature","geometry":null,"properties":{"scalerank":0,"featureclass":"Coastline"}},
{"type":"Feature","geometry":null,"properties":{"scalerank":0,"featureclass":"Coastline"}},
{"type":"Feature","geometry":null,"properties":{"scalerank":0,"featureclass":"Coastline"}},
{"type":"Feature","geometry":null,"properties":{"scalerank":0,"featureclass":"Coastline"}},
{"type":"Feature","geometry":null,"properties":{"scalerank":0,"featureclass":"Coastline"}},
{"type":"Feature","geometry":null,"properties":{"scalerank":0,"featureclass":"Coastline"}},
{"type":"Feature","geometry":null,"properties":{"scalerank":0,"featureclass":"Coastline"}},
{"type":"Feature","geometry":null,"properties":{"scalerank":0,"featureclass":"Coastline"}},
{"type":"Feature","geometry":null,"properties":{"scalerank":0,"featureclass":"Coastline"}},
{"type":"Feature","geometry":null,"properties":{"scalerank":0,"featureclass":"Coastline"}},
{"type":"Feature","geometry":null,"properties":{"scalerank":0,"featureclass":"Coastline"}},
{"type":"Feature","geometry":null,"properties":{"scalerank":0,"featureclass":"Coastline"}},
{"type":"Feature","geometry":null,"properties":{"scalerank":0,"featureclass":"Coastline"}},
{"type":"Feature","geometry":null,"properties":{"scalerank":0,"featureclass":"Coastline"}},
{"type":"Feature","geometry":null,"properties":{"scalerank":0,"featureclass":"Coastline"}},
{"type":"Feature","geometry":null,"properties":{"scalerank":0,"featureclass":"Coastline"}},
{"type":"Feature","geometry":null,"properties":{"scalerank":0,"featureclass":"Coastline"}},
{"type":"Feature","geometry":null,"properties":{"scalerank":0,"featureclass":"Coastline"}},
{"type":"Feature","geometry":{"type":"LineString","coordinates":[[124.74,37.947],[124.717,37.933]]},"properties":{"scalerank":0,"featureclass":"Coastline"}}
]}